source,config,base,metric,estimator,kind,tau,m,sigma,R,R_rule,psd,clip_pct,plane_norm,rdoq,n_images,qps,bd_psnr_y,bd_psnr_yuv,bd_ssim,bd_ms_ssim,bd_lpips,bd_dists,bd_psnr_rgb,bd_lpips_alex,bd_wd0,bd_wd2,bd_wd4
vvc_rdo_dists_dgnj3_20260831_234926,wdists_dgnj3_tau0.25_rdoq,wdists_dgnj3,dists,gn,diag,0.25,256,3.0,16,m/16 if sigma>0 else 1,none,99.5,per_plane,1,12,"27,32,37,42",21.9749114619561,21.235425578122555,18.82169645808312,20.47220818696262,9.608666941116542,-7.868289047627052,,,8.800256841666988,8.663173828676454,11.674583799500004
vvc_rdo_dists_dgnj3_20260831_234926,wdists_dgnj3_tau0.5_rdoq,wdists_dgnj3,dists,gn,diag,0.5,256,3.0,16,m/16 if sigma>0 else 1,none,99.5,per_plane,1,12,"27,32,37,42",12.319686835834423,11.863618834312717,9.505536929450143,10.890728762535963,4.275600606026193,-10.652292861107147,,,3.6651710149740695,3.4916895613356895,5.5797676919579375
vvc_rdo_dists_dgnj3_20260831_234926,wdists_dgnj3_tau1_rdoq,wdists_dgnj3,dists,gn,diag,1,256,3.0,16,m/16 if sigma>0 else 1,none,99.5,per_plane,1,12,"27,32,37,42",6.431356570084365,6.075737989846428,4.319983401374499,5.193792810258095,0.8467879341352328,-9.003182165759265,,,-0.041933174727574664,-0.2933968692495468,0.8693599921471663
vvc_rdo_dists_dgnj3_20260831_234926,wdists_dgnj3_tau2_rdoq,wdists_dgnj3,dists,gn,diag,2,256,3.0,16,m/16 if sigma>0 else 1,none,99.5,per_plane,1,12,"27,32,37,42",3.158957817071918,2.8474099395271275,1.8575033116124933,2.4272656521734937,-0.14030469522795141,-7.675592643132728,,,-1.5981142755254865,-1.846740159408392,-1.262088485997694
vvc_rdo_ms_ssim_mn256_20260901_111945,wms_ssim_mn256_tau0.25_rdoq,wms_ssim_mn256,ms_ssim,hutch,diag,0.25,256,0.0,1,m/16 if sigma>0 else 1,none,99.5,per_plane,1,12,"27,32,37,42",10.207779465111818,8.357261084691146,-14.524729528154827,-13.783674780397286,-10.366281023016372,-0.1653240612041215,,,,,
vvc_rdo_ssim_sn256_20260901_104937,wssim_sn256_tau0.25_rdoq,wssim_sn256,ssim,hutch,diag,0.25,256,0.0,1,m/16 if sigma>0 else 1,none,99.5,per_plane,1,12,"27,32,37,42",10.804745082722162,9.059322962415614,-13.87505674030839,-13.245766374304205,-8.754755061523312,0.801548577657259,,,,,
vvc_rdo_ssim_sn256_20260904_005114,wssim_sn256_tau0.25_rdoq,wssim_sn256,ssim,hutch,diag,0.25,256,0.0,1,m/16 if sigma>0 else 1,none,99.5,per_plane,1,24,"22,27,32,37",9.194917191617343,7.330870594454421,-12.752620143514639,-10.140304861625754,-7.6700691867805615,1.0552979381188659,4.26772522721279,-8.877861429420316,,,
vvc_rdo_ssim_sn256_20260904_005114,wssim_sn256_tau0.5_rdoq,wssim_sn256,ssim,hutch,diag,0.5,256,0.0,1,m/16 if sigma>0 else 1,none,99.5,per_plane,1,24,"22,27,32,37",4.707947397592236,3.5225565805231063,-10.555278222019398,-8.526846975852349,-6.021637086391824,0.45744509211686957,1.587942793020688,-7.410937802655648,,,
vvc_rdo_ssim_sn256_20260904_005114,wssim_sn256_tau1_rdoq,wssim_sn256,ssim,hutch,diag,1,256,0.0,1,m/16 if sigma>0 else 1,none,99.5,per_plane,1,24,"22,27,32,37",2.0900411423771295,1.3560608962226322,-7.920567327549638,-6.507079828993763,-5.157378317926461,-1.7611685810009483,0.17375945755658218,-5.670298430556858,,,
vvc_rdo_ssim_sn256_20260904_005114,wssim_sn256_tau2_rdoq,wssim_sn256,ssim,hutch,diag,2,256,0.0,1,m/16 if sigma>0 else 1,none,99.5,per_plane,1,24,"22,27,32,37",0.8021157111582818,0.37550766797352364,-5.4170076325063645,-4.514561724025474,-3.470786231739091,-1.5939209605405573,-0.333843782669969,-4.267713509266408,,,
vvc_rdo_ssim_sn256_20260904_005114,wssim_sn256_tau3_rdoq,wssim_sn256,ssim,hutch,diag,3,256,0.0,1,m/16 if sigma>0 else 1,none,99.5,per_plane,1,24,"22,27,32,37",0.4412940808189667,0.17147093982721184,-4.1288134264924325,-3.442645777266327,-2.902103949577319,-1.2891677539078517,-0.25267186915949036,-3.1173060207752266,,,
vvc_rdo_ssim_sn256_20260904_005114,wssim_sn256_tau4_rdoq,wssim_sn256,ssim,hutch,diag,4,256,0.0,1,m/16 if sigma>0 else 1,none,99.5,per_plane,1,24,"22,27,32,37",0.3115048643176928,0.07871569670981303,-3.3473555721392962,-2.81294565901016,-2.1690158954001855,-1.1479732501836517,-0.30179167620394504,-2.35932955017563,,,
vvc_rdo_ssim_sn256_20260904_005114,wssim_sn256_tau6_rdoq,wssim_sn256,ssim,hutch,diag,6,256,0.0,1,m/16 if sigma>0 else 1,none,99.5,per_plane,1,24,"22,27,32,37",0.1526513981205004,0.00021077785129173612,-2.504660201004818,-2.074415116612286,-1.597148588264582,-0.923764727446533,-0.23858266151056315,-1.8006299922216582,,,
vvc_rdo_ssim_sbh8m256_20260903_180325,wssim_sbh8m256_tau1_rdoq,wssim_sbh8m256,ssim,hutchblock,block,1,256,0.0,1,m/16 if sigma>0 else 1,none,99.5,per_plane,1,24,"22,27,32,37",10.765401431640896,9.865949332435873,-25.855209001093385,-8.473031159840076,-1.824255617805182,2.32708315403386,8.524925625709686,-0.5754783174727339,,,
vvc_rdo_ssim_sbh8m256_20260903_180325,wssim_sbh8m256_tau2_rdoq,wssim_sbh8m256,ssim,hutchblock,block,2,256,0.0,1,m/16 if sigma>0 else 1,none,99.5,per_plane,1,24,"22,27,32,37",5.404681208840848,4.976930866538953,-21.258338228965485,-8.13849152641593,-3.124442883802644,0.7201377290079817,4.380397130214534,-1.5887273469037357,,,
vvc_rdo_ssim_sbh8m256_20260903_180325,wssim_sbh8m256_tau4_rdoq,wssim_sbh8m256,ssim,hutchblock,block,4,256,0.0,1,m/16 if sigma>0 else 1,none,99.5,per_plane,1,24,"22,27,32,37",2.311399642163223,2.166309486340886,-16.045454313449376,-6.943123367738797,-3.3225671059623223,-1.1734697753011005,1.985234039910357,-1.987195931578061,,,
vvc_rdo_ssim_sbh8m256_20260904_060908,wssim_sbh8m256_tau0.25_rdoq,wssim_sbh8m256,ssim,hutchblock,block,0.25,256,0.0,1,m/16 if sigma>0 else 1,none,99.5,per_plane,1,24,"22,27,32,37",33.6355649381819,30.53962550042631,-31.725299957614975,-4.880980251107467,4.2962554149113386,12.451238435767047,25.746581013267363,5.8384524246177305,,,
vvc_rdo_ssim_sbh8m256_20260904_060908,wssim_sbh8m256_tau0.5_rdoq,wssim_sbh8m256,ssim,hutchblock,block,0.5,256,0.0,1,m/16 if sigma>0 else 1,none,99.5,per_plane,1,24,"22,27,32,37",19.688852313637696,17.97470702957524,-29.520980588869165,-7.375030762274072,0.7123789526363487,6.6629903009603195,15.359617526145485,2.478085565801221,,,
vvc_rdo_ssim_sbh8m256_20260904_060908,wssim_sbh8m256_tau1_rdoq,wssim_sbh8m256,ssim,hutchblock,block,1,256,0.0,1,m/16 if sigma>0 else 1,none,99.5,per_plane,1,24,"22,27,32,37",10.765401431640896,9.865949332435873,-25.855209001093385,-8.473031159840076,-1.824255617805182,2.32708315403386,8.524925625709686,-0.5754783174727339,,,
vvc_rdo_ssim_sbh8m256_20260904_060908,wssim_sbh8m256_tau2_rdoq,wssim_sbh8m256,ssim,hutchblock,block,2,256,0.0,1,m/16 if sigma>0 else 1,none,99.5,per_plane,1,24,"22,27,32,37",5.404681208840848,4.976930866538953,-21.258338228965485,-8.13849152641593,-3.124442883802644,0.7201377290079817,4.380397130214534,-1.5887273469037357,,,
vvc_rdo_ssim_sbh8m256_20260904_060908,wssim_sbh8m256_tau3_rdoq,wssim_sbh8m256,ssim,hutchblock,block,3,256,0.0,1,m/16 if sigma>0 else 1,none,99.5,per_plane,1,24,"22,27,32,37",3.4157922658161213,3.1540071818567825,-18.26499413344921,-7.572765083383387,-3.5804221732670527,-0.8933399232166245,2.7991224545014006,-1.7772263192284685,,,
vvc_rdo_ssim_sbh8m256_20260904_060908,wssim_sbh8m256_tau4_rdoq,wssim_sbh8m256,ssim,hutchblock,block,4,256,0.0,1,m/16 if sigma>0 else 1,none,99.5,per_plane,1,24,"22,27,32,37",2.311399642163223,2.166309486340886,-16.045454313449376,-6.943123367738797,-3.3225671059623223,-1.1734697753011005,1.985234039910357,-1.987195931578061,,,
vvc_rdo_ssim_sbh8m256_20260904_060908,wssim_sbh8m256_tau6_rdoq,wssim_sbh8m256,ssim,hutchblock,block,6,256,0.0,1,m/16 if sigma>0 else 1,none,99.5,per_plane,1,24,"22,27,32,37",1.3285463320472581,1.2405541781500855,-13.018296480914335,-5.823559781025563,-3.1879209529371573,-1.1946086058862522,1.1571781148162013,-1.6556000822366856,,,
vvc_rdo_ssim_sn256_20260904_061207,wssim_sn256_tau0.25_rdoq,wssim_sn256,ssim,hutch,diag,0.25,256,0.0,1,m/16 if sigma>0 else 1,none,99.5,per_plane,1,24,"22,27,32,37",9.194917191617343,7.330870594454421,-12.752620143514639,-10.140304861625754,-7.6700691867805615,1.0552979381188659,4.26772522721279,-8.877861429420316,,,
vvc_rdo_ssim_sn256_20260904_061207,wssim_sn256_tau0.5_rdoq,wssim_sn256,ssim,hutch,diag,0.5,256,0.0,1,m/16 if sigma>0 else 1,none,99.5,per_plane,1,24,"22,27,32,37",4.707947397592236,3.5225565805231063,-10.555278222019398,-8.526846975852349,-6.021637086391824,0.45744509211686957,1.587942793020688,-7.410937802655648,,,
vvc_rdo_ssim_sn256_20260904_061207,wssim_sn256_tau1_rdoq,wssim_sn256,ssim,hutch,diag,1,256,0.0,1,m/16 if sigma>0 else 1,none,99.5,per_plane,1,24,"22,27,32,37",2.0900411423771295,1.3560608962226322,-7.920567327549638,-6.507079828993763,-5.157378317926461,-1.7611685810009483,0.17375945755658218,-5.670298430556858,,,
vvc_rdo_ssim_sn256_20260904_061207,wssim_sn256_tau2_rdoq,wssim_sn256,ssim,hutch,diag,2,256,0.0,1,m/16 if sigma>0 else 1,none,99.5,per_plane,1,24,"22,27,32,37",0.8021157111582818,0.37550766797352364,-5.4170076325063645,-4.514561724025474,-3.470786231739091,-1.5939209605405573,-0.333843782669969,-4.267713509266408,,,
vvc_rdo_ssim_sn256_20260904_061207,wssim_sn256_tau3_rdoq,wssim_sn256,ssim,hutch,diag,3,256,0.0,1,m/16 if sigma>0 else 1,none,99.5,per_plane,1,24,"22,27,32,37",0.4412940808189667,0.17147093982721184,-4.1288134264924325,-3.442645777266327,-2.902103949577319,-1.2891677539078517,-0.25267186915949036,-3.1173060207752266,,,
vvc_rdo_ssim_sn256_20260904_061207,wssim_sn256_tau4_rdoq,wssim_sn256,ssim,hutch,diag,4,256,0.0,1,m/16 if sigma>0 else 1,none,99.5,per_plane,1,24,"22,27,32,37",0.3115048643176928,0.07871569670981303,-3.3473555721392962,-2.81294565901016,-2.1690158954001855,-1.1479732501836517,-0.30179167620394504,-2.35932955017563,,,
vvc_rdo_ssim_sn256_20260904_061207,wssim_sn256_tau6_rdoq,wssim_sn256,ssim,hutch,diag,6,256,0.0,1,m/16 if sigma>0 else 1,none,99.5,per_plane,1,24,"22,27,32,37",0.1526513981205004,0.00021077785129173612,-2.504660201004818,-2.074415116612286,-1.597148588264582,-0.923764727446533,-0.23858266151056315,-1.8006299922216582,,,
vvc_rdo_ssim_sbh8m256_20260904_000927,wssim_sbh8m256_tau0.25_rdoq,wssim_sbh8m256,ssim,hutchblock,block,0.25,256,0.0,1,m/16 if sigma>0 else 1,none,99.5,per_plane,1,24,"22,27,32,37",33.6355649381819,30.53962550042631,-31.725299957614975,-4.880980251107467,4.2962554149113386,12.451238435767047,25.746581013267363,5.8384524246177305,,,
vvc_rdo_ssim_sbh8m256_20260904_000927,wssim_sbh8m256_tau0.5_rdoq,wssim_sbh8m256,ssim,hutchblock,block,0.5,256,0.0,1,m/16 if sigma>0 else 1,none,99.5,per_plane,1,24,"22,27,32,37",19.688852313637696,17.97470702957524,-29.520980588869165,-7.375030762274072,0.7123789526363487,6.6629903009603195,15.359617526145485,2.478085565801221,,,
vvc_rdo_ssim_sbh8m256_20260904_000927,wssim_sbh8m256_tau1_rdoq,wssim_sbh8m256,ssim,hutchblock,block,1,256,0.0,1,m/16 if sigma>0 else 1,none,99.5,per_plane,1,24,"22,27,32,37",10.765401431640896,9.865949332435873,-25.855209001093385,-8.473031159840076,-1.824255617805182,2.32708315403386,8.524925625709686,-0.5754783174727339,,,
vvc_rdo_ssim_sbh8m256_20260904_000927,wssim_sbh8m256_tau2_rdoq,wssim_sbh8m256,ssim,hutchblock,block,2,256,0.0,1,m/16 if sigma>0 else 1,none,99.5,per_plane,1,24,"22,27,32,37",5.404681208840848,4.976930866538953,-21.258338228965485,-8.13849152641593,-3.124442883802644,0.7201377290079817,4.380397130214534,-1.5887273469037357,,,
vvc_rdo_ssim_sbh8m256_20260904_000927,wssim_sbh8m256_tau3_rdoq,wssim_sbh8m256,ssim,hutchblock,block,3,256,0.0,1,m/16 if sigma>0 else 1,none,99.5,per_plane,1,24,"22,27,32,37",3.4157922658161213,3.1540071818567825,-18.26499413344921,-7.572765083383387,-3.5804221732670527,-0.8933399232166245,2.7991224545014006,-1.7772263192284685,,,
vvc_rdo_ssim_sbh8m256_20260904_000927,wssim_sbh8m256_tau4_rdoq,wssim_sbh8m256,ssim,hutchblock,block,4,256,0.0,1,m/16 if sigma>0 else 1,none,99.5,per_plane,1,24,"22,27,32,37",2.311399642163223,2.166309486340886,-16.045454313449376,-6.943123367738797,-3.3225671059623223,-1.1734697753011005,1.985234039910357,-1.987195931578061,,,
vvc_rdo_ssim_sbh8m256_20260904_000927,wssim_sbh8m256_tau6_rdoq,wssim_sbh8m256,ssim,hutchblock,block,6,256,0.0,1,m/16 if sigma>0 else 1,none,99.5,per_plane,1,24,"22,27,32,37",1.3285463320472581,1.2405541781500855,-13.018296480914335,-5.823559781025563,-3.1879209529371573,-1.1946086058862522,1.1571781148162013,-1.6556000822366856,,,
vvc_rdo_ssim_sn256_20260903_182139,wssim_sn256_tau0.25_rdoq,wssim_sn256,ssim,hutch,diag,0.25,256,0.0,1,m/16 if sigma>0 else 1,none,99.5,per_plane,1,24,"22,27,32,37",9.194917191617343,7.330870594454421,-12.752620143514639,-10.140304861625754,-7.6700691867805615,1.0552979381188659,4.26772522721279,-8.877861429420316,,,
vvc_rdo_ssim_sn256_20260903_182139,wssim_sn256_tau0.5_rdoq,wssim_sn256,ssim,hutch,diag,0.5,256,0.0,1,m/16 if sigma>0 else 1,none,99.5,per_plane,1,24,"22,27,32,37",4.707947397592236,3.5225565805231063,-10.555278222019398,-8.526846975852349,-6.021637086391824,0.45744509211686957,1.587942793020688,-7.410937802655648,,,
vvc_rdo_ssim_sn256_20260903_182139,wssim_sn256_tau1_rdoq,wssim_sn256,ssim,hutch,diag,1,256,0.0,1,m/16 if sigma>0 else 1,none,99.5,per_plane,1,24,"22,27,32,37",2.0900411423771295,1.3560608962226322,-7.920567327549638,-6.507079828993763,-5.157378317926461,-1.7611685810009483,0.17375945755658218,-5.670298430556858,,,
vvc_rdo_dists_dgnj3_20260903_224130,wdists_dgnj3_tau1_rdoq,wdists_dgnj3,dists,gn,diag,1,256,3.0,16,m/16 if sigma>0 else 1,none,99.5,per_plane,1,24,"22,27,32,37",4.99090335490451,4.684399571604309,2.8807724672144417,2.6436641720838914,0.36049931442504907,-10.17219476068657,4.197419086320454,3.041493424083933,,,
vvc_rdo_lpips_gnb8_20260903_203955,wlpips_gnb8_tau0.5_rdoq,wlpips_gnb8,lpips,gnblock,block,0.5,256,0.0,1,m/16 if sigma>0 else 1,none,99.5,per_plane,1,24,"22,27,32,37",14.704345048109507,13.26288674313591,2.2972752143279878,2.521465980877301,-10.965952030332277,-6.690448679240258,10.572993998907585,-9.886847581538456,,,
vvc_rdo_lpips_gnb8_20260903_203955,wlpips_gnb8_tau1_rdoq,wlpips_gnb8,lpips,gnblock,block,1,256,0.0,1,m/16 if sigma>0 else 1,none,99.5,per_plane,1,24,"22,27,32,37",7.785054718769711,6.9213736665452075,0.39599082633792015,0.5057816875905794,-10.321556619841013,-8.228434402969826,5.272140414405847,-9.30169009006576,,,
vvc_rdo_lpips_gnb8_20260903_203955,wlpips_gnb8_tau2_rdoq,wlpips_gnb8,lpips,gnblock,block,2,256,0.0,1,m/16 if sigma>0 else 1,none,99.5,per_plane,1,24,"22,27,32,37",3.7296147707473004,3.226038870413196,-0.41864475403900436,-0.528522430499168,-8.562209355242219,-6.815600922558839,2.199447032920195,-7.673180498344283,,,
vvc_rdo_lpips_gnb8_20260904_062345,wlpips_gnb8_tau0.25_rdoq,wlpips_gnb8,lpips,gnblock,block,0.25,256,0.0,1,m/16 if sigma>0 else 1,none,99.5,per_plane,1,24,"22,27,32,37",26.078515108529643,23.671733406084797,6.261952957005962,6.586062118442044,-11.512595354781212,-6.486680790895782,19.26845409575098,-9.800309828066542,,,
vvc_rdo_lpips_gnb8_20260904_062345,wlpips_gnb8_tau0.5_rdoq,wlpips_gnb8,lpips,gnblock,block,0.5,256,0.0,1,m/16 if sigma>0 else 1,none,99.5,per_plane,1,24,"22,27,32,37",14.704345048109507,13.26288674313591,2.2972752143279878,2.521465980877301,-10.965952030332277,-6.690448679240258,10.572993998907585,-9.886847581538456,,,
vvc_rdo_lpips_gnb8_20260904_062345,wlpips_gnb8_tau1_rdoq,wlpips_gnb8,lpips,gnblock,block,1,256,0.0,1,m/16 if sigma>0 else 1,none,99.5,per_plane,1,24,"22,27,32,37",7.785054718769711,6.9213736665452075,0.39599082633792015,0.5057816875905794,-10.321556619841013,-8.228434402969826,5.272140414405847,-9.30169009006576,,,
vvc_rdo_lpips_gnb8_20260904_062345,wlpips_gnb8_tau2_rdoq,wlpips_gnb8,lpips,gnblock,block,2,256,0.0,1,m/16 if sigma>0 else 1,none,99.5,per_plane,1,24,"22,27,32,37",3.7296147707473004,3.226038870413196,-0.41864475403900436,-0.528522430499168,-8.562209355242219,-6.815600922558839,2.199447032920195,-7.673180498344283,,,
vvc_rdo_lpips_gnb8_20260904_062345,wlpips_gnb8_tau3_rdoq,wlpips_gnb8,lpips,gnblock,block,3,256,0.0,1,m/16 if sigma>0 else 1,none,99.5,per_plane,1,24,"22,27,32,37",2.3600640041044665,1.9700225046950965,-0.7519832471597798,-0.8998623071370492,-7.435144332344532,-6.229035054910057,1.2071294190383988,-6.604260845036556,,,
vvc_rdo_lpips_gnb8_20260904_062345,wlpips_gnb8_tau4_rdoq,wlpips_gnb8,lpips,gnblock,block,4,256,0.0,1,m/16 if sigma>0 else 1,none,99.5,per_plane,1,24,"22,27,32,37",1.6814098272495024,1.3464325961436152,-0.9182224789831697,-0.9962186045410949,-6.54729181395972,-6.086246816714225,0.6530545473844042,-5.95899151683425,,,
vvc_rdo_lpips_gnb8_20260904_062345,wlpips_gnb8_tau6_rdoq,wlpips_gnb8,lpips,gnblock,block,6,256,0.0,1,m/16 if sigma>0 else 1,none,99.5,per_plane,1,24,"22,27,32,37",1.0149918659319155,0.792360940574043,-0.9170916805673923,-0.9559264525565894,-5.025397483682489,-4.352313494221886,0.3278440804065387,-4.800401352951078,,,
vvc_rdo_ssim_sbh8m256_20260904_113923,wssim_sbh8m256_tau1_rdoq,wssim_sbh8m256,ssim,hutchblock,block,1,256,0.0,1,m/16 if sigma>0 else 1,none,99.5,per_plane,1,24,"22,27,32,37",10.765401431640896,9.865949332435873,-25.855209001093385,-8.473031159840076,-1.824255617805182,2.32708315403386,8.524925625709686,-0.5754783174727339,,,
vvc_rdo_ssim_sbh8m256_20260904_113923,wssim_sbh8m256_tau2_rdoq,wssim_sbh8m256,ssim,hutchblock,block,2,256,0.0,1,m/16 if sigma>0 else 1,none,99.5,per_plane,1,24,"22,27,32,37",5.404681208840848,4.976930866538953,-21.258338228965485,-8.13849152641593,-3.124442883802644,0.7201377290079817,4.380397130214534,-1.5887273469037357,,,
vvc_rdo_ssim_sbh8m256_20260904_113923,wssim_sbh8m256_tau4_rdoq,wssim_sbh8m256,ssim,hutchblock,block,4,256,0.0,1,m/16 if sigma>0 else 1,none,99.5,per_plane,1,24,"22,27,32,37",2.311399642163223,2.166309486340886,-16.045454313449376,-6.943123367738797,-3.3225671059623223,-1.1734697753011005,1.985234039910357,-1.987195931578061,,,
vvc_rdo_ssim_sn256_20260904_114139,wssim_sn256_tau0.25_rdoq,wssim_sn256,ssim,hutch,diag,0.25,256,0.0,1,m/16 if sigma>0 else 1,none,99.5,per_plane,1,24,"22,27,32,37",9.194917191617343,7.330870594454421,-12.752620143514639,-10.140304861625754,-7.6700691867805615,1.0552979381188659,4.26772522721279,-8.877861429420316,,,
vvc_rdo_ssim_sn256_20260904_114139,wssim_sn256_tau0.5_rdoq,wssim_sn256,ssim,hutch,diag,0.5,256,0.0,1,m/16 if sigma>0 else 1,none,99.5,per_plane,1,24,"22,27,32,37",4.707947397592236,3.5225565805231063,-10.555278222019398,-8.526846975852349,-6.021637086391824,0.45744509211686957,1.587942793020688,-7.410937802655648,,,
vvc_rdo_ssim_sn256_20260904_114139,wssim_sn256_tau1_rdoq,wssim_sn256,ssim,hutch,diag,1,256,0.0,1,m/16 if sigma>0 else 1,none,99.5,per_plane,1,24,"22,27,32,37",2.0900411423771295,1.3560608962226322,-7.920567327549638,-6.507079828993763,-5.157378317926461,-1.7611685810009483,0.17375945755658218,-5.670298430556858,,,
vvc_rdo_lpips_gnb8_20260904_115039,wlpips_gnb8_tau0.5_rdoq,wlpips_gnb8,lpips,gnblock,block,0.5,256,0.0,1,m/16 if sigma>0 else 1,none,99.5,per_plane,1,24,"22,27,32,37",14.704345048109507,13.26288674313591,2.2972752143279878,2.521465980877301,-10.965952030332277,-6.690448679240258,10.572993998907585,-9.886847581538456,,,
vvc_rdo_lpips_gnb8_20260904_115039,wlpips_gnb8_tau1_rdoq,wlpips_gnb8,lpips,gnblock,block,1,256,0.0,1,m/16 if sigma>0 else 1,none,99.5,per_plane,1,24,"22,27,32,37",7.785054718769711,6.9213736665452075,0.39599082633792015,0.5057816875905794,-10.321556619841013,-8.228434402969826,5.272140414405847,-9.30169009006576,,,
vvc_rdo_lpips_gnb8_20260904_115039,wlpips_gnb8_tau2_rdoq,wlpips_gnb8,lpips,gnblock,block,2,256,0.0,1,m/16 if sigma>0 else 1,none,99.5,per_plane,1,24,"22,27,32,37",3.7296147707473004,3.226038870413196,-0.41864475403900436,-0.528522430499168,-8.562209355242219,-6.815600922558839,2.199447032920195,-7.673180498344283,,,
vvc_rdo_ms_ssim_mn256_20260904_123540,wms_ssim_mn256_tau0.25_rdoq,wms_ssim_mn256,ms_ssim,hutch,diag,0.25,256,0.0,1,m/16 if sigma>0 else 1,none,99.5,per_plane,1,24,"22,27,32,37",8.98803224892867,7.033784153493765,-12.176795341314387,-12.338512096184294,-9.365678303003564,-3.6310429977986955,3.8530641322657377,-9.554396785892164,,,
vvc_rdo_ms_ssim_mn256_20260904_123540,wms_ssim_mn256_tau0.5_rdoq,wms_ssim_mn256,ms_ssim,hutch,diag,0.5,256,0.0,1,m/16 if sigma>0 else 1,none,99.5,per_plane,1,24,"22,27,32,37",4.372093384768629,3.1076682238455184,-10.133896730632758,-9.925933925347598,-7.916553023304321,-4.097108659821832,1.0470233766596517,-7.86442277686659,,,
vvc_rdo_ms_ssim_mn256_20260904_123540,wms_ssim_mn256_tau1_rdoq,wms_ssim_mn256,ms_ssim,hutch,diag,1,256,0.0,1,m/16 if sigma>0 else 1,none,99.5,per_plane,1,24,"22,27,32,37",1.9028992714312205,1.1121480755105078,-7.5774555320054455,-7.290365141370315,-5.822836049170635,-3.234850554335679,-0.18559711803743287,-5.743523414676493,,,
vvc_rdo_ms_ssim_mbh8m256_20260904_132717,wms_ssim_mbh8m256_tau0.5_rdoq,wms_ssim_mbh8m256,ms_ssim,hutchblock,block,0.5,256,0.0,1,m/16 if sigma>0 else 1,none,99.5,per_plane,1,24,"22,27,32,37",10.9994628272823,9.658804985285945,-16.048945715569992,-18.470976423843855,-7.1016774788604,-2.4322493418198383,7.588824438576041,-5.746152735324588,,,
vvc_rdo_ms_ssim_mbh8m256_20260904_132717,wms_ssim_mbh8m256_tau1_rdoq,wms_ssim_mbh8m256,ms_ssim,hutchblock,block,1,256,0.0,1,m/16 if sigma>0 else 1,none,99.5,per_plane,1,24,"22,27,32,37",5.63918821147815,4.943292202207288,-13.856220912335273,-15.402483337951258,-6.74670769466703,-3.82532431139493,3.879223280260765,-4.810272969837436,,,
vvc_rdo_ms_ssim_mbh8m256_20260904_132717,wms_ssim_mbh8m256_tau2_rdoq,wms_ssim_mbh8m256,ms_ssim,hutchblock,block,2,256,0.0,1,m/16 if sigma>0 else 1,none,99.5,per_plane,1,24,"22,27,32,37",2.5279807360877946,2.176718296276263,-10.863380195691798,-11.860937294675415,-5.499632969643026,-3.365348454836102,1.6850368064455783,-4.06803428052174,,,
vvc_rdo_lpips_gnj3_20260905_094405,wlpips_gnj3_tau0.5_rdoq,wlpips_gnj3,lpips,gn,diag,0.5,256,3.0,16,m/16 if sigma>0 else 1,none,99.5,per_plane,1,24,"22,27,32,37",4.144074040261964,4.012455313411787,-10.726665825432212,-8.941032520376119,-9.292040832043137,-3.9200508062157233,3.6714469152500224,-7.650131411669848,,,
vvc_rdo_lpips_gnj3_20260906_084444,wlpips_gnj3_tau0.25_rdoq,wlpips_gnj3,lpips,gn,diag,0.25,256,3.0,16,m/16 if sigma>0 else 1,none,99.5,per_plane,1,24,"22,27,32,37",8.767959956224987,8.343533984280965,-12.822357692996263,-10.556828067183005,-11.402228753522278,-3.7524910360909174,7.498323291731847,-9.24821234532096,-6.77863210962222,-8.409019626410222,-11.53551449455879
vvc_rdo_lpips_gnj3_20260906_084444,wlpips_gnj3_tau0.5_rdoq,wlpips_gnj3,lpips,gn,diag,0.5,256,3.0,16,m/16 if sigma>0 else 1,none,99.5,per_plane,1,24,"22,27,32,37",4.144074040261964,4.012455313411787,-10.726665825432212,-8.941032520376119,-9.292040832043137,-3.9200508062157233,3.6714469152500224,-7.650131411669848,-5.96249518393698,-7.1097282128964565,-9.44706581080945
vvc_rdo_lpips_gnj3_20260906_084444,wlpips_gnj3_tau1_rdoq,wlpips_gnj3,lpips,gn,diag,1,256,3.0,16,m/16 if sigma>0 else 1,none,99.5,per_plane,1,24,"22,27,32,37",1.6233730834332512,1.610631005595837,-7.883331177005907,-6.695164098279264,-6.923235092320017,-2.8548042487598355,1.492827498805661,-5.7667359738902775,-4.688563047978822,-5.46724154596573,-7.146228621897353
vvc_rdo_lpips_gnj3_20260906_084444,wlpips_gnj3_tau2_rdoq,wlpips_gnj3,lpips,gn,diag,2,256,3.0,16,m/16 if sigma>0 else 1,none,99.5,per_plane,1,24,"22,27,32,37",0.507320139584333,0.47717532316560174,-5.383057744222017,-4.595114163577933,-4.830356280977567,-2.9763407563047237,0.366045340430593,-4.3779411180201455,-3.5941340791700562,-4.128754094135858,-5.371353840774236
vvc_rdo_lpips_gnj3_20260906_084444,wlpips_gnj3_tau3_rdoq,wlpips_gnj3,lpips,gn,diag,3,256,3.0,16,m/16 if sigma>0 else 1,none,99.5,per_plane,1,24,"22,27,32,37",0.2475798300950932,0.23463237237033815,-4.071827198748479,-3.478863857255586,-3.9627762003144595,-2.510623801841591,0.15400197409169056,-3.200843535005564,-2.7783202759820065,-3.1912281470674704,-4.141869039589879
vvc_rdo_lpips_gnj3_20260906_084444,wlpips_gnj3_tau4_rdoq,wlpips_gnj3,lpips,gn,diag,4,256,3.0,16,m/16 if sigma>0 else 1,none,99.5,per_plane,1,24,"22,27,32,37",0.11953591276072373,0.12154670111446293,-3.3624466613209383,-2.926772596979484,-3.166581171173488,-1.8203608323434335,0.0975869162805551,-2.6358837985782206,-2.182738390479507,-2.4964846978806787,-3.190252940176753
vvc_rdo_lpips_gnj3_20260906_084444,wlpips_gnj3_tau6_rdoq,wlpips_gnj3,lpips,gn,diag,6,256,3.0,16,m/16 if sigma>0 else 1,none,99.5,per_plane,1,24,"22,27,32,37",0.05051002161824599,0.05668265747001781,-2.507994686157175,-2.1344663573704437,-2.2181089704868606,-1.164940809268028,0.04408245320131713,-1.9561547175663188,-1.70224672088598,-1.9513855001471196,-2.5345239328537765
vvc_rdo_dists_dgnj3_20260906_103248,wdists_dgnj3_tau0.25_rdoq,wdists_dgnj3,dists,gn,diag,0.25,256,3.0,16,m/16 if sigma>0 else 1,none,99.5,per_plane,1,24,"22,27,32,37",18.23430636287515,17.280454523203364,14.226439179959172,13.258901448870128,6.836201465232691,-10.705993976858286,15.781018439378542,13.773760546386915,5.557766576325991,4.943473710699165,6.674594526943072
vvc_rdo_dists_dgnj3_20260906_103248,wdists_dgnj3_tau0.5_rdoq,wdists_dgnj3,dists,gn,diag,0.5,256,3.0,16,m/16 if sigma>0 else 1,none,99.5,per_plane,1,24,"22,27,32,37",9.889857978354081,9.372704032553706,6.838630336417949,6.444520845919617,2.925309506259381,-11.631014966579153,8.614336435579078,7.382167744411852,1.874920265536329,1.4431116623303444,2.6487199329118436
vvc_rdo_dists_dgnj3_20260906_103248,wdists_dgnj3_tau1_rdoq,wdists_dgnj3,dists,gn,diag,1,256,3.0,16,m/16 if sigma>0 else 1,none,99.5,per_plane,1,24,"22,27,32,37",4.99090335490451,4.684399571604309,2.8807724672144417,2.6436641720838914,0.36049931442504907,-10.17219476068657,4.197419086320454,3.041493424083933,-0.46419250117266425,-0.8193726564781855,-0.06012038581120301
vvc_rdo_dists_dgnj3_20260906_103248,wdists_dgnj3_tau2_rdoq,wdists_dgnj3,dists,gn,diag,2,256,3.0,16,m/16 if sigma>0 else 1,none,99.5,per_plane,1,24,"22,27,32,37",2.394101815230142,2.1636595689908584,1.1610104997106536,0.9200533136594498,-0.8245002559521986,-8.913259888138233,1.7898753525148592,0.6893585578058771,-1.501551493357013,-1.8014676150097582,-1.5147706109223495
vvc_rdo_dists_dgnj3_20260906_103248,wdists_dgnj3_tau3_rdoq,wdists_dgnj3,dists,gn,diag,3,256,3.0,16,m/16 if sigma>0 else 1,none,99.5,per_plane,1,24,"22,27,32,37",1.4754199750838526,1.2893798590187717,0.45766075207399054,0.2537121094214519,-1.1192127663583316,-7.826094389117792,0.9749158977658544,0.12314969329259344,-1.6189634816770442,-1.8772987814593707,-1.71755835466681
vvc_rdo_dists_dgnj3_20260906_103248,wdists_dgnj3_tau4_rdoq,wdists_dgnj3,dists,gn,diag,4,256,3.0,16,m/16 if sigma>0 else 1,none,99.5,per_plane,1,24,"22,27,32,37",1.035859776619369,0.8630393237239834,0.1808306947752867,0.05160302706752099,-1.1501606114317682,-6.841194057049294,0.5578250599441378,-0.16335247366203035,-1.6166932787914465,-1.8479638811508021,-1.7133955431335128
vvc_rdo_dists_dgnj3_20260906_103248,wdists_dgnj3_tau6_rdoq,wdists_dgnj3,dists,gn,diag,6,256,3.0,16,m/16 if sigma>0 else 1,none,99.5,per_plane,1,24,"22,27,32,37",0.6211612051370099,0.4981129404816662,0.03765880524475851,-0.08820511748525162,-1.2127407171489313,-6.105783796517699,0.30025042986880685,-0.543433887735717,-1.4589037963732474,-1.6487605918683548,-1.6130552532505174
vvc_rdo_wd_gn_20260906_142421,wwd_gn_tau0.25_rdoq,wwd_gn,wd,gn,diag,0.25,256,0.0,1,m/16 if sigma>0 else 1,none,99.5,per_plane,1,24,"22,27,32,37",5.286422643032421,4.495650546121785,-9.798079201244844,-8.401744988477764,-10.742837702051112,-10.703891642191628,3.073771034797154,-6.8531254219654345,-10.141996997236754,-11.715712445361596,-13.877610082180468
vvc_rdo_wd_gn_20260906_142421,wwd_gn_tau0.5_rdoq,wwd_gn,wd,gn,diag,0.5,256,0.0,1,m/16 if sigma>0 else 1,none,99.5,per_plane,1,24,"22,27,32,37",2.8584831973899383,2.3397205687130476,-8.109302443380814,-6.968035391675691,-9.219052813994262,-9.066398837950105,1.380339938416481,-6.037304509538928,-8.368456534747791,-9.568980050897439,-11.273290817581426
vvc_rdo_wd_gn_20260906_142421,wwd_gn_tau1_rdoq,wwd_gn,wd,gn,diag,1,256,0.0,1,m/16 if sigma>0 else 1,none,99.5,per_plane,1,24,"22,27,32,37",1.2258535178331105,0.9480465642131803,-5.9813644858090145,-5.230678018381889,-6.913823444858476,-6.449582859777252,0.43264778030410084,-4.410721250200398,-6.182839145514557,-7.006931767168332,-8.205069371799302
vvc_rdo_wd_gn_20260906_142421,wwd_gn_tau2_rdoq,wwd_gn,wd,gn,diag,2,256,0.0,1,m/16 if sigma>0 else 1,none,99.5,per_plane,1,24,"22,27,32,37",0.40914720796491144,0.27873213639167116,-4.111126154249605,-3.5598128945020946,-4.35686486492007,-4.606654646441354,0.03425347541042475,-2.782393388652904,-4.118776868276563,-4.645595572808285,-5.447319700289218
vvc_rdo_wd_gn_20260906_142421,wwd_gn_tau3_rdoq,wwd_gn,wd,gn,diag,3,256,0.0,1,m/16 if sigma>0 else 1,none,99.5,per_plane,1,24,"22,27,32,37",0.19239613827577348,0.07268563217979011,-3.1395866086627264,-2.7392697894774662,-3.43486325250374,-3.937332106016186,-0.15638403792494573,-2.4918597483413785,-3.3154096611590056,-3.734450747657062,-4.423602884949533
vvc_rdo_wd_gn_20260906_142421,wwd_gn_tau4_rdoq,wwd_gn,wd,gn,diag,4,256,0.0,1,m/16 if sigma>0 else 1,none,99.5,per_plane,1,24,"22,27,32,37",0.1239068812336518,0.042609197243503406,-2.57461014175168,-2.2440080033975907,-2.8430922993382324,-3.217593842695271,-0.10509494946038672,-1.9536622261549443,-2.7145869950069463,-3.058864523229742,-3.605509723790505
vvc_rdo_wd_gn_20260906_142421,wwd_gn_tau6_rdoq,wwd_gn,wd,gn,diag,6,256,0.0,1,m/16 if sigma>0 else 1,none,99.5,per_plane,1,24,"22,27,32,37",0.06822014361229738,0.006072530267762592,-1.8252572059689383,-1.5689938365248597,-1.8517069389734608,-2.4398689933872095,-0.11090552183718506,-1.4020493469867803,-1.9693463938200118,-2.2266924477694197,-2.6777059314142253
vvc_rdo_wd_gn_20260906_211726,wwd_gn_tau0.125_rdoq,wwd_gn,wd,gn,diag,0.125,256,0.0,1,m/16 if sigma>0 else 1,none,99.5,per_plane,1,24,"22,27,32,37",8.34086578827602,7.228841698545774,-10.98106791973548,-9.439908363426904,-12.462370314849627,-11.14902489048641,5.293116976286588,-8.21755852095911,-11.473201964369423,-13.39606220851008,-15.831947930702333
vvc_rdo_wd_gnb8_20260907_000325,wwd_gnb8_tau0.25_rdoq,wwd_gnb8,wd,gnblock,block,0.25,256,0.0,1,m/16 if sigma>0 else 1,none,99.5,per_plane,1,24,"22,27,32,37",25.68765825744121,22.700900514541903,-2.958253986932984,-2.0418512307946366,-13.245888715253153,-14.91034955316492,17.120801042208907,-9.554007270451812,-13.723639824468497,-17.90022071805058,-22.929520122336275
vvc_rdo_wd_gnb8_20260907_000325,wwd_gnb8_tau0.5_rdoq,wwd_gnb8,wd,gnblock,block,0.5,256,0.0,1,m/16 if sigma>0 else 1,none,99.5,per_plane,1,24,"22,27,32,37",17.941047733452564,15.571675023554187,-4.178030753384764,-3.2905395622215785,-13.555880917797992,-15.916468778041098,11.056239396207417,-10.762962015091631,-14.17451166235881,-17.78771669356654,-22.49362291323152
vvc_rdo_wd_gnb8_20260907_000325,wwd_gnb8_tau1_rdoq,wwd_gnb8,wd,gnblock,block,1,256,0.0,1,m/16 if sigma>0 else 1,none,99.5,per_plane,1,24,"22,27,32,37",11.36071645743246,9.563876867891311,-4.797169782239162,-4.166842207333578,-13.071142991560956,-16.007554737840028,6.108186390588699,-10.601023522758174,-13.519387125382565,-16.464412705942564,-20.551548480289892
vvc_rdo_wd_gnb8_20260907_000325,wwd_gnb8_tau2_rdoq,wwd_gnb8,wd,gnblock,block,2,256,0.0,1,m/16 if sigma>0 else 1,none,99.5,per_plane,1,24,"22,27,32,37",6.502758228823365,5.197020402365614,-4.905808873170391,-4.377134531907327,-11.9595227436904,-14.585466217550502,2.658135496436292,-9.65912211070903,-11.977461164300886,-14.266998943429096,-17.73104844034293
vvc_rdo_wd_gnb8_20260907_000325,wwd_gnb8_tau3_rdoq,wwd_gnb8,wd,gnblock,block,3,256,0.0,1,m/16 if sigma>0 else 1,none,99.5,per_plane,1,24,"22,27,32,37",4.483689846324852,3.449592122733564,-4.664502746870271,-4.2885457859145895,-10.906915351287159,-13.168910186603613,1.455615009751196,-8.941616628486502,-10.735776435483848,-12.654467666138629,-15.687918908085626
vvc_rdo_wd_gnb8_20260907_000325,wwd_gnb8_tau4_rdoq,wwd_gnb8,wd,gnblock,block,4,256,0.0,1,m/16 if sigma>0 else 1,none,99.5,per_plane,1,24,"22,27,32,37",3.3097511080926503,2.449512592412834,-4.624418438481424,-4.21863823502328,-9.895617770243648,-11.721441956140106,0.7834716842479712,-8.151599594282342,-9.657830544682556,-11.3257548749515,-14.101163316406835
vvc_rdo_wd_gnb8_20260907_000325,wwd_gnb8_tau6_rdoq,wwd_gnb8,wd,gnblock,block,6,256,0.0,1,m/16 if sigma>0 else 1,none,99.5,per_plane,1,24,"22,27,32,37",2.12381455915181,1.4792160312576794,-4.076189468911405,-3.6694644851925564,-8.484657745789626,-10.294372210666479,0.21713298684438256,-6.67560916478033,-8.089489363972481,-9.414129895062807,-11.686960617840745
vvc_rdo_dists_dgn_20260905_073051,wdists_dgn_tau0.25_rdoq,wdists_dgn,dists,gn,diag,0.25,256,0.0,1,m/16 if sigma>0 else 1,none,99.5,per_plane,1,24,"22,27,32,37",22.69815564004018,21.38148777851922,16.867503114422586,16.6686700804978,8.385624384947912,-10.786597263566307,19.24114815195296,16.54671100897553,7.278738145527032,6.274609080292197,7.1044393068216705
vvc_rdo_dists_dgn_20260905_073051,wdists_dgn_tau0.5_rdoq,wdists_dgn,dists,gn,diag,0.5,256,0.0,1,m/16 if sigma>0 else 1,none,99.5,per_plane,1,24,"22,27,32,37",12.019744234981909,11.35374617417947,7.33197723036255,7.673025266839332,3.4838818728250307,-10.843965498568314,10.338493419931204,9.364752928574692,2.857920063462302,2.2356247676045418,2.7921311360879186
vvc_rdo_dists_dgn_20260905_073051,wdists_dgn_tau1_rdoq,wdists_dgn,dists,gn,diag,1,256,0.0,1,m/16 if sigma>0 else 1,none,99.5,per_plane,1,24,"22,27,32,37",6.041587722772991,5.692958378072343,2.870135835899608,3.14163320322735,0.3988247858262938,-10.344281472253131,5.146526873301859,4.126058530185404,0.010160724003553648,-0.4804689310133851,-0.33854035315806225
vvc_rdo_dists_dgn_20260905_073051,wdists_dgn_tau2_rdoq,wdists_dgn,dists,gn,diag,2,256,0.0,1,m/16 if sigma>0 else 1,none,99.5,per_plane,1,24,"22,27,32,37",2.9993887191387163,2.7339398414782443,1.064652209113252,1.1188437864203904,-0.9562670635396637,-8.67534233185061,2.3265210460033288,1.509759629428199,-1.1581452682544517,-1.5343745691032205,-1.550316126962121
vvc_rdo_dists_dgn_20260905_073051,wdists_dgn_tau3_rdoq,wdists_dgn,dists,gn,diag,3,256,0.0,1,m/16 if sigma>0 else 1,none,99.5,per_plane,1,24,"22,27,32,37",1.9245333981561688,1.717763255412886,0.41797075106491616,0.4736761162246282,-1.0918533467125833,-7.96013732205985,1.3859073933679014,0.33883461796986825,-1.3835236380124758,-1.6959119154058442,-1.7529557219561005
vvc_rdo_dists_dgn_20260905_073051,wdists_dgn_tau4_rdoq,wdists_dgn,dists,gn,diag,4,256,0.0,1,m/16 if sigma>0 else 1,none,99.5,per_plane,1,24,"22,27,32,37",1.343499918065121,1.1708685631846867,0.15986207706916447,0.10733381873828667,-1.4297604591456834,-6.539082955585958,0.8703101448460667,-0.03947486588190552,-1.4541776556951571,-1.7347002766523147,-1.8564221406718098
vvc_rdo_dists_dgn_20260905_073051,wdists_dgn_tau6_rdoq,wdists_dgn,dists,gn,diag,6,256,0.0,1,m/16 if sigma>0 else 1,none,99.5,per_plane,1,24,"22,27,32,37",0.802164562704848,0.682418324772711,-0.06824682994089198,-0.059598389589634225,-1.220003612667534,-5.705571722385213,0.4942861494021992,-0.5392958482014233,-1.2864760325180806,-1.5204323879000485,-1.6618827415410422
vvc_rdo_dists_dgnb8_20260905_092717,wdists_dgnb8_tau0.25_rdoq,wdists_dgnb8,dists,gnblock,block,0.25,256,0.0,1,m/16 if sigma>0 else 1,none,99.5,per_plane,1,24,"22,27,32,37",39.404850336400536,36.51590852008248,34.12208791935283,32.94112945657113,11.836673296897251,-12.455106147854641,31.455872486157904,18.058900496597605,13.062991754102638,10.775656730213607,8.413961389731453
vvc_rdo_dists_dgnb8_20260905_092717,wdists_dgnb8_tau0.5_rdoq,wdists_dgnb8,dists,gnblock,block,0.5,256,0.0,1,m/16 if sigma>0 else 1,none,99.5,per_plane,1,24,"22,27,32,37",23.9255633104647,22.147431406032794,19.941874196436608,19.473334924717935,5.512078409478419,-13.398908074820286,18.98597877652145,10.2535859278451,6.758403648425822,5.144394403040983,3.1868790785667067
vvc_rdo_dists_dgnb8_20260905_092717,wdists_dgnb8_tau1_rdoq,wdists_dgnb8,dists,gnblock,block,1,256,0.0,1,m/16 if sigma>0 else 1,none,99.5,per_plane,1,24,"22,27,32,37",14.563724095188883,13.35792363754223,11.993485234063419,11.65187285243448,0.6845212748273871,-14.726190594014506,11.17435858541441,3.732918116328843,2.2023538599294548,0.9124861343425438,-0.9347716285387899
vvc_rdo_dists_dgnb8_20260905_092717,wdists_dgnb8_tau2_rdoq,wdists_dgnb8,dists,gnblock,block,2,256,0.0,1,m/16 if sigma>0 else 1,none,99.5,per_plane,1,24,"22,27,32,37",8.858528499639482,7.964431373613007,7.366459726594017,7.004124237045009,-1.7188220069261089,-14.741556148200758,6.305855061921609,0.21175182520727187,-0.26083305118526584,-1.2871226215525582,-2.954267467338788
vvc_rdo_dists_dgnb8_20260905_092717,wdists_dgnb8_tau3_rdoq,wdists_dgnb8,dists,gnblock,block,3,256,0.0,1,m/16 if sigma>0 else 1,none,99.5,per_plane,1,24,"22,27,32,37",6.529141322629502,5.787226519168743,5.172601393617238,4.921047377741792,-2.710416206107898,-13.806342603363339,4.399913713526011,-0.8631196857276316,-1.234206804186487,-2.130296111456351,-3.63017951836796
vvc_rdo_dists_dgnb8_20260905_092717,wdists_dgnb8_tau4_rdoq,wdists_dgnb8,dists,gnblock,block,4,256,0.0,1,m/16 if sigma>0 else 1,none,99.5,per_plane,1,24,"22,27,32,37",5.229000898929169,4.600029238694444,4.244035413742419,3.9843724607330446,-2.6328373920330654,-13.452398277732923,3.4296803070576556,-1.2173687644289357,-1.4002682804230033,-2.173463962643235,-3.5026654337568934
vvc_rdo_dists_dgnb8_20260905_092717,wdists_dgnb8_tau6_rdoq,wdists_dgnb8,dists,gnblock,block,6,256,0.0,1,m/16 if sigma>0 else 1,none,99.5,per_plane,1,24,"22,27,32,37",3.7494891720703265,3.2382262251154352,2.8151970422134,2.634704679665619,-2.928297379481855,-12.116091521046252,2.2848459567424695,-1.448537015922592,-1.8411007939510717,-2.5141430203660304,-3.7241977066682312
vvc_rdo_dists_dgnb8j3_20260905_102904,wdists_dgnb8j3_tau2_rdoq,wdists_dgnb8j3,dists,gnblock,block,2,256,3.0,16,m/16 if sigma>0 else 1,none,99.5,per_plane,1,24,"22,27,32,37",6.838153591961555,5.87320993067453,3.918089300454971,3.706108887919877,-4.810903593752776,-16.764973432827272,4.130856894792611,-2.3896242353231045,-4.402382492584061,-5.62185693667265,-6.630119595125258
vvc_rdo_dists_dgnb8j3s1_20260904_101602,wdists_dgnb8j3s1_tau2_rdoq,wdists_dgnb8j3s1,dists,gnblock,block,2,256,3.0,16,m/16 if sigma>0 else 1,none,99.5,per_plane,1,24,"22,27,32,37",6.732324744189498,5.766924899876632,3.935907226116111,5.043148597032011,-4.448051602818578,-16.438408478497493,4.034711151130282,-2.3918956315310633,-4.292004092366867,-5.461023999099957,-6.356425055130106
vvc_rdo_dists_dhb8m256_20260904_033656,wdists_dhb8m256_tau2_rdoq,wdists_dhb8m256,dists,hutchblock,block,2,256,0.0,1,m/16 if sigma>0 else 1,none,99.5,per_plane,1,24,"22,27,32,37",251.45615203093575,226.8526932405493,130.11741128485335,131.36348698610885,74.60551032880896,95.17442866245322,220.9429492664794,97.60872536600466,126.03464867543111,122.54932697580216,108.01439052385527
vvc_rdo_lpips_bh8_20260905_100222,wlpips_bh8_tau1_rdoq,wlpips_bh8,lpips,gnblock,block,1,256,3.0,16,m/16 if sigma>0 else 1,none,99.5,per_plane,1,24,"22,27,32,37",4.516040319036155,3.6816093235489675,-5.614498750314357,-4.986732885785179,-13.507938048931903,-10.493594179002173,2.0942296592483056,-12.799308889299772,-8.950922625986829,-10.565600971412696,-13.78324180540848
vvc_rdo_lpips_bh8s1_20260904_073351,wlpips_bh8s1_tau1_rdoq,wlpips_bh8s1,lpips,gnblock,block,1,256,3.0,16,m/16 if sigma>0 else 1,none,99.5,per_plane,1,24,"22,27,32,37",4.461052187045563,3.646811714671829,-5.489992953300515,-4.97318421880442,-13.685804167370032,-10.54354661195705,2.088830383470564,-12.959370757301452,-8.943355095464518,-10.551283342010839,-13.737867526230824
vvc_rdo_lpips_gn_20260905_054937,wlpips_gn_tau0.25_rdoq,wlpips_gn,lpips,gn,diag,0.25,256,0.0,1,m/16 if sigma>0 else 1,none,99.5,per_plane,1,24,"22,27,32,37",12.149429315355823,11.230502495540135,-9.845973416139792,-7.257358878721416,-10.945459472806595,-2.7177405250748055,9.493556632742175,-7.178403130026889,-5.9642079934132255,-7.973239730468722,-11.795257009220355
vvc_rdo_lpips_gn_20260905_054937,wlpips_gn_tau0.5_rdoq,wlpips_gn,lpips,gn,diag,0.5,256,0.0,1,m/16 if sigma>0 else 1,none,99.5,per_plane,1,24,"22,27,32,37",5.942412701137065,5.5405622926251965,-8.916461037335315,-6.74388176884338,-8.494809065472806,-2.512320116178008,4.7596477963094355,-5.4746161099681805,-5.097398183803695,-6.427171364897892,-9.118441598773284
vvc_rdo_lpips_gn_20260905_054937,wlpips_gn_tau1_rdoq,wlpips_gn,lpips,gn,diag,1,256,0.0,1,m/16 if sigma>0 else 1,none,99.5,per_plane,1,24,"22,27,32,37",2.358368790483555,2.213813719621117,-6.951306209383978,-5.488847288192692,-6.583258180586121,-2.7010016857213905,1.9042650829105334,-4.648028234528801,-4.299407826028315,-5.173804675068825,-7.150861623769302
vvc_rdo_lpips_gn_20260905_054937,wlpips_gn_tau2_rdoq,wlpips_gn,lpips,gn,diag,2,256,0.0,1,m/16 if sigma>0 else 1,none,99.5,per_plane,1,24,"22,27,32,37",0.7838159038216931,0.7154457122665075,-4.785078630480982,-3.8927836846834043,-4.70825509394155,-2.968408802613841,0.5458580806693707,-3.509798282949335,-3.266697732363529,-3.82918961463155,-5.125951199932422
vvc_rdo_lpips_gn_20260905_054937,wlpips_gn_tau3_rdoq,wlpips_gn,lpips,gn,diag,3,256,0.0,1,m/16 if sigma>0 else 1,none,99.5,per_plane,1,24,"22,27,32,37",0.39837733046517254,0.3667996031200873,-3.6409395046021267,-2.9883205596315663,-3.723554156902537,-2.433224607660982,0.28134140682062464,-2.683838062445288,-2.566087907153948,-2.988074546900363,-4.030072509791515
vvc_rdo_lpips_gn_20260905_054937,wlpips_gn_tau4_rdoq,wlpips_gn,lpips,gn,diag,4,256,0.0,1,m/16 if sigma>0 else 1,none,99.5,per_plane,1,24,"22,27,32,37",0.19810739721132045,0.16881864502530744,-3.058438499027119,-2.4769450068781693,-2.9740061433816294,-1.7468276259070576,0.06695257782489139,-2.338436642081062,-2.2432532289825184,-2.5969473012395654,-3.3933496081739385
vvc_rdo_lpips_gn_20260905_054937,wlpips_gn_tau6_rdoq,wlpips_gn,lpips,gn,diag,6,256,0.0,1,m/16 if sigma>0 else 1,none,99.5,per_plane,1,24,"22,27,32,37",0.08137238877491774,0.06278233029463019,-2.3235585759981845,-1.9369716801566952,-2.211779903625545,-1.5419969962597762,0.004083557096347852,-1.5339186248938539,-1.6530242681812723,-1.9160933301440657,-2.5160561165684747
vvc_rdo_lpips_gnb8_20260904_134648,wlpips_gnb8_tau0.25_rdoq,wlpips_gnb8,lpips,gnblock,block,0.25,256,0.0,1,m/16 if sigma>0 else 1,none,99.5,per_plane,1,24,"22,27,32,37",26.078515108529643,23.671733406084797,6.261952957005962,6.586062118442044,-11.512595354781212,-6.486680790895782,19.26845409575098,-9.800309828066542,-2.0623646569872696,-5.1298789824500055,-11.326844580227961
vvc_rdo_lpips_gnb8_20260904_134648,wlpips_gnb8_tau0.5_rdoq,wlpips_gnb8,lpips,gnblock,block,0.5,256,0.0,1,m/16 if sigma>0 else 1,none,99.5,per_plane,1,24,"22,27,32,37",14.704345048109507,13.26288674313591,2.2972752143279878,2.521465980877301,-10.965952030332277,-6.690448679240258,10.572993998907585,-9.886847581538456,-3.635332974823213,-5.806907606569766,-10.73171379484389
vvc_rdo_lpips_gnb8_20260904_134648,wlpips_gnb8_tau1_rdoq,wlpips_gnb8,lpips,gnblock,block,1,256,0.0,1,m/16 if sigma>0 else 1,none,99.5,per_plane,1,24,"22,27,32,37",7.785054718769711,6.9213736665452075,0.39599082633792015,0.5057816875905794,-10.321556619841013,-8.228434402969826,5.272140414405847,-9.30169009006576,-4.347988694123896,-5.890996301742843,-9.744834631653855
vvc_rdo_lpips_gnb8_20260904_134648,wlpips_gnb8_tau2_rdoq,wlpips_gnb8,lpips,gnblock,block,2,256,0.0,1,m/16 if sigma>0 else 1,none,99.5,per_plane,1,24,"22,27,32,37",3.7296147707473004,3.226038870413196,-0.41864475403900436,-0.528522430499168,-8.562209355242219,-6.815600922558839,2.199447032920195,-7.673180498344283,-4.0880787314035105,-5.157650290136804,-8.007198466140752
vvc_rdo_lpips_gnb8_20260904_134648,wlpips_gnb8_tau3_rdoq,wlpips_gnb8,lpips,gnblock,block,3,256,0.0,1,m/16 if sigma>0 else 1,none,99.5,per_plane,1,24,"22,27,32,37",2.3600640041044665,1.9700225046950965,-0.7519832471597798,-0.8998623071370492,-7.435144332344532,-6.229035054910057,1.2071294190383988,-6.604260845036556,-3.852378341076321,-4.701990401020676,-7.061049725199079
vvc_rdo_lpips_gnb8_20260904_134648,wlpips_gnb8_tau4_rdoq,wlpips_gnb8,lpips,gnblock,block,4,256,0.0,1,m/16 if sigma>0 else 1,none,99.5,per_plane,1,24,"22,27,32,37",1.6814098272495024,1.3464325961436152,-0.9182224789831697,-0.9962186045410949,-6.54729181395972,-6.086246816714225,0.6530545473844042,-5.95899151683425,-3.5357743692469596,-4.264760516764589,-6.259606421190994
vvc_rdo_lpips_gnb8_20260904_134648,wlpips_gnb8_tau6_rdoq,wlpips_gnb8,lpips,gnblock,block,6,256,0.0,1,m/16 if sigma>0 else 1,none,99.5,per_plane,1,24,"22,27,32,37",1.0149918659319155,0.792360940574043,-0.9170916805673923,-0.9559264525565894,-5.025397483682489,-4.352313494221886,0.3278440804065387,-4.800401352951078,-2.8494657304120756,-3.388359771694136,-4.865671436080741
vvc_rdo_lpips_hb8m256_20260904_065706,wlpips_hb8m256_tau1_rdoq,wlpips_hb8m256,lpips,hutchblock,block,1,256,0.0,1,m/16 if sigma>0 else 1,none,99.5,per_plane,1,24,"22,27,32,37",9.599234949387187,8.671342711322392,2.299644359179897,2.3244723263239373,-8.234187984230248,-6.305143448702047,6.910102460397277,-7.476415232055385,-2.808536984289064,-4.421405653782255,-8.487473089740979
vvc_rdo_ms_ssim_mbh8m256_20260904_154827,wms_ssim_mbh8m256_tau0.25_rdoq,wms_ssim_mbh8m256,ms_ssim,hutchblock,block,0.25,256,0.0,1,m/16 if sigma>0 else 1,none,99.5,per_plane,1,24,"22,27,32,37",19.235865298030337,17.01875797108969,-17.149367400311398,-20.60564733113764,-6.81803202808701,-0.19543493868541276,13.54311972258968,-5.361704892375641,-8.28410990819125,-11.148002277246974,-14.335987379293053
vvc_rdo_ms_ssim_mbh8m256_20260904_154827,wms_ssim_mbh8m256_tau0.5_rdoq,wms_ssim_mbh8m256,ms_ssim,hutchblock,block,0.5,256,0.0,1,m/16 if sigma>0 else 1,none,99.5,per_plane,1,24,"22,27,32,37",10.9994628272823,9.658804985285945,-16.048945715569992,-18.470976423843855,-7.1016774788604,-2.4322493418198383,7.588824438576041,-5.746152735324588,-8.103125702779925,-10.237104275767509,-12.677279423016557
vvc_rdo_ms_ssim_mbh8m256_20260904_154827,wms_ssim_mbh8m256_tau1_rdoq,wms_ssim_mbh8m256,ms_ssim,hutchblock,block,1,256,0.0,1,m/16 if sigma>0 else 1,none,99.5,per_plane,1,24,"22,27,32,37",5.63918821147815,4.943292202207288,-13.856220912335273,-15.402483337951258,-6.74670769466703,-3.82532431139493,3.879223280260765,-4.810272969837436,-7.030777927116861,-8.550282152862579,-10.485860700268754
vvc_rdo_ms_ssim_mbh8m256_20260904_154827,wms_ssim_mbh8m256_tau2_rdoq,wms_ssim_mbh8m256,ms_ssim,hutchblock,block,2,256,0.0,1,m/16 if sigma>0 else 1,none,99.5,per_plane,1,24,"22,27,32,37",2.5279807360877946,2.176718296276263,-10.863380195691798,-11.860937294675415,-5.499632969643026,-3.365348454836102,1.6850368064455783,-4.06803428052174,-5.802134769313175,-6.874010279197588,-8.423812812296704
vvc_rdo_ms_ssim_mbh8m256_20260904_154827,wms_ssim_mbh8m256_tau3_rdoq,wms_ssim_mbh8m256,ms_ssim,hutchblock,block,3,256,0.0,1,m/16 if sigma>0 else 1,none,99.5,per_plane,1,24,"22,27,32,37",1.502097781076612,1.2732607491061254,-9.114226394929448,-9.787993374936905,-4.579973121834493,-2.7658524061719105,0.9669704595138334,-3.376002036590515,-4.749721076959317,-5.586708380940405,-6.777973766449833
vvc_rdo_ms_ssim_mbh8m256_20260904_154827,wms_ssim_mbh8m256_tau4_rdoq,wms_ssim_mbh8m256,ms_ssim,hutchblock,block,4,256,0.0,1,m/16 if sigma>0 else 1,none,99.5,per_plane,1,24,"22,27,32,37",0.9918904933534488,0.8287523887416484,-7.78868790555411,-8.390423354635308,-3.975778813854923,-2.4301037295826453,0.611484663061805,-2.988812153190338,-4.031839883462857,-4.704231904050351,-5.670859001408975
vvc_rdo_ms_ssim_mbh8m256_20260904_154827,wms_ssim_mbh8m256_tau6_rdoq,wms_ssim_mbh8m256,ms_ssim,hutchblock,block,6,256,0.0,1,m/16 if sigma>0 else 1,none,99.5,per_plane,1,24,"22,27,32,37",0.5642340285980402,0.48699671504603687,-6.176985062757514,-6.519060318127013,-3.145312645200331,-2.352266760699433,0.4279343151260569,-1.9357281040131704,-3.216974885745028,-3.7392914451006383,-4.493450552216081
vvc_rdo_ms_ssim_mbh8m256psd_20260905_020717,wms_ssim_mbh8m256psd_tau1_rdoq,wms_ssim_mbh8m256psd,ms_ssim,hutchblock,block,1,256,0.0,1,m/16 if sigma>0 else 1,eigh,99.5,per_plane,1,24,"22,27,32,37",5.56165493645364,4.864917638946462,-13.832039950202324,-15.407308350696757,-6.666214776117738,-3.794079058091677,3.8161882456071723,-4.92108642863506,-7.142954996134992,-8.667928797795975,-10.629496089792573
vvc_rdo_ms_ssim_mbh8n128_20260905_000334,wms_ssim_mbh8n128_tau1_rdoq,wms_ssim_mbh8n128,ms_ssim,hutchblock,block,1,256,0.0,1,m/16 if sigma>0 else 1,none,99.5,per_plane,1,24,"22,27,32,37",5.833719432994577,5.120436355079613,-13.396189028792213,-14.807806524745695,-6.143373172771656,-2.924432326417641,4.0582261932599115,-4.620908493333186,-6.715666729533091,-8.228284856810056,-10.151540857069923
vvc_rdo_ms_ssim_mbh8n16_20260904_175257,wms_ssim_mbh8n16_tau1_rdoq,wms_ssim_mbh8n16,ms_ssim,hutchblock,block,1,256,0.0,1,m/16 if sigma>0 else 1,none,99.5,per_plane,1,24,"22,27,32,37",9.252619214347332,8.303432806878519,-7.13866207016036,-8.059779846667302,-2.444329010485957,0.31436310394249994,6.818037655485561,-1.2637585677048933,-3.6700676863830766,-5.295826557321656,-7.836241170319062
vvc_rdo_ms_ssim_mbh8n32_20260904_195357,wms_ssim_mbh8n32_tau1_rdoq,wms_ssim_mbh8n32,ms_ssim,hutchblock,block,1,256,0.0,1,m/16 if sigma>0 else 1,none,99.5,per_plane,1,24,"22,27,32,37",7.428916350888302,6.613048737546369,-10.311232669389343,-11.605036757569602,-4.7494609424002165,-1.8170749564914102,5.3667253585469945,-3.2968633254218696,-5.406952612913639,-7.000450479923768,-9.304370818930979
vvc_rdo_ms_ssim_mbh8n64_20260904_215712,wms_ssim_mbh8n64_tau1_rdoq,wms_ssim_mbh8n64,ms_ssim,hutchblock,block,1,256,0.0,1,m/16 if sigma>0 else 1,none,99.5,per_plane,1,24,"22,27,32,37",6.415265244776208,5.637631461364272,-12.280266477207213,-13.664424495495632,-5.824201786807805,-2.72469977734996,4.463151741225654,-4.237166779001864,-6.400940606552537,-7.958685972680484,-10.037838471561635
vvc_rdo_ms_ssim_mn256_20260904_144401,wms_ssim_mn256_tau0.25_rdoq,wms_ssim_mn256,ms_ssim,hutch,diag,0.25,256,0.0,1,m/16 if sigma>0 else 1,none,99.5,per_plane,1,24,"22,27,32,37",8.98803224892867,7.033784153493765,-12.176795341314387,-12.338512096184294,-9.365678303003564,-3.6310429977986955,3.8530641322657377,-9.554396785892164,-9.690195032386617,-11.544237222309258,-14.188136572486172
vvc_rdo_ms_ssim_mn256_20260904_144401,wms_ssim_mn256_tau0.5_rdoq,wms_ssim_mn256,ms_ssim,hutch,diag,0.5,256,0.0,1,m/16 if sigma>0 else 1,none,99.5,per_plane,1,24,"22,27,32,37",4.372093384768629,3.1076682238455184,-10.133896730632758,-9.925933925347598,-7.916553023304321,-4.097108659821832,1.0470233766596517,-7.86442277686659,-7.996701010973427,-9.29356971189118,-11.169761323998507
vvc_rdo_ms_ssim_mn256_20260904_144401,wms_ssim_mn256_tau1_rdoq,wms_ssim_mn256,ms_ssim,hutch,diag,1,256,0.0,1,m/16 if sigma>0 else 1,none,99.5,per_plane,1,24,"22,27,32,37",1.9028992714312205,1.1121480755105078,-7.5774555320054455,-7.290365141370315,-5.822836049170635,-3.234850554335679,-0.18559711803743287,-5.743523414676493,-6.1040159197937784,-6.997314274671048,-8.31082576722305
vvc_rdo_ms_ssim_mn256_20260904_144401,wms_ssim_mn256_tau2_rdoq,wms_ssim_mn256,ms_ssim,hutch,diag,2,256,0.0,1,m/16 if sigma>0 else 1,none,99.5,per_plane,1,24,"22,27,32,37",0.7319734538767849,0.28756132179086624,-5.099851771995287,-4.912983845643694,-4.1070389615132425,-1.735773696978354,-0.42192089289590456,-4.1053622919951325,-4.072667216882567,-4.636855409665171,-5.5115754561926025
vvc_rdo_ms_ssim_mn256_20260904_144401,wms_ssim_mn256_tau3_rdoq,wms_ssim_mn256,ms_ssim,hutch,diag,3,256,0.0,1,m/16 if sigma>0 else 1,none,99.5,per_plane,1,24,"22,27,32,37",0.3832783620845488,0.07729720695874437,-3.936611084777068,-3.6875976535598993,-3.0715834937511866,-2.0038384583644486,-0.44344420134244755,-2.830638515608083,-3.116851686755265,-3.5188111470512635,-4.1332905504676445
vvc_rdo_ms_ssim_mn256_20260904_144401,wms_ssim_mn256_tau4_rdoq,wms_ssim_mn256,ms_ssim,hutch,diag,4,256,0.0,1,m/16 if sigma>0 else 1,none,99.5,per_plane,1,24,"22,27,32,37",0.22991394518834207,-0.017296955287297393,-3.1866575801047943,-2.989343000984796,-2.5935459072067455,-2.0345514547630916,-0.4184257194113028,-2.406226878271823,-2.4947449548856633,-2.8179686918035878,-3.2707086050641236
vvc_rdo_ms_ssim_mn256_20260904_144401,wms_ssim_mn256_tau6_rdoq,wms_ssim_mn256,ms_ssim,hutch,diag,6,256,0.0,1,m/16 if sigma>0 else 1,none,99.5,per_plane,1,24,"22,27,32,37",0.15456564687207028,-0.023606000179858994,-2.2664235276756233,-2.1461808397172777,-1.582768713609109,-0.6636437820811909,-0.30778629971851773,-1.7232619977368593,-1.8380246715556794,-2.086584614643831,-2.4404913953515095
vvc_rdo_ssim_sbh8m256_20260904_133029,wssim_sbh8m256_tau0.25_rdoq,wssim_sbh8m256,ssim,hutchblock,block,0.25,256,0.0,1,m/16 if sigma>0 else 1,none,99.5,per_plane,1,24,"22,27,32,37",33.6355649381819,30.53962550042631,-31.725299957614975,-4.880980251107467,4.2962554149113386,12.451238435767047,25.746581013267363,5.8384524246177305,0.1769840042934928,-3.547778471348288,-7.4150727321956635
vvc_rdo_ssim_sbh8m256_20260904_133029,wssim_sbh8m256_tau0.5_rdoq,wssim_sbh8m256,ssim,hutchblock,block,0.5,256,0.0,1,m/16 if sigma>0 else 1,none,99.5,per_plane,1,24,"22,27,32,37",19.688852313637696,17.97470702957524,-29.520980588869165,-7.375030762274072,0.7123789526363487,6.6629903009603195,15.359617526145485,2.478085565801221,-1.9848770819064725,-4.588630345745275,-7.556273397501155
vvc_rdo_ssim_sbh8m256_20260904_133029,wssim_sbh8m256_tau1_rdoq,wssim_sbh8m256,ssim,hutchblock,block,1,256,0.0,1,m/16 if sigma>0 else 1,none,99.5,per_plane,1,24,"22,27,32,37",10.765401431640896,9.865949332435873,-25.855209001093385,-8.473031159840076,-1.824255617805182,2.32708315403386,8.524925625709686,-0.5754783174727339,-3.4286006741008173,-5.253156409166427,-7.454575775792571
vvc_rdo_ssim_sbh8m256_20260904_133029,wssim_sbh8m256_tau2_rdoq,wssim_sbh8m256,ssim,hutchblock,block,2,256,0.0,1,m/16 if sigma>0 else 1,none,99.5,per_plane,1,24,"22,27,32,37",5.404681208840848,4.976930866538953,-21.258338228965485,-8.13849152641593,-3.124442883802644,0.7201377290079817,4.380397130214534,-1.5887273469037357,-3.9399054965346227,-5.21345476377348,-6.9833854585682955
vvc_rdo_ssim_sbh8m256_20260904_133029,wssim_sbh8m256_tau3_rdoq,wssim_sbh8m256,ssim,hutchblock,block,3,256,0.0,1,m/16 if sigma>0 else 1,none,99.5,per_plane,1,24,"22,27,32,37",3.4157922658161213,3.1540071818567825,-18.26499413344921,-7.572765083383387,-3.5804221732670527,-0.8933399232166245,2.7991224545014006,-1.7772263192284685,-3.8397890414042926,-4.859330070208761,-6.24490970113267
vvc_rdo_ssim_sbh8m256_20260904_133029,wssim_sbh8m256_tau4_rdoq,wssim_sbh8m256,ssim,hutchblock,block,4,256,0.0,1,m/16 if sigma>0 else 1,none,99.5,per_plane,1,24,"22,27,32,37",2.311399642163223,2.166309486340886,-16.045454313449376,-6.943123367738797,-3.3225671059623223,-1.1734697753011005,1.985234039910357,-1.987195931578061,-3.5580452139986427,-4.409026206422638,-5.69893912724309
vvc_rdo_ssim_sbh8m256_20260904_133029,wssim_sbh8m256_tau6_rdoq,wssim_sbh8m256,ssim,hutchblock,block,6,256,0.0,1,m/16 if sigma>0 else 1,none,99.5,per_plane,1,24,"22,27,32,37",1.3285463320472581,1.2405541781500855,-13.018296480914335,-5.823559781025563,-3.1879209529371573,-1.1946086058862522,1.1571781148162013,-1.6556000822366856,-3.172668495418527,-3.841806987586182,-4.911177921042918
vvc_rdo_ssim_sbh8m256psd_20260905_012506,wssim_sbh8m256psd_tau1_rdoq,wssim_sbh8m256psd,ssim,hutchblock,block,1,256,0.0,1,m/16 if sigma>0 else 1,eigh,99.5,per_plane,1,24,"22,27,32,37",9.809590476909726,8.967722610623946,-25.5876999860257,-8.932859184795516,-2.6555585810583264,2.459306365324475,7.730082876497168,-1.0597774621400124,-3.8347334546632617,-5.58921561754168,-7.794189958422499
vvc_rdo_ssim_sbh8n128_20260904_233356,wssim_sbh8n128_tau1_rdoq,wssim_sbh8n128,ssim,hutchblock,block,1,256,0.0,1,m/16 if sigma>0 else 1,none,99.5,per_plane,1,24,"22,27,32,37",11.338414879339036,10.413909004014839,-24.63514868452801,-7.453902268766272,-1.4280234297122603,3.588283493542915,9.057416297868949,0.1817028138363861,-2.916704259370619,-4.757792682844374,-7.028874554412655
vvc_rdo_ssim_sbh8n16_20260904_172459,wssim_sbh8n16_tau1_rdoq,wssim_sbh8n16,ssim,hutchblock,block,1,256,0.0,1,m/16 if sigma>0 else 1,none,99.5,per_plane,1,24,"22,27,32,37",23.255140648619697,21.46049591516882,-6.137725633894541,7.6765823065882115,10.48915878729904,10.467057691085218,18.67531591052164,10.229475333825151,4.918844943465905,2.4925526355891594,-1.2654518474597012
vvc_rdo_ssim_sbh8n32_20260904_192514,wssim_sbh8n32_tau1_rdoq,wssim_sbh8n32,ssim,hutchblock,block,1,256,0.0,1,m/16 if sigma>0 else 1,none,99.5,per_plane,1,24,"22,27,32,37",15.939641796261478,14.69848310332965,-16.23301167855689,-0.9038374688651064,3.712053879998908,6.729739849564744,12.822338705928411,4.7935087769686655,0.5920260503379067,-1.4419814909257977,-4.3530895720744915
vvc_rdo_ssim_sbh8n64_20260904_212730,wssim_sbh8n64_tau1_rdoq,wssim_sbh8n64,ssim,hutchblock,block,1,256,0.0,1,m/16 if sigma>0 else 1,none,99.5,per_plane,1,24,"22,27,32,37",12.694395970696974,11.682306807639264,-21.889573423548754,-5.382844628210781,0.0741872732079966,4.1309199051080325,10.156551764239513,1.6588258532407074,-1.800036071309467,-3.6833078702762165,-6.15585248133135
vvc_rdo_ssim_sn256_20260904_133248,wssim_sn256_tau0.25_rdoq,wssim_sn256,ssim,hutch,diag,0.25,256,0.0,1,m/16 if sigma>0 else 1,none,99.5,per_plane,1,24,"22,27,32,37",9.194917191617343,7.330870594454421,-12.752620143514639,-10.140304861625754,-7.6700691867805615,1.0552979381188659,4.26772522721279,-8.877861429420316,-6.565750300767365,-8.182325010550437,-10.974144406523232
vvc_rdo_ssim_sn256_20260904_133248,wssim_sn256_tau0.5_rdoq,wssim_sn256,ssim,hutch,diag,0.5,256,0.0,1,m/16 if sigma>0 else 1,none,99.5,per_plane,1,24,"22,27,32,37",4.707947397592236,3.5225565805231063,-10.555278222019398,-8.526846975852349,-6.021637086391824,0.45744509211686957,1.587942793020688,-7.410937802655648,-5.686198013527952,-6.832067030409381,-8.933148674660687
vvc_rdo_ssim_sn256_20260904_133248,wssim_sn256_tau1_rdoq,wssim_sn256,ssim,hutch,diag,1,256,0.0,1,m/16 if sigma>0 else 1,none,99.5,per_plane,1,24,"22,27,32,37",2.0900411423771295,1.3560608962226322,-7.920567327549638,-6.507079828993763,-5.157378317926461,-1.7611685810009483,0.17375945755658218,-5.670298430556858,-4.5718718001796566,-5.347193912054799,-6.851615233820341
vvc_rdo_ssim_sn256_20260904_133248,wssim_sn256_tau2_rdoq,wssim_sn256,ssim,hutch,diag,2,256,0.0,1,m/16 if sigma>0 else 1,none,99.5,per_plane,1,24,"22,27,32,37",0.8021157111582818,0.37550766797352364,-5.4170076325063645,-4.514561724025474,-3.470786231739091,-1.5939209605405573,-0.333843782669969,-4.267713509266408,-3.3290029206014338,-3.8452057479170523,-4.835010529227486
vvc_rdo_ssim_sn256_20260904_133248,wssim_sn256_tau3_rdoq,wssim_sn256,ssim,hutch,diag,3,256,0.0,1,m/16 if sigma>0 else 1,none,99.5,per_plane,1,24,"22,27,32,37",0.4412940808189667,0.17147093982721184,-4.1288134264924325,-3.442645777266327,-2.902103949577319,-1.2891677539078517,-0.25267186915949036,-3.1173060207752266,-2.459033859164434,-2.8318730301374138,-3.5972317697627267
vvc_rdo_ssim_sn256_20260904_133248,wssim_sn256_tau4_rdoq,wssim_sn256,ssim,hutch,diag,4,256,0.0,1,m/16 if sigma>0 else 1,none,99.5,per_plane,1,24,"22,27,32,37",0.3115048643176928,0.07871569670981303,-3.3473555721392962,-2.81294565901016,-2.1690158954001855,-1.1479732501836517,-0.30179167620394504,-2.35932955017563,-2.123864798838613,-2.436378048610847,-3.0392791191862916
vvc_rdo_ssim_sn256_20260904_133248,wssim_sn256_tau6_rdoq,wssim_sn256,ssim,hutch,diag,6,256,0.0,1,m/16 if sigma>0 else 1,none,99.5,per_plane,1,24,"22,27,32,37",0.1526513981205004,0.00021077785129173612,-2.504660201004818,-2.074415116612286,-1.597148588264582,-0.923764727446533,-0.23858266151056315,-1.8006299922216582,-1.5054248813824282,-1.7286697406932916,-2.1913660956345193
vvc_rdo_lpips_bh8_20260907_082853,wlpips_bh8_tau0.25_rdoq,wlpips_bh8,lpips,gnblock,block,0.25,256,3.0,16,m/16 if sigma>0 else 1,none,99.5,per_plane,1,24,"22,27,32,37",15.803970646860725,14.002831477346305,-5.717956514481107,-5.010983093155201,-17.107976227310143,-11.147181854479967,10.650496189712735,-16.138695204373914,-10.38412329424198,-13.10419890821342,-17.78648372130917
vvc_rdo_lpips_bh8_20260907_082853,wlpips_bh8_tau0.5_rdoq,wlpips_bh8,lpips,gnblock,block,0.5,256,3.0,16,m/16 if sigma>0 else 1,none,99.5,per_plane,1,24,"22,27,32,37",8.797390412335098,7.580219365374501,-5.973800412379032,-5.367736823727529,-15.89902277732899,-11.453462828878619,5.26813978269955,-14.730156636101455,-10.142750977301812,-12.26777110563974,-16.144315467937577
vvc_rdo_lpips_bh8_20260907_082853,wlpips_bh8_tau1_rdoq,wlpips_bh8,lpips,gnblock,block,1,256,3.0,16,m/16 if sigma>0 else 1,none,99.5,per_plane,1,24,"22,27,32,37",4.516040319036155,3.6816093235489675,-5.614498750314357,-4.986732885785179,-13.507938048931903,-10.493594179002173,2.0942296592483056,-12.799308889299772,-8.950922625986829,-10.565600971412696,-13.78324180540848
vvc_rdo_lpips_bh8_20260907_082853,wlpips_bh8_tau2_rdoq,wlpips_bh8,lpips,gnblock,block,2,256,3.0,16,m/16 if sigma>0 else 1,none,99.5,per_plane,1,24,"22,27,32,37",1.9888189518952242,1.4739565424725376,-4.3811468074300635,-4.12594372081762,-10.573093054559498,-8.746827199582238,0.46384050650402725,-10.204081324463212,-7.006349608092658,-8.143477864865886,-10.530147084911327
vvc_rdo_lpips_bh8_20260907_082853,wlpips_bh8_tau3_rdoq,wlpips_bh8,lpips,gnblock,block,3,256,3.0,16,m/16 if sigma>0 else 1,none,99.5,per_plane,1,24,"22,27,32,37",1.1924136440205688,0.7960406626448978,-3.8619693585578445,-3.559258780485783,-8.449793356234442,-6.628020494676139,0.013384674526481047,-8.480115064435054,-5.812079075863988,-6.725051936618745,-8.736492405900067
vvc_rdo_lpips_bh8_20260907_082853,wlpips_bh8_tau4_rdoq,wlpips_bh8,lpips,gnblock,block,4,256,3.0,16,m/16 if sigma>0 else 1,none,99.5,per_plane,1,24,"22,27,32,37",0.8237552546928725,0.504834792135827,-3.2472682887283795,-3.047661637600131,-7.471121641659913,-6.197830101160662,-0.12527911875053152,-7.18062071062871,-4.989453866084702,-5.761591383804031,-7.446755036683335
vvc_rdo_lpips_bh8_20260907_082853,wlpips_bh8_tau6_rdoq,wlpips_bh8,lpips,gnblock,block,6,256,3.0,16,m/16 if sigma>0 else 1,none,99.5,per_plane,1,24,"22,27,32,37",0.43800563244084884,0.19263581020605344,-2.59821123413438,-2.4464012521257463,-6.01100611926925,-4.506382572658256,-0.28365116218183883,-5.644555174068334,-4.01196852984906,-4.613221093141278,-5.968276568379662
vvc_rdo_dists_dgnb8j3_20260907_182245,wdists_dgnb8j3_tau0.25_rdoq,wdists_dgnb8j3,dists,gnblock,block,0.25,256,3.0,16,m/16 if sigma>0 else 1,none,99.5,per_plane,1,24,"22,27,32,37",29.747324060883937,27.328715159744224,22.370792520118968,21.027626069931348,3.6866868951647684,-17.985883014278045,23.047714139849386,9.787326378731814,3.533030863542996,1.3835388112586593,0.7100030599658446
vvc_rdo_dists_dgnb8j3_20260907_182245,wdists_dgnb8j3_tau0.5_rdoq,wdists_dgnb8j3,dists,gnblock,block,0.5,256,3.0,16,m/16 if sigma>0 else 1,none,99.5,per_plane,1,24,"22,27,32,37",18.590916153775925,16.86939290637794,12.795495649604234,12.313349566197862,-0.6864947716238533,-18.822161112555136,13.797364026463518,3.6202037786353585,-0.6540086698198729,-2.4086219246749905,-3.2501391243809383
vvc_rdo_dists_dgnb8j3_20260907_182245,wdists_dgnb8j3_tau1_rdoq,wdists_dgnb8j3,dists,gnblock,block,1,256,3.0,16,m/16 if sigma>0 else 1,none,99.5,per_plane,1,24,"22,27,32,37",11.42641056105763,10.11502819238824,7.348031695286003,6.927717996063456,-3.759028311891028,-18.749134205741967,7.759236595596818,-0.37175016509503883,-3.4817296145012033,-4.9731208326433505,-5.951047922074056
vvc_rdo_dists_dgnb8j3_20260907_182245,wdists_dgnb8j3_tau2_rdoq,wdists_dgnb8j3,dists,gnblock,block,2,256,3.0,16,m/16 if sigma>0 else 1,none,99.5,per_plane,1,24,"22,27,32,37",6.838153591961555,5.87320993067453,3.918089300454971,3.706108887919877,-4.810903593752776,-16.764973432827272,4.130856894792611,-2.3896242353231045,-4.402382492584061,-5.62185693667265,-6.630119595125258
vvc_rdo_dists_dgnb8j3_20260907_182245,wdists_dgnb8j3_tau3_rdoq,wdists_dgnb8j3,dists,gnblock,block,3,256,3.0,16,m/16 if sigma>0 else 1,none,99.5,per_plane,1,24,"22,27,32,37",4.996278471811113,4.161063288992721,2.7360110563552227,2.4801079156548425,-4.689866939868087,-16.06184294659271,2.6530263113427757,-2.7322366358288677,-4.500611318953108,-5.542438831082504,-6.473418212422543
vvc_rdo_dists_dgnb8j3_20260907_182245,wdists_dgnb8j3_tau4_rdoq,wdists_dgnb8j3,dists,gnblock,block,4,256,3.0,16,m/16 if sigma>0 else 1,none,99.5,per_plane,1,24,"22,27,32,37",3.885466143916272,3.157826559078044,1.9971466364514334,1.772954584082675,-4.622225054493701,-14.259073989908932,1.8617217380788957,-3.115409488247547,-4.387500250321456,-5.3162239401169735,-6.196437972186392
vvc_rdo_dists_dgnb8j3_20260907_182245,wdists_dgnb8j3_tau6_rdoq,wdists_dgnb8j3,dists,gnblock,block,6,256,3.0,16,m/16 if sigma>0 else 1,none,99.5,per_plane,1,24,"22,27,32,37",2.715011136743343,2.1259987765586583,1.1658211767783937,1.0553306597141914,-4.232219324189095,-12.796000598279635,1.0480104865218964,-2.816984685391683,-4.013242996188691,-4.788343680112252,-5.600497051368593
vvc_rdo_wd_gnj3_20260907_183419,wwd_gnj3_tau0.0625_rdoq,wwd_gnj3,wd,gn,diag,0.0625,256,3.0,16,m/16 if sigma>0 else 1,none,99.5,per_plane,1,24,"22,27,32,37",8.051381854523827,6.794312636110003,-11.064225723576437,-9.57219019993653,-11.304816296677608,-10.648642722710486,4.664481699771493,-7.506864264136918,-11.618099157671404,-13.434719837270933,-15.377335501831913
vvc_rdo_wd_gnj3_20260907_183419,wwd_gnj3_tau0.125_rdoq,wwd_gnj3,wd,gn,diag,0.125,256,3.0,16,m/16 if sigma>0 else 1,none,99.5,per_plane,1,24,"22,27,32,37",6.129377525901293,5.106546940040137,-10.300998958856175,-9.018490196407557,-10.489284866479437,-9.50218958917379,3.329449773962962,-6.949124221729552,-10.799835470352177,-12.397870109561708,-14.150268589041167
vvc_rdo_wd_gnj3_20260907_183419,wwd_gnj3_tau0.25_rdoq,wwd_gnj3,wd,gn,diag,0.25,256,3.0,16,m/16 if sigma>0 else 1,none,99.5,per_plane,1,24,"22,27,32,37",4.004958874108513,3.2361901184410296,-9.265695127469074,-7.979542248893747,-9.394314742235366,-8.554798891203673,1.878721955369351,-6.428085301785281,-9.568079226295163,-10.906178509082904,-12.455051715295733
vvc_rdo_wd_gnj3_20260907_183419,wwd_gnj3_tau0.5_rdoq,wwd_gnj3,wd,gn,diag,0.5,256,3.0,16,m/16 if sigma>0 else 1,none,99.5,per_plane,1,24,"22,27,32,37",2.1684886769107004,1.6614204162944048,-7.546555737460338,-6.529253706330274,-7.800568590974613,-7.546591327300504,0.7729139111433626,-5.313472231355726,-7.78285887869933,-8.811369742553154,-10.107730889584566
vvc_rdo_wd_gnj3_20260907_183419,wwd_gnj3_tau1_rdoq,wwd_gnj3,wd,gn,diag,1,256,3.0,16,m/16 if sigma>0 else 1,none,99.5,per_plane,1,24,"22,27,32,37",0.9179829753219534,0.6037063966984668,-5.492009229004857,-4.797126927895186,-5.781426980775127,-5.9666852285704275,0.023970406405930216,-3.7441165425672565,-5.8635092904898825,-6.597385767995378,-7.504723377071895
vvc_rdo_wd_gnj3_20260907_183419,wwd_gnj3_tau2_rdoq,wwd_gnj3,wd,gn,diag,2,256,3.0,16,m/16 if sigma>0 else 1,none,99.5,per_plane,1,24,"22,27,32,37",0.3038296763069636,0.15121304337235944,-3.6076817953234355,-3.2345301129851074,-3.8228482885867785,-3.8096895825098653,-0.11721744768434562,-2.6431926764475824,-3.7974609946452476,-4.254270084815126,-4.821659742394598
vvc_rdo_wd_gnj3_20260907_183419,wwd_gnj3_tau3_rdoq,wwd_gnj3,wd,gn,diag,3,256,3.0,16,m/16 if sigma>0 else 1,none,99.5,per_plane,1,24,"22,27,32,37",0.20609551218167219,0.05786671839321892,-2.7641144706203646,-2.4404719352413213,-2.98988329911789,-2.973286537290368,-0.20498201006673525,-1.927429377374689,-3.1271305630667796,-3.5061454565997217,-4.013867095677036
vvc_rdo_wd_gnj3_20260907_183419,wwd_gnj3_tau4_rdoq,wwd_gnj3,wd,gn,diag,4,256,3.0,16,m/16 if sigma>0 else 1,none,99.5,per_plane,1,24,"22,27,32,37",0.06967939956070886,-0.035950482960280895,-2.2758008600489212,-2.0292111448204766,-2.3036351437386178,-2.3772198232543107,-0.22272371636722585,-1.4273137800916098,-2.4857936626788106,-2.779002792277755,-3.1686605762972775
vvc_rdo_wd_gnj3_20260907_183419,wwd_gnj3_tau6_rdoq,wwd_gnj3,wd,gn,diag,6,256,3.0,16,m/16 if sigma>0 else 1,none,99.5,per_plane,1,24,"22,27,32,37",-0.0036479046435643667,-0.06382237927818381,-1.7050987402337927,-1.5420802793388375,-1.9197460295485413,-2.1501311216649985,-0.1820019395233329,-1.063594151698253,-1.8532589875452914,-2.088080402373123,-2.455047515972803
vvc_rdo_wd_gnb8j3_20260907_214137,wwd_gnb8j3_tau0.25_rdoq,wwd_gnb8j3,wd,gnblock,block,0.25,256,3.0,16,m/16 if sigma>0 else 1,none,99.5,per_plane,1,24,"22,27,32,37",17.82029593689252,15.055001024977912,-9.60184735543826,-7.932457719912179,-13.957620320874353,-14.661943473343468,9.888819432218694,-10.815611726090992,-17.775573249136116,-21.66657442284279,-25.505554630650636
vvc_rdo_wd_gnb8j3_20260907_214137,wwd_gnb8j3_tau0.5_rdoq,wwd_gnb8j3,wd,gnblock,block,0.5,256,3.0,16,m/16 if sigma>0 else 1,none,99.5,per_plane,1,24,"22,27,32,37",12.363438953634803,10.07691247559469,-9.766517302995815,-8.143979823383988,-13.987255774347949,-15.544370206948534,5.729403886580737,-10.99583797346631,-17.451113716816167,-20.858648446936467,-24.453209700864974
vvc_rdo_wd_gnb8j3_20260907_214137,wwd_gnb8j3_tau1_rdoq,wwd_gnb8j3,wd,gnblock,block,1,256,3.0,16,m/16 if sigma>0 else 1,none,99.5,per_plane,1,24,"22,27,32,37",7.710738731710717,5.891442085082697,-9.214169656533835,-7.809870152343049,-12.955757322740546,-14.566508792233819,2.430740066691048,-10.936805916091537,-16.066751339113495,-18.899627779160237,-22.150248603908626
vvc_rdo_wd_gnb8j3_20260907_214137,wwd_gnb8j3_tau2_rdoq,wwd_gnb8j3,wd,gnblock,block,2,256,3.0,16,m/16 if sigma>0 else 1,none,99.5,per_plane,1,24,"22,27,32,37",4.191713121849043,2.8351559136282014,-8.053662793701871,-6.923063489550862,-11.291479250772332,-12.512317043954772,0.23357800062896128,-9.112681131973412,-13.78819244480043,-16.00790563693943,-18.748804745783705
vvc_rdo_wd_gnb8j3_20260907_214137,wwd_gnb8j3_tau3_rdoq,wwd_gnb8j3,wd,gnblock,block,3,256,3.0,16,m/16 if sigma>0 else 1,none,99.5,per_plane,1,24,"22,27,32,37",2.785545015130859,1.6932042465706918,-7.228624884309972,-6.1767797021588295,-10.238860688921894,-11.706687660111323,-0.4047999956474711,-7.986284437005394,-12.03264074650852,-13.909232880923705,-16.485066363435582
vvc_rdo_wd_gnb8j3_20260907_214137,wwd_gnb8j3_tau4_rdoq,wwd_gnb8j3,wd,gnblock,block,4,256,3.0,16,m/16 if sigma>0 else 1,none,99.5,per_plane,1,24,"22,27,32,37",2.0084114934445747,1.071000899892204,-6.354921953997231,-5.518373694047597,-8.815459918982674,-9.297925566339442,-0.7246893214305823,-7.18347516869463,-10.739762560871066,-12.360625684608976,-14.608852862149655
vvc_rdo_wd_gnb8j3_20260907_214137,wwd_gnb8j3_tau6_rdoq,wwd_gnb8j3,wd,gnblock,block,6,256,3.0,16,m/16 if sigma>0 else 1,none,99.5,per_plane,1,24,"22,27,32,37",1.2732377541096787,0.5414069473307705,-5.320547624602303,-4.545766753855147,-7.20305564391228,-8.012726868455589,-0.8797068230985596,-5.815632961900438,-8.805091692356164,-10.118335709631472,-12.034409538500867
vvc_rdo_lpips_bh8j6_20260908_003718,wlpips_bh8j6_tau0.5_rdoq,wlpips_bh8j6,lpips,gnblock,block,0.5,256,6.0,16,m/16 if sigma>0 else 1,none,99.5,per_plane,1,24,"22,27,32,37",6.8615112680561126,5.65493930340478,-5.839425768476648,-5.621686957412756,-13.625242367367965,-9.420196442292081,3.3933482433827673,-14.422085144436954,-9.84115493330235,-11.701444220789554,-14.887642159691021
vvc_rdo_lpips_bh8j6_20260908_003718,wlpips_bh8j6_tau1_rdoq,wlpips_bh8j6,lpips,gnblock,block,1,256,6.0,16,m/16 if sigma>0 else 1,none,99.5,per_plane,1,24,"22,27,32,37",3.6990022429244562,2.8315487907834727,-5.211156231054381,-4.992492843326029,-11.647825366108528,-8.92669217092635,1.1910401896969671,-12.286333952996637,-8.607323375013385,-10.054862043821984,-12.638112117588696
vvc_rdo_lpips_bh8j6_20260908_003718,wlpips_bh8j6_tau2_rdoq,wlpips_bh8j6,lpips,gnblock,block,2,256,6.0,16,m/16 if sigma>0 else 1,none,99.5,per_plane,1,24,"22,27,32,37",1.768527678344307,1.1722264558242905,-4.287641915943358,-3.9976410948818653,-8.962918933956795,-6.955032654643657,0.05215040042520214,-9.508044342397962,-6.778671594498146,-7.829126108800396,-9.748931922132607
vvc_rdo_lpips_bh8j10_20260908_013051,wlpips_bh8j10_tau0.5_rdoq,wlpips_bh8j10,lpips,gnblock,block,0.5,256,10.0,16,m/16 if sigma>0 else 1,none,99.5,per_plane,1,24,"22,27,32,37",5.621270938337858,4.406915931372624,-3.8661134225905003,-3.925357260011419,-9.682676720063755,-6.416845765444871,2.1789008960878173,-11.703054912917489,-8.164861349396121,-9.679041244740551,-11.897556990489077
vvc_rdo_lpips_bh8j10_20260908_013051,wlpips_bh8j10_tau1_rdoq,wlpips_bh8j10,lpips,gnblock,block,1,256,10.0,16,m/16 if sigma>0 else 1,none,99.5,per_plane,1,24,"22,27,32,37",3.2762617272001378,2.3102405701754,-3.4394775863842337,-3.4785222308298445,-8.297393316639962,-6.068364371393069,0.5598634716090743,-10.160589776650937,-7.184935344963416,-8.36694381735866,-10.164447239096779
vvc_rdo_lpips_bh8j10_20260908_013051,wlpips_bh8j10_tau2_rdoq,wlpips_bh8j10,lpips,gnblock,block,2,256,10.0,16,m/16 if sigma>0 else 1,none,99.5,per_plane,1,24,"22,27,32,37",1.7022441481863815,1.0071669186808443,-2.9323862287387796,-2.8770131057925603,-6.221696955940139,-5.0065897525252145,-0.23301126672784314,-7.7700349079086,-5.643592657068329,-6.501578344532661,-7.8070889920563085
vvc_rdo_wd_gnj3_20260908_021104,wwd_gnj3_tau0.03125_rdoq,wwd_gnj3,wd,gn,diag,0.03125,256,3.0,16,m/16 if sigma>0 else 1,none,99.5,per_plane,1,24,"22,27,32,37",9.464709973871903,8.048284878543031,-11.264775033985813,-9.831899759086363,-11.598808862553803,-10.361156068670061,5.618696347928025,-7.636595187643671,-12.031780621324769,-13.98234405349676,-16.045514099343013
vvc_rdo_wd_gnj3_20260908_021104,wwd_gnj3_tau0.0625_rdoq,wwd_gnj3,wd,gn,diag,0.0625,256,3.0,16,m/16 if sigma>0 else 1,none,99.5,per_plane,1,24,"22,27,32,37",8.051381854523827,6.794312636110003,-11.064225723576437,-9.57219019993653,-11.304816296677608,-10.648642722710486,4.664481699771493,-7.506864264136918,-11.618099157671404,-13.434719837270933,-15.377335501831913
vvc_rdo_wd_gnj3_20260908_021104,wwd_gnj3_tau0.125_rdoq,wwd_gnj3,wd,gn,diag,0.125,256,3.0,16,m/16 if sigma>0 else 1,none,99.5,per_plane,1,24,"22,27,32,37",6.129377525901293,5.106546940040137,-10.300998958856175,-9.018490196407557,-10.489284866479437,-9.50218958917379,3.329449773962962,-6.949124221729552,-10.799835470352177,-12.397870109561708,-14.150268589041167
vvc_rdo_wd_gnj3_20260908_021104,wwd_gnj3_tau0.25_rdoq,wwd_gnj3,wd,gn,diag,0.25,256,3.0,16,m/16 if sigma>0 else 1,none,99.5,per_plane,1,24,"22,27,32,37",4.004958874108513,3.2361901184410296,-9.265695127469074,-7.979542248893747,-9.394314742235366,-8.554798891203673,1.878721955369351,-6.428085301785281,-9.568079226295163,-10.906178509082904,-12.455051715295733
vvc_rdo_wd_gnj3_20260908_021104,wwd_gnj3_tau0.5_rdoq,wwd_gnj3,wd,gn,diag,0.5,256,3.0,16,m/16 if sigma>0 else 1,none,99.5,per_plane,1,24,"22,27,32,37",2.1684886769107004,1.6614204162944048,-7.546555737460338,-6.529253706330274,-7.800568590974613,-7.546591327300504,0.7729139111433626,-5.313472231355726,-7.78285887869933,-8.811369742553154,-10.107730889584566
vvc_rdo_wd_gnj3_20260908_021104,wwd_gnj3_tau1_rdoq,wwd_gnj3,wd,gn,diag,1,256,3.0,16,m/16 if sigma>0 else 1,none,99.5,per_plane,1,24,"22,27,32,37",0.9179829753219534,0.6037063966984668,-5.492009229004857,-4.797126927895186,-5.781426980775127,-5.9666852285704275,0.023970406405930216,-3.7441165425672565,-5.8635092904898825,-6.597385767995378,-7.504723377071895
vvc_rdo_wd_gnj3_20260908_021104,wwd_gnj3_tau2_rdoq,wwd_gnj3,wd,gn,diag,2,256,3.0,16,m/16 if sigma>0 else 1,none,99.5,per_plane,1,24,"22,27,32,37",0.3038296763069636,0.15121304337235944,-3.6076817953234355,-3.2345301129851074,-3.8228482885867785,-3.8096895825098653,-0.11721744768434562,-2.6431926764475824,-3.7974609946452476,-4.254270084815126,-4.821659742394598
vvc_rdo_wd_gnj3_20260908_021104,wwd_gnj3_tau3_rdoq,wwd_gnj3,wd,gn,diag,3,256,3.0,16,m/16 if sigma>0 else 1,none,99.5,per_plane,1,24,"22,27,32,37",0.20609551218167219,0.05786671839321892,-2.7641144706203646,-2.4404719352413213,-2.98988329911789,-2.973286537290368,-0.20498201006673525,-1.927429377374689,-3.1271305630667796,-3.5061454565997217,-4.013867095677036
vvc_rdo_wd_gnj3_20260908_021104,wwd_gnj3_tau4_rdoq,wwd_gnj3,wd,gn,diag,4,256,3.0,16,m/16 if sigma>0 else 1,none,99.5,per_plane,1,24,"22,27,32,37",0.06967939956070886,-0.035950482960280895,-2.2758008600489212,-2.0292111448204766,-2.3036351437386178,-2.3772198232543107,-0.22272371636722585,-1.4273137800916098,-2.4857936626788106,-2.779002792277755,-3.1686605762972775
vvc_rdo_wd_gnj3_20260908_021104,wwd_gnj3_tau6_rdoq,wwd_gnj3,wd,gn,diag,6,256,3.0,16,m/16 if sigma>0 else 1,none,99.5,per_plane,1,24,"22,27,32,37",-0.0036479046435643667,-0.06382237927818381,-1.7050987402337927,-1.5420802793388375,-1.9197460295485413,-2.1501311216649985,-0.1820019395233329,-1.063594151698253,-1.8532589875452914,-2.088080402373123,-2.455047515972803
vvc_rdo_lpips_bh8j6_20260908_054052,wlpips_bh8j6_tau0.25_rdoq,wlpips_bh8j6,lpips,gnblock,block,0.25,256,6.0,16,m/16 if sigma>0 else 1,none,99.5,per_plane,1,24,"22,27,32,37",11.322828130552493,9.75860073558028,-6.122823237509796,-5.839970897769132,-14.930143725169449,-10.001324605844545,6.853388403674451,-15.814434404259105,-10.368102199469112,-12.66314173337831,-16.39946891581982
vvc_rdo_lpips_bh8j10_20260908_064441,wlpips_bh8j10_tau0.25_rdoq,wlpips_bh8j10,lpips,gnblock,block,0.25,256,10.0,16,m/16 if sigma>0 else 1,none,99.5,per_plane,1,24,"22,27,32,37",8.579390009099011,7.077191643638599,-3.976472713447114,-4.024517118367085,-10.349567468380068,-6.7902239588484035,4.319989282323941,-12.784964765325478,-8.537103692009552,-10.326139213777227,-12.935281291371174
vvc_rdo_lpips_hb8m256_20260912_100851,wlpips_hb8m256_tau0.25,wlpips_hb8m256,lpips,hutchblock,block,0.25,256,0.0,1,m/16 if sigma>0 else 1,none,99.5,per_plane,0,24,"22,27,32,37",32.45470573484798,30.20879824747308,14.913022521488307,15.541132151290086,2.823978573928444,5.972061410844133,25.99431897452069,2.963993435812995,,,
vvc_rdo_lpips_hb8m256_20260912_100851,wlpips_hb8m256_tau0.5,wlpips_hb8m256,lpips,hutchblock,block,0.5,256,0.0,1,m/16 if sigma>0 else 1,none,99.5,per_plane,0,24,"22,27,32,37",15.737167207677727,14.625419387358951,8.827331523603709,8.690778338828936,-2.222199224178498,-0.9323139410215857,12.451480413437741,-2.1247826959513594,,,
vvc_rdo_lpips_hb8m256_20260912_100851,wlpips_hb8m256_tau1,wlpips_hb8m256,lpips,hutchblock,block,1,256,0.0,1,m/16 if sigma>0 else 1,none,99.5,per_plane,0,24,"22,27,32,37",8.09927227047127,7.4383059868204455,4.57418534842309,4.197551022690832,-4.927140066654058,-4.254983041205619,6.098219034794885,-4.932093989879396,,,
vvc_rdo_lpips_hb8m256_20260912_100851,wlpips_hb8m256_tau2,wlpips_hb8m256,lpips,hutchblock,block,2,256,0.0,1,m/16 if sigma>0 else 1,none,99.5,per_plane,0,24,"22,27,32,37",4.070156081066051,3.610027042623713,1.8831018452928792,1.4520730568417646,-5.956447377198778,-5.090547781257274,2.7052251425757325,-5.569027585520147,,,
vvc_rdo_lpips_hb8m256_20260912_100851,wlpips_hb8m256_tau4,wlpips_hb8m256,lpips,hutchblock,block,4,256,0.0,1,m/16 if sigma>0 else 1,none,99.5,per_plane,0,24,"22,27,32,37",1.854570334858585,1.5582613194729718,0.31915241605477246,0.09060355919995322,-5.016459695656439,-4.5252708670199615,0.9775074883950733,-4.5664385193822215,,,
vvc_rdo_lpips_hb8m256_20260912_100851,wlpips_hb8m256_tau0.25_rdoq,wlpips_hb8m256,lpips,hutchblock,block,0.25,256,0.0,1,m/16 if sigma>0 else 1,none,99.5,per_plane,1,24,"22,27,32,37",38.57269359612174,35.58437634190363,14.005332132405854,14.39853078790575,-5.076229802227942,-0.6403571383276381,30.180202111408693,-3.8905456768727382,,,
vvc_rdo_lpips_hb8m256_20260912_100851,wlpips_hb8m256_tau0.5_rdoq,wlpips_hb8m256,lpips,hutchblock,block,0.5,256,0.0,1,m/16 if sigma>0 else 1,none,99.5,per_plane,1,24,"22,27,32,37",19.5815805902546,17.952493787986725,6.345755343017384,6.647070534542158,-7.473242413650911,-3.752524398426741,14.954471522671248,-6.390999975449726,,,
vvc_rdo_lpips_hb8m256_20260912_100851,wlpips_hb8m256_tau1_rdoq,wlpips_hb8m256,lpips,hutchblock,block,1,256,0.0,1,m/16 if sigma>0 else 1,none,99.5,per_plane,1,24,"22,27,32,37",9.599234949387187,8.671342711322392,2.299644359179897,2.3244723263239373,-8.234187984230248,-6.305143448702047,6.910102460397277,-7.476415232055385,,,
vvc_rdo_lpips_hb8m256_20260912_100851,wlpips_hb8m256_tau2_rdoq,wlpips_hb8m256,lpips,hutchblock,block,2,256,0.0,1,m/16 if sigma>0 else 1,none,99.5,per_plane,1,24,"22,27,32,37",4.557026252371181,3.9988983525113517,0.4805729632680695,0.3103368227525216,-7.561360773578204,-6.452832448522851,2.9029978059263573,-6.69110174466995,,,
vvc_rdo_lpips_hb8m256_20260912_100851,wlpips_hb8m256_tau4_rdoq,wlpips_hb8m256,lpips,hutchblock,block,4,256,0.0,1,m/16 if sigma>0 else 1,none,99.5,per_plane,1,24,"22,27,32,37",1.9772160414617934,1.6433615854908599,-0.6005583726901285,-0.6811832290715829,-6.339601862550887,-5.597344264865271,0.972059667854125,-5.768497253485403,,,
vvc_rdo_dists_dhb8m256_20260912_140006,wdists_dhb8m256_tau0.25,wdists_dhb8m256,dists,hutchblock,block,0.25,256,0.0,1,m/16 if sigma>0 else 1,none,99.5,per_plane,0,24,"22,27,32,37",nan,nan,145.08097937626115,139.13523176254805,187.87481763321745,194.39681950733237,nan,216.6529553356993,,,
vvc_rdo_dists_dhb8m256_20260912_140006,wdists_dhb8m256_tau0.5,wdists_dhb8m256,dists,hutchblock,block,0.5,256,0.0,1,m/16 if sigma>0 else 1,none,99.5,per_plane,0,24,"22,27,32,37",217.05782781666932,210.67080530047963,256.78824553581757,268.1941670901147,153.4811848631348,159.87286569469526,195.96363689551487,195.901725720512,,,
vvc_rdo_dists_dhb8m256_20260912_140006,wdists_dhb8m256_tau1,wdists_dhb8m256,dists,hutchblock,block,1,256,0.0,1,m/16 if sigma>0 else 1,none,99.5,per_plane,0,24,"22,27,32,37",377.1145284526631,344.393037753895,200.08877880382883,193.98212463982145,122.60677903907606,153.23507329691762,296.71999513782447,152.30701629084243,,,
vvc_rdo_dists_dhb8m256_20260912_140006,wdists_dhb8m256_tau2,wdists_dhb8m256,dists,hutchblock,block,2,256,0.0,1,m/16 if sigma>0 else 1,none,99.5,per_plane,0,24,"22,27,32,37",246.68567067452796,259.07070077131624,140.46014265287135,148.97157558420204,76.74030361797668,97.16166687842953,230.83486197237053,101.25661876816093,,,
vvc_rdo_dists_dhb8m256_20260912_140006,wdists_dhb8m256_tau4,wdists_dhb8m256,dists,hutchblock,block,4,256,0.0,1,m/16 if sigma>0 else 1,none,99.5,per_plane,0,24,"22,27,32,37",174.26679153338495,162.52461829486492,88.01675814557085,87.87535302664162,45.26719551376084,63.93753297026715,142.3272011113203,56.76485609415065,,,
vvc_rdo_dists_dhb8m256_20260912_140006,wdists_dhb8m256_tau0.25_rdoq,wdists_dhb8m256,dists,hutchblock,block,0.25,256,0.0,1,m/16 if sigma>0 else 1,none,99.5,per_plane,1,24,"22,27,32,37",nan,nan,152.48606074985585,150.78221490822625,180.54585044288262,187.8781978826793,nan,199.01690334691932,,,
vvc_rdo_dists_dhb8m256_20260912_140006,wdists_dhb8m256_tau0.5_rdoq,wdists_dhb8m256,dists,hutchblock,block,0.5,256,0.0,1,m/16 if sigma>0 else 1,none,99.5,per_plane,1,24,"22,27,32,37",217.34845396756063,210.98483989271895,244.93106806141404,245.5172967022551,144.49672373115803,153.11955336517613,196.5206390933401,182.7399718300896,,,
vvc_rdo_dists_dhb8m256_20260912_140006,wdists_dhb8m256_tau1_rdoq,wdists_dhb8m256,dists,hutchblock,block,1,256,0.0,1,m/16 if sigma>0 else 1,none,99.5,per_plane,1,24,"22,27,32,37",367.75949502783095,319.5855028879337,186.049952355928,189.89260947805144,120.55905946402227,152.792429305854,285.27047636757857,145.25777740538183,,,
vvc_rdo_dists_dhb8m256_20260912_140006,wdists_dhb8m256_tau2_rdoq,wdists_dhb8m256,dists,hutchblock,block,2,256,0.0,1,m/16 if sigma>0 else 1,none,99.5,per_plane,1,24,"22,27,32,37",251.45615203093575,226.8526932405493,130.11741128485335,131.36348698610885,74.60551032880896,95.17442866245322,220.9429492664794,97.60872536600466,,,
vvc_rdo_dists_dhb8m256_20260912_140006,wdists_dhb8m256_tau4_rdoq,wdists_dhb8m256,dists,hutchblock,block,4,256,0.0,1,m/16 if sigma>0 else 1,none,99.5,per_plane,1,24,"22,27,32,37",174.51127478478108,163.04164287867425,88.14397048509153,87.59573046335669,44.113369501249345,55.53752074778967,142.02254656711307,57.10616141395553,,,
vvc_rdo_dists_dhb8m256psd_20260913_095650,wdists_dhb8m256psd_tau0.25,wdists_dhb8m256psd,dists,hutchblock,block,0.25,256,0.0,1,m/16 if sigma>0 else 1,eigh,99.5,per_plane,0,24,"22,27,32,37",28.27238693800581,26.492410271276793,24.676435634264198,25.011555700884838,17.45917898151345,-1.597663591139674,23.170060744748678,20.724782551276896,,,
vvc_rdo_dists_dhb8m256psd_20260913_095650,wdists_dhb8m256psd_tau0.5,wdists_dhb8m256psd,dists,hutchblock,block,0.5,256,0.0,1,m/16 if sigma>0 else 1,eigh,99.5,per_plane,0,24,"22,27,32,37",16.835226200626526,15.825765908001136,15.723022926956807,15.435202714489266,8.80446195019455,-5.38416832796262,13.888378934517112,10.433737676314651,,,
vvc_rdo_dists_dhb8m256psd_20260913_095650,wdists_dhb8m256psd_tau1,wdists_dhb8m256psd,dists,hutchblock,block,1,256,0.0,1,m/16 if sigma>0 else 1,eigh,99.5,per_plane,0,24,"22,27,32,37",10.604236931311725,9.891344335480518,9.790753668547046,9.475796172105351,3.395428491249032,-7.442475232753554,8.52631117338807,4.0536647762117335,,,
vvc_rdo_dists_dhb8m256psd_20260913_095650,wdists_dhb8m256psd_tau2,wdists_dhb8m256psd,dists,hutchblock,block,2,256,0.0,1,m/16 if sigma>0 else 1,eigh,99.5,per_plane,0,24,"22,27,32,37",6.648865336674163,6.0839813150082,5.9335793184205485,5.650246028496551,0.1416441310229203,-9.184545794158229,5.03227635392516,0.8860819149044742,,,
vvc_rdo_dists_dhb8m256psd_20260913_095650,wdists_dhb8m256psd_tau4,wdists_dhb8m256psd,dists,hutchblock,block,4,256,0.0,1,m/16 if sigma>0 else 1,eigh,99.5,per_plane,0,24,"22,27,32,37",3.896240324747648,3.485209879101921,3.358694540709209,3.0761181464436285,-1.3913432074705512,-8.134770774904629,2.6972251247864834,-0.8467912321597312,,,
vvc_rdo_dists_dhb8m256psd_20260913_095650,wdists_dhb8m256psd_tau0.25_rdoq,wdists_dhb8m256psd,dists,hutchblock,block,0.25,256,0.0,1,m/16 if sigma>0 else 1,eigh,99.5,per_plane,1,24,"22,27,32,37",32.69362373486053,30.562683566881095,29.025625173023325,27.952216807940715,13.787337557542168,-6.961741136884651,26.856845917407203,17.621857328350075,,,
vvc_rdo_dists_dhb8m256psd_20260913_095650,wdists_dhb8m256psd_tau0.5_rdoq,wdists_dhb8m256psd,dists,hutchblock,block,0.5,256,0.0,1,m/16 if sigma>0 else 1,eigh,99.5,per_plane,1,24,"22,27,32,37",19.946520354757318,18.65380772116238,16.898339828601394,16.58299463938444,6.701043898157322,-9.566782151780624,16.379047355383175,9.805068492775481,,,
vvc_rdo_dists_dhb8m256psd_20260913_095650,wdists_dhb8m256psd_tau1_rdoq,wdists_dhb8m256psd,dists,hutchblock,block,1,256,0.0,1,m/16 if sigma>0 else 1,eigh,99.5,per_plane,1,24,"22,27,32,37",12.051843386558252,11.145156644459226,10.13216951759114,9.773918260469733,2.0356245397559865,-10.80976475422191,9.504749158088122,4.174530942045931,,,
vvc_rdo_dists_dhb8m256psd_20260913_095650,wdists_dhb8m256psd_tau2_rdoq,wdists_dhb8m256psd,dists,hutchblock,block,2,256,0.0,1,m/16 if sigma>0 else 1,eigh,99.5,per_plane,1,24,"22,27,32,37",7.226250939070678,6.585931036122935,5.959420046352785,5.686146546480618,-0.30476477382865363,-10.546051822681832,5.420571804143445,1.0494432034609196,,,
vvc_rdo_dists_dhb8m256psd_20260913_095650,wdists_dhb8m256psd_tau4_rdoq,wdists_dhb8m256psd,dists,hutchblock,block,4,256,0.0,1,m/16 if sigma>0 else 1,eigh,99.5,per_plane,1,24,"22,27,32,37",4.095509826289184,3.6599677162537936,3.257635245865723,3.0425275141792185,-1.2319522725125884,-9.534330749587088,2.8585083602070616,-0.4128396082325852,,,
vvc_rdo_lpips_bh8n64_20260913_114727,wlpips_bh8n64_tau0.25,wlpips_bh8n64,lpips,gnblock,block,0.25,64,3.0,4,m/16 if sigma>0 else 1,none,99.5,per_plane,0,24,"22,27,32,37",12.745197246545992,11.4595664390759,-0.5288579675427193,-0.0871703965436736,-10.22376956197387,-5.440027925371541,8.955407885640371,-10.064855496582533,-5.555370553445773,-7.580933553147713,-11.842959641533254
vvc_rdo_lpips_bh8n64_20260913_114727,wlpips_bh8n64_tau0.5,wlpips_bh8n64,lpips,gnblock,block,0.5,64,3.0,4,m/16 if sigma>0 else 1,none,99.5,per_plane,0,24,"22,27,32,37",7.611074340986807,6.704592000630875,-1.5755168740431238,-1.2780540727288792,-10.564850940166167,-7.1998308469366235,4.93120519183972,-10.291255281941345,-6.055602778183918,-7.683380695202321,-11.349684589739434
vvc_rdo_lpips_bh8n64_20260913_114727,wlpips_bh8n64_tau1,wlpips_bh8n64,lpips,gnblock,block,1,64,3.0,4,m/16 if sigma>0 else 1,none,99.5,per_plane,0,24,"22,27,32,37",4.282486902776906,3.635888498287256,-2.228387265805648,-2.0459986537746153,-9.822705466601095,-7.921656562510701,2.373711519955443,-9.818607682307151,-6.201136186904251,-7.519635077458413,-10.545560759576587
vvc_rdo_lpips_bh8n64_20260913_114727,wlpips_bh8n64_tau2,wlpips_bh8n64,lpips,gnblock,block,2,64,3.0,4,m/16 if sigma>0 else 1,none,99.5,per_plane,0,24,"22,27,32,37",2.1084985721642884,1.6663182136645276,-2.626102255729428,-2.441999489974432,-8.758528196362901,-7.152707009033871,0.7850861353036075,-8.236469519696298,-5.428647209883619,-6.4121568883808235,-8.688149426298516
vvc_rdo_lpips_bh8n64_20260913_114727,wlpips_bh8n64_tau4,wlpips_bh8n64,lpips,gnblock,block,4,64,3.0,4,m/16 if sigma>0 else 1,none,99.5,per_plane,0,24,"22,27,32,37",0.9020863586377362,0.600832019384039,-2.1638118292727264,-2.0146041884902828,-6.484480876206078,-5.397434579649395,0.04311743673915772,-6.013054767645845,-4.0709901080237545,-4.7476232400862735,-6.3878708893126275
vvc_rdo_lpips_bh8n64_20260913_114727,wlpips_bh8n64_tau0.25_rdoq,wlpips_bh8n64,lpips,gnblock,block,0.25,64,3.0,4,m/16 if sigma>0 else 1,none,99.5,per_plane,1,24,"22,27,32,37",17.647524484735506,15.799029606371874,-3.808310098528891,-3.0252864250951697,-15.418072762708968,-9.739300519862809,12.360643735031376,-14.308353689825429,-8.741504581040589,-11.548390602181499,-16.636115026121484
vvc_rdo_lpips_bh8n64_20260913_114727,wlpips_bh8n64_tau0.5_rdoq,wlpips_bh8n64,lpips,gnblock,block,0.5,64,3.0,4,m/16 if sigma>0 else 1,none,99.5,per_plane,1,24,"22,27,32,37",9.991537402369216,8.778810048443514,-4.7339450945703865,-3.998712390502373,-14.55314030299724,-10.370284955593723,6.4893656674095395,-13.802656920904198,-8.855416536252447,-11.019129398253929,-15.195635112042792
vvc_rdo_lpips_bh8n64_20260913_114727,wlpips_bh8n64_tau1_rdoq,wlpips_bh8n64,lpips,gnblock,block,1,64,3.0,4,m/16 if sigma>0 else 1,none,99.5,per_plane,1,24,"22,27,32,37",5.146890615479922,4.34008877128203,-4.632103318619108,-4.102444533418999,-12.60912809463332,-9.447200532727086,2.7904279085997956,-11.964435302097371,-8.182658527414212,-9.813094191031778,-13.146972112181631
vvc_rdo_lpips_bh8n64_20260913_114727,wlpips_bh8n64_tau2_rdoq,wlpips_bh8n64,lpips,gnblock,block,2,64,3.0,4,m/16 if sigma>0 else 1,none,99.5,per_plane,1,24,"22,27,32,37",2.3760771804294305,1.8433036183868712,-3.9597552747822893,-3.593151510544461,-10.099036996567536,-7.939783052264695,0.8213630666218492,-9.42238766836691,-6.685709202913249,-7.850185596551506,-10.372407584174839
vvc_rdo_lpips_bh8n64_20260913_114727,wlpips_bh8n64_tau4_rdoq,wlpips_bh8n64,lpips,gnblock,block,4,64,3.0,4,m/16 if sigma>0 else 1,none,99.5,per_plane,1,24,"22,27,32,37",0.9863551545126933,0.6424971720329011,-3.089223144549296,-2.8472695901829046,-7.469650540535594,-5.86468816291914,-0.01435365594807068,-7.137398211352743,-4.928424483300806,-5.7115918303103355,-7.472257656760156
vvc_rdo_lpips_bh8n32_20260913_114727,wlpips_bh8n32_tau0.25,wlpips_bh8n32,lpips,gnblock,block,0.25,32,3.0,2,m/16 if sigma>0 else 1,none,99.5,per_plane,0,24,"22,27,32,37",14.594334126756621,13.257160937017245,1.471668179487161,1.9687915432644296,-8.058964683809506,-3.463538063799049,10.658302673590457,-8.16647348807966,-3.8436117883101812,-5.95032965604856,-10.55675049868958
vvc_rdo_lpips_bh8n32_20260913_114727,wlpips_bh8n32_tau0.5,wlpips_bh8n32,lpips,gnblock,block,0.5,32,3.0,2,m/16 if sigma>0 else 1,none,99.5,per_plane,0,24,"22,27,32,37",8.822172772656186,7.886881723240697,0.06282163226745692,0.2880858426594972,-8.878297990896753,-5.791332922719195,6.076486283253778,-9.0284316402371,-4.720324283533453,-6.369042632836119,-10.208475077874317
vvc_rdo_lpips_bh8n32_20260913_114727,wlpips_bh8n32_tau1,wlpips_bh8n32,lpips,gnblock,block,1,32,3.0,2,m/16 if sigma>0 else 1,none,99.5,per_plane,0,24,"22,27,32,37",5.030626603903786,4.3607305093819875,-1.2260633743714504,-1.0936275120319332,-8.973005263072324,-6.856345427042356,3.0528317564388256,-8.878250244519043,-5.240161238480553,-6.55250512398585,-9.638606603102891
vvc_rdo_lpips_bh8n32_20260913_114727,wlpips_bh8n32_tau2,wlpips_bh8n32,lpips,gnblock,block,2,32,3.0,2,m/16 if sigma>0 else 1,none,99.5,per_plane,0,24,"22,27,32,37",2.5084124552465696,2.0807904607992977,-1.9428168206367644,-1.8271584849479297,-7.980730499181679,-6.4148842831016495,1.236691275217074,-7.806718297840781,-4.873950713633575,-5.8660211027658775,-8.298746689790699
vvc_rdo_lpips_bh8n32_20260913_114727,wlpips_bh8n32_tau4,wlpips_bh8n32,lpips,gnblock,block,4,32,3.0,2,m/16 if sigma>0 else 1,none,99.5,per_plane,0,24,"22,27,32,37",1.0620473268481359,0.7642723092705112,-1.8189207243502166,-1.7428271626985916,-5.964366472471741,-4.810541566633866,0.19851370306972624,-5.94015640285764,-3.836170023775349,-4.502592804971594,-6.153002374651937
vvc_rdo_lpips_bh8n32_20260913_114727,wlpips_bh8n32_tau0.25_rdoq,wlpips_bh8n32,lpips,gnblock,block,0.25,32,3.0,2,m/16 if sigma>0 else 1,none,99.5,per_plane,1,24,"22,27,32,37",19.651099360587324,17.78071789541073,-1.7234235504731898,-0.8547962489541862,-13.668550031611952,-7.626591100631221,14.308089111334304,-12.892775475923237,-6.85565226425798,-9.730678666301307,-15.146100984951673
vvc_rdo_lpips_bh8n32_20260913_114727,wlpips_bh8n32_tau0.5_rdoq,wlpips_bh8n32,lpips,gnblock,block,0.5,32,3.0,2,m/16 if sigma>0 else 1,none,99.5,per_plane,1,24,"22,27,32,37",11.275462802051296,10.02808375356135,-3.185061200435946,-2.449015754274017,-13.03575804672493,-9.334015166036885,7.676459243417028,-12.387910721437896,-7.5127057441778575,-9.69925075893912,-14.079347360778854
vvc_rdo_lpips_bh8n32_20260913_114727,wlpips_bh8n32_tau1_rdoq,wlpips_bh8n32,lpips,gnblock,block,1,32,3.0,2,m/16 if sigma>0 else 1,none,99.5,per_plane,1,24,"22,27,32,37",5.893405717660568,5.051648572584287,-3.543222893424914,-3.080130146986317,-11.671601900318223,-8.132296125986656,3.4345779496262225,-11.270311382394278,-7.27152876338524,-8.895830321663546,-12.38113984484796
vvc_rdo_lpips_bh8n32_20260913_114727,wlpips_bh8n32_tau2_rdoq,wlpips_bh8n32,lpips,gnblock,block,2,32,3.0,2,m/16 if sigma>0 else 1,none,99.5,per_plane,1,24,"22,27,32,37",2.75884806832345,2.221953794929309,-3.397388063932483,-3.072797419789566,-9.461107046529866,-7.2588060802525876,1.194334870904363,-9.222983719800924,-6.233827600302571,-7.40086014603784,-10.057148259232152
vvc_rdo_lpips_bh8n32_20260913_114727,wlpips_bh8n32_tau4_rdoq,wlpips_bh8n32,lpips,gnblock,block,4,32,3.0,2,m/16 if sigma>0 else 1,none,99.5,per_plane,1,24,"22,27,32,37",1.1565066332215943,0.8514554324922218,-2.733587558096763,-2.523728730950094,-6.918900892250362,-5.1818456986700205,0.2670994147066517,-6.427792383324452,-4.493137532976642,-5.249885743428284,-6.980574492741852
vvc_rdo_dists_dgnb8j3n16_20260913_115542,wdists_dgnb8j3n16_tau0.25,wdists_dgnb8j3n16,dists,gnblock,block,0.25,16,3.0,1,m/16 if sigma>0 else 1,none,99.5,per_plane,0,24,"22,27,32,37",27.25569498643132,25.2528581635014,21.041198035605124,21.78841335521409,12.936691912087474,-4.287152444134191,21.564988402105854,16.29463691240576,7.926619792521066,6.043271003703,3.777267221249549
vvc_rdo_dists_dgnb8j3n16_20260913_115542,wdists_dgnb8j3n16_tau0.5,wdists_dgnb8j3n16,dists,gnblock,block,0.5,16,3.0,1,m/16 if sigma>0 else 1,none,99.5,per_plane,0,24,"22,27,32,37",16.848879585783084,15.549183110382232,13.655978745586184,13.852369603592203,5.831288630324053,-7.490479232098283,13.103795290818127,7.601761206114015,3.931105031644924,2.6107747908253636,0.6720688821400626
vvc_rdo_dists_dgnb8j3n16_20260913_115542,wdists_dgnb8j3n16_tau1,wdists_dgnb8j3n16,dists,gnblock,block,1,16,3.0,1,m/16 if sigma>0 else 1,none,99.5,per_plane,0,24,"22,27,32,37",11.031417519353305,10.01718746451409,8.778800705418753,8.671808093271691,1.1042206876326859,-10.088970688472154,8.113199869907042,2.347443494735135,0.8468148400739399,-0.27874174862476625,-1.970663851753469
vvc_rdo_dists_dgnb8j3n16_20260913_115542,wdists_dgnb8j3n16_tau2,wdists_dgnb8j3n16,dists,gnblock,block,2,16,3.0,1,m/16 if sigma>0 else 1,none,99.5,per_plane,0,24,"22,27,32,37",7.031898919443553,6.244195580808719,5.364501884532881,5.2080755962839165,-1.2400051344465748,-10.85865946813117,4.760080919864689,-0.4719973462885377,-1.217269986519211,-2.1802091444769673,-3.6851784547133555
vvc_rdo_dists_dgnb8j3n16_20260913_115542,wdists_dgnb8j3n16_tau4,wdists_dgnb8j3n16,dists,gnblock,block,4,16,3.0,1,m/16 if sigma>0 else 1,none,99.5,per_plane,0,24,"22,27,32,37",4.17750728498175,3.5763942800693305,3.0161170683704674,2.8254875932825656,-2.2396248776532235,-10.29127348720097,2.4501140300942357,-1.6142982850274266,-2.1396449110266853,-2.891700658299792,-4.026760790144021
vvc_rdo_dists_dgnb8j3n16_20260913_115542,wdists_dgnb8j3n16_tau0.25_rdoq,wdists_dgnb8j3n16,dists,gnblock,block,0.25,16,3.0,1,m/16 if sigma>0 else 1,none,99.5,per_plane,1,24,"22,27,32,37",32.35560417110541,29.927526275890386,26.15664696310732,25.42594872193673,9.671633102173764,-10.393887360011197,25.634995481069627,14.112007274678279,8.471583745428246,6.348351089259034,4.737970133855771
vvc_rdo_dists_dgnb8j3n16_20260913_115542,wdists_dgnb8j3n16_tau0.5_rdoq,wdists_dgnb8j3n16,dists,gnblock,block,0.5,16,3.0,1,m/16 if sigma>0 else 1,none,99.5,per_plane,1,24,"22,27,32,37",20.130398717512676,18.519990571818834,15.424211024188274,15.312617626943895,4.453727634645857,-12.611300825083797,15.624239506849364,7.60916354949777,3.545239073854995,1.951080921064131,0.4757675135477757
vvc_rdo_dists_dgnb8j3n16_20260913_115542,wdists_dgnb8j3n16_tau1_rdoq,wdists_dgnb8j3n16,dists,gnblock,block,1,16,3.0,1,m/16 if sigma>0 else 1,none,99.5,per_plane,1,24,"22,27,32,37",12.474858283681707,11.319669707217251,9.278099892340627,9.151745553105437,0.4371663957163448,-13.774046740945318,9.233122281878302,2.648841452825813,0.2187852582233769,-1.0645725893804094,-2.401365938320213
vvc_rdo_dists_dgnb8j3n16_20260913_115542,wdists_dgnb8j3n16_tau2_rdoq,wdists_dgnb8j3n16,dists,gnblock,block,2,16,3.0,1,m/16 if sigma>0 else 1,none,99.5,per_plane,1,24,"22,27,32,37",7.53355836239578,6.6717199011354,5.406696326074403,5.208532486835021,-2.007171774168554,-12.808330095707978,5.103009186573847,-0.1535169287190182,-1.8215415274232651,-2.868424883829513,-4.132812713145602
vvc_rdo_dists_dgnb8j3n16_20260913_115542,wdists_dgnb8j3n16_tau4_rdoq,wdists_dgnb8j3n16,dists,gnblock,block,4,16,3.0,1,m/16 if sigma>0 else 1,none,99.5,per_plane,1,24,"22,27,32,37",4.4066743837442655,3.7563651579062385,2.888145416564202,2.7977883956456027,-2.6455600781721036,-11.56915248514639,2.5736288875623257,-1.4560033641734036,-2.5440026684255184,-3.337387992406273,-4.305476546881789
vvc_rdo_dists_dgnb8j3n64_20260913_115931,wdists_dgnb8j3n64_tau0.25,wdists_dgnb8j3n64,dists,gnblock,block,0.25,64,3.0,4,m/16 if sigma>0 else 1,none,99.5,per_plane,0,24,"22,27,32,37",24.55896859482178,22.546180795461783,17.791807447395115,18.29111831804292,7.498566211309743,-9.998052697946312,18.813347826587798,11.912110175906413,3.954636972331578,2.081196821031711,0.49191810286856646
vvc_rdo_dists_dgnb8j3n64_20260913_115931,wdists_dgnb8j3n64_tau0.5,wdists_dgnb8j3n64,dists,gnblock,block,0.5,64,3.0,4,m/16 if sigma>0 else 1,none,99.5,per_plane,0,24,"22,27,32,37",15.646205288690405,14.176035994989961,11.679740358662826,11.607469072993908,2.193396873850627,-12.027697062199314,11.421385988716947,4.366554717163747,0.5902381297165742,-0.8880171472329771,-2.507194712795884
vvc_rdo_dists_dgnb8j3n64_20260913_115931,wdists_dgnb8j3n64_tau1,wdists_dgnb8j3n64,dists,gnblock,block,1,64,3.0,4,m/16 if sigma>0 else 1,none,99.5,per_plane,0,24,"22,27,32,37",10.195570166637266,9.043477768748984,7.166250186498066,6.993676477032911,-1.4743873497153606,-13.437754257740252,6.911289266415967,-0.10052964187031055,-1.759407933125403,-3.023427409324801,-4.501638070017066
vvc_rdo_dists_dgnb8j3n64_20260913_115931,wdists_dgnb8j3n64_tau2,wdists_dgnb8j3n64,dists,gnblock,block,2,64,3.0,4,m/16 if sigma>0 else 1,none,99.5,per_plane,0,24,"22,27,32,37",6.476874876980017,5.581779544733718,4.245704598294111,3.9873916613708205,-3.289362935486846,-13.58793706149713,3.9363722625019513,-1.9543868716310289,-3.2457015287480018,-4.338663096440244,-5.612523374486602
vvc_rdo_dists_dgnb8j3n64_20260913_115931,wdists_dgnb8j3n64_tau4,wdists_dgnb8j3n64,dists,gnblock,block,4,64,3.0,4,m/16 if sigma>0 else 1,none,99.5,per_plane,0,24,"22,27,32,37",3.868586619957109,3.1740164453227315,2.3662150719118373,2.148252449563922,-3.581259238285354,-12.471475427459103,1.9218474379463926,-2.654587083165303,-3.4750045596470485,-4.310835624690166,-5.281522380994933
vvc_rdo_dists_dgnb8j3n64_20260913_115931,wdists_dgnb8j3n64_tau0.25_rdoq,wdists_dgnb8j3n64,dists,gnblock,block,0.25,64,3.0,4,m/16 if sigma>0 else 1,none,99.5,per_plane,1,24,"22,27,32,37",30.472485946462744,27.95980010518502,23.433287999406087,22.229056954981548,5.377467224855167,-15.337329614383405,23.530054028160603,10.847919036951822,4.599570233961706,2.3960919331763972,1.2721271739086892
vvc_rdo_dists_dgnb8j3n64_20260913_115931,wdists_dgnb8j3n64_tau0.5_rdoq,wdists_dgnb8j3n64,dists,gnblock,block,0.5,64,3.0,4,m/16 if sigma>0 else 1,none,99.5,per_plane,1,24,"22,27,32,37",18.94125137325418,17.185660303944573,13.320375269056825,12.982231484664908,0.4444980408572817,-16.780787819626468,14.051236700400459,4.977798941391751,0.15893798140368753,-1.5874064761384918,-2.765826407925665
vvc_rdo_dists_dgnb8j3n64_20260913_115931,wdists_dgnb8j3n64_tau1_rdoq,wdists_dgnb8j3n64,dists,gnblock,block,1,64,3.0,4,m/16 if sigma>0 else 1,none,99.5,per_plane,1,24,"22,27,32,37",11.732446045338657,10.46003687740077,7.712541305227268,7.574354621942265,-2.6001761247473616,-16.797475638485384,8.161228670088855,0.5233273531431202,-2.364234643382089,-3.806971264547632,-4.969921352661948
vvc_rdo_dists_dgnb8j3n64_20260913_115931,wdists_dgnb8j3n64_tau2_rdoq,wdists_dgnb8j3n64,dists,gnblock,block,2,64,3.0,4,m/16 if sigma>0 else 1,none,99.5,per_plane,1,24,"22,27,32,37",7.047872824185782,6.065948674150552,4.426681085042868,4.209229798241188,-3.6299936689138157,-15.876236403410198,4.280142346978887,-1.6831210030148662,-3.652977852198576,-4.805283871440323,-5.879482172000547
vvc_rdo_dists_dgnb8j3n64_20260913_115931,wdists_dgnb8j3n64_tau4_rdoq,wdists_dgnb8j3n64,dists,gnblock,block,4,64,3.0,4,m/16 if sigma>0 else 1,none,99.5,per_plane,1,24,"22,27,32,37",4.03314240650522,3.3222715923934576,2.2701622534975487,2.117307982675598,-3.828084620489129,-13.121327158011484,2.0333590760005626,-2.5445874785288067,-3.706435465372342,-4.582382654937036,-5.444456079812956
vvc_rdo_wd_gnb8j3n16_20260913_120103,wwd_gnb8j3n16_tau0.25,wwd_gnb8j3n16,wd,gnblock,block,0.25,16,3.0,1,m/16 if sigma>0 else 1,none,99.5,per_plane,0,24,"22,27,32,37",19.99215972978384,17.586003800086335,-0.35071591299319965,1.4665773984556194,-6.108037063612474,-8.664757407659389,12.968762902613419,-3.2486605861883775,-9.879687791924281,-13.511218750810974,-18.182846856806318
vvc_rdo_wd_gnb8j3n16_20260913_120103,wwd_gnb8j3n16_tau0.5,wwd_gnb8j3n16,wd,gnblock,block,0.5,16,3.0,1,m/16 if sigma>0 else 1,none,99.5,per_plane,0,24,"22,27,32,37",14.463099267933664,12.461107980935855,-1.9119121605949758,-0.4455177388941333,-7.679947413276942,-10.47104860020321,8.558803559661232,-4.93046717476707,-10.750788438839018,-13.907795587733125,-18.281197207406827
vvc_rdo_wd_gnb8j3n16_20260913_120103,wwd_gnb8j3n16_tau1,wwd_gnb8j3n16,wd,gnblock,block,1,16,3.0,1,m/16 if sigma>0 else 1,none,99.5,per_plane,0,24,"22,27,32,37",9.493080539790768,7.85825241592496,-3.621467072240686,-2.2685438208195197,-8.323724615694434,-10.443849037558552,4.7130312256794475,-5.950412676253147,-11.027313010648959,-13.61665181553287,-17.299239671085193
vvc_rdo_wd_gnb8j3n16_20260913_120103,wwd_gnb8j3n16_tau2,wwd_gnb8j3n16,wd,gnblock,block,2,16,3.0,1,m/16 if sigma>0 else 1,none,99.5,per_plane,0,24,"22,27,32,37",5.444614978378204,4.205424879528158,-4.4256767366970795,-3.4050150890257966,-7.966188145183743,-9.921889671908477,1.7990323217652595,-6.090221158635881,-10.32252441572656,-12.35362362229472,-15.344446398051877
vvc_rdo_wd_gnb8j3n16_20260913_120103,wwd_gnb8j3n16_tau4,wwd_gnb8j3n16,wd,gnblock,block,4,16,3.0,1,m/16 if sigma>0 else 1,none,99.5,per_plane,0,24,"22,27,32,37",2.7303080289989112,1.8432743550720276,-4.323767626505146,-3.5381410049586086,-7.055186985280373,-8.18387427703741,0.12971032412219483,-5.5427709471858835,-8.704652340213674,-10.204771692948365,-12.573604809743015
vvc_rdo_wd_gnb8j3n16_20260913_120103,wwd_gnb8j3n16_tau0.25_rdoq,wwd_gnb8j3n16,wd,gnblock,block,0.25,16,3.0,1,m/16 if sigma>0 else 1,none,99.5,per_plane,1,24,"22,27,32,37",23.970813420131467,21.110833891469163,-1.820323176557863,0.24688687551340335,-8.233730675773577,-10.01031703985834,15.728233583665974,-4.9118244841582746,-11.717669651874061,-15.825480271463748,-20.839435889021832
vvc_rdo_wd_gnb8j3n16_20260913_120103,wwd_gnb8j3n16_tau0.5_rdoq,wwd_gnb8j3n16,wd,gnblock,block,0.5,16,3.0,1,m/16 if sigma>0 else 1,none,99.5,per_plane,1,24,"22,27,32,37",16.730306346729183,14.405584561691539,-3.479808519283431,-1.6864039665241972,-9.409368549732724,-11.175004168780161,9.999038676901728,-6.223109225131561,-12.495892816051432,-15.984578188229593,-20.490514035364324
vvc_rdo_wd_gnb8j3n16_20260913_120103,wwd_gnb8j3n16_tau1_rdoq,wwd_gnb8j3n16,wd,gnblock,block,1,16,3.0,1,m/16 if sigma>0 else 1,none,99.5,per_plane,1,24,"22,27,32,37",10.4248242957447,8.628087163221442,-4.592054582057782,-3.255193306113034,-9.749396024580696,-10.921938450677295,5.170195441409114,-7.131522527896544,-12.385384253370086,-15.202494067770983,-19.047587069468925
vvc_rdo_wd_gnb8j3n16_20260913_120103,wwd_gnb8j3n16_tau2_rdoq,wwd_gnb8j3n16,wd,gnblock,block,2,16,3.0,1,m/16 if sigma>0 else 1,none,99.5,per_plane,1,24,"22,27,32,37",5.82403198426629,4.480934560931721,-5.12445801481732,-4.056688715252785,-9.108075015965559,-10.485828892222274,1.9004985796365623,-6.870567842840967,-11.237461175316396,-13.393948619959554,-16.495389619103946
vvc_rdo_wd_gnb8j3n16_20260913_120103,wwd_gnb8j3n16_tau4_rdoq,wwd_gnb8j3n16,wd,gnblock,block,4,16,3.0,1,m/16 if sigma>0 else 1,none,99.5,per_plane,1,24,"22,27,32,37",2.82835275901899,1.9007227665039343,-4.801036509599577,-3.9896656303686044,-7.81828675063355,-8.125370884736398,0.11895259717967695,-5.785501064926343,-9.2684365101707,-10.83891836207914,-13.31400781061763
vvc_rdo_dists_dgnb8j3n32_20260913_120220,wdists_dgnb8j3n32_tau0.25,wdists_dgnb8j3n32,dists,gnblock,block,0.25,32,3.0,2,m/16 if sigma>0 else 1,none,99.5,per_plane,0,24,"22,27,32,37",25.758795859053908,23.7372712374903,19.450956808143758,19.935614934682857,9.997548963990406,-7.7586953696698835,19.970497909421805,13.893817969802662,5.664760277271282,3.78177906489017,1.9488114675924486
vvc_rdo_dists_dgnb8j3n32_20260913_120220,wdists_dgnb8j3n32_tau0.5,wdists_dgnb8j3n32,dists,gnblock,block,0.5,32,3.0,2,m/16 if sigma>0 else 1,none,99.5,per_plane,0,24,"22,27,32,37",16.052278974541917,14.648443667442217,12.542952915116816,12.492856978184017,3.7910315621898056,-10.690074388116363,12.03189422362932,5.906505360546114,2.1110276306237825,0.7214094670480042,-0.9779078294878977
vvc_rdo_dists_dgnb8j3n32_20260913_120220,wdists_dgnb8j3n32_tau1,wdists_dgnb8j3n32,dists,gnblock,block,1,32,3.0,2,m/16 if sigma>0 else 1,none,99.5,per_plane,0,24,"22,27,32,37",10.454474665819768,9.350521624032373,8.043155197115318,7.8396532259596485,-0.2612151613877498,-12.164922592985326,7.318112555266794,1.1815452702645415,-0.5632904101917746,-1.7375777563643269,-3.210800696065481
vvc_rdo_dists_dgnb8j3n32_20260913_120220,wdists_dgnb8j3n32_tau2,wdists_dgnb8j3n32,dists,gnblock,block,2,32,3.0,2,m/16 if sigma>0 else 1,none,99.5,per_plane,0,24,"22,27,32,37",6.683052389701358,5.821750499633418,4.756164328791489,4.5821971863727,-2.139641163306569,-12.440329432626152,4.223413066474305,-1.0197338321700533,-2.2059634192096933,-3.211438551851293,-4.494876504105988
vvc_rdo_dists_dgnb8j3n32_20260913_120220,wdists_dgnb8j3n32_tau4,wdists_dgnb8j3n32,dists,gnblock,block,4,32,3.0,2,m/16 if sigma>0 else 1,none,99.5,per_plane,0,24,"22,27,32,37",3.9326103054617043,3.2924408989428335,2.5649479428018385,2.402508867872489,-2.7786740102935297,-10.94405512031642,2.136077224963486,-1.8134046793160528,-2.880102086823672,-3.6830567496848694,-4.705447668555746
vvc_rdo_dists_dgnb8j3n32_20260913_120220,wdists_dgnb8j3n32_tau0.25_rdoq,wdists_dgnb8j3n32,dists,gnblock,block,0.25,32,3.0,2,m/16 if sigma>0 else 1,none,99.5,per_plane,1,24,"22,27,32,37",31.160492151197925,28.665526870843905,24.606803256780335,23.588112345189227,7.4475250959312715,-13.436504746307051,24.270413051202326,12.212526739341515,6.3281675857047475,4.181281326816415,2.950267412153961
vvc_rdo_dists_dgnb8j3n32_20260913_120220,wdists_dgnb8j3n32_tau0.5_rdoq,wdists_dgnb8j3n32,dists,gnblock,block,0.5,32,3.0,2,m/16 if sigma>0 else 1,none,99.5,per_plane,1,24,"22,27,32,37",19.3543329192297,17.66163477427235,14.322900394946702,14.064392661283023,2.4477254514106472,-15.173940523281692,14.644774394983578,6.5569563168469145,1.7972222681421073,0.13944517209126253,-1.0595274178922531
vvc_rdo_dists_dgnb8j3n32_20260913_120220,wdists_dgnb8j3n32_tau1_rdoq,wdists_dgnb8j3n32,dists,gnblock,block,1,32,3.0,2,m/16 if sigma>0 else 1,none,99.5,per_plane,1,24,"22,27,32,37",11.931293709488465,10.69619725747029,8.39278693379685,8.22690775757376,-1.2518016206706164,-15.41635085684542,8.469144635845081,1.618148986617981,-1.2625916492344613,-2.6176727919738583,-3.8051055933046847
vvc_rdo_dists_dgnb8j3n32_20260913_120220,wdists_dgnb8j3n32_tau2_rdoq,wdists_dgnb8j3n32,dists,gnblock,block,2,32,3.0,2,m/16 if sigma>0 else 1,none,99.5,per_plane,1,24,"22,27,32,37",7.189153255547498,6.24938421691835,4.834199876714752,4.6253042056097025,-2.735246388966106,-14.405664670092728,4.567547676130265,-0.7885840842329485,-2.8019338348718996,-3.9001168191349365,-5.00713819891119
vvc_rdo_dists_dgnb8j3n32_20260913_120220,wdists_dgnb8j3n32_tau4_rdoq,wdists_dgnb8j3n32,dists,gnblock,block,4,32,3.0,2,m/16 if sigma>0 else 1,none,99.5,per_plane,1,24,"22,27,32,37",4.147427439710082,3.4601396753460754,2.4784390010941464,2.3604402461992158,-3.3338721897009194,-12.876973628860725,2.2399594800583142,-2.0278664077247583,-3.2365474681852313,-4.082411271950949,-5.097137742152893
vvc_rdo_lpips_bh8n16_20260913_120458,wlpips_bh8n16_tau0.25,wlpips_bh8n16,lpips,gnblock,block,0.25,16,3.0,1,m/16 if sigma>0 else 1,none,99.5,per_plane,0,24,"22,27,32,37",17.38538339318782,16.01312439228519,4.404410933079093,5.047348878203565,-4.592260149917512,-0.4731751955615516,13.390081891606181,-5.18886473128243,-0.865616290971448,-3.0075398602313146,-7.9407633148742525
vvc_rdo_lpips_bh8n16_20260913_120458,wlpips_bh8n16_tau0.5,wlpips_bh8n16,lpips,gnblock,block,0.5,16,3.0,1,m/16 if sigma>0 else 1,none,99.5,per_plane,0,24,"22,27,32,37",10.487852727527043,9.564735417727125,2.32875468006555,2.5429009988533626,-6.424317345175951,-3.4388467364565134,7.780369972110752,-6.847244206551821,-2.551628140898701,-4.205659778867044,-8.310695192653583
vvc_rdo_lpips_bh8n16_20260913_120458,wlpips_bh8n16_tau1,wlpips_bh8n16,lpips,gnblock,block,1,16,3.0,1,m/16 if sigma>0 else 1,none,99.5,per_plane,0,24,"22,27,32,37",6.066078458081919,5.385257203714025,0.4086043720099343,0.4738673029437012,-7.372171124092044,-5.447020349024986,4.060899374541006,-7.2442643163123845,-3.8096794393332605,-5.115791534418311,-8.471259677101248
vvc_rdo_lpips_bh8n16_20260913_120458,wlpips_bh8n16_tau2,wlpips_bh8n16,lpips,gnblock,block,2,16,3.0,1,m/16 if sigma>0 else 1,none,99.5,per_plane,0,24,"22,27,32,37",3.1266454757608457,2.6338498013091303,-0.9585039308868067,-0.82033654440907,-6.778106206435139,-5.733173920212089,1.720545694650344,-6.708851117153505,-4.082525936300403,-5.05333172572539,-7.465476156612463
vvc_rdo_lpips_bh8n16_20260913_120458,wlpips_bh8n16_tau4,wlpips_bh8n16,lpips,gnblock,block,4,16,3.0,1,m/16 if sigma>0 else 1,none,99.5,per_plane,0,24,"22,27,32,37",1.4081019878410814,1.0981307974440246,-1.3725201114375718,-1.2881747087219928,-5.5898091495358075,-5.175329807213515,0.5270030916617707,-5.5094074389534,-3.516037651997243,-4.19811547163253,-5.942714183107043
vvc_rdo_lpips_bh8n16_20260913_120458,wlpips_bh8n16_tau0.25_rdoq,wlpips_bh8n16,lpips,gnblock,block,0.25,16,3.0,1,m/16 if sigma>0 else 1,none,99.5,per_plane,1,24,"22,27,32,37",22.616830044466965,20.687066562724887,1.5872576328946442,2.4648363413232564,-9.738376892787542,-4.041140801725645,17.089697367453628,-9.417658685298326,-3.76245552047407,-6.7037030446529045,-12.604195468828848
vvc_rdo_lpips_bh8n16_20260913_120458,wlpips_bh8n16_tau0.5_rdoq,wlpips_bh8n16,lpips,gnblock,block,0.5,16,3.0,1,m/16 if sigma>0 else 1,none,99.5,per_plane,1,24,"22,27,32,37",13.142563356124128,11.901609876469449,-0.8536853920879816,-0.13221963002814732,-10.236503573485468,-6.304981106496634,9.557992196978958,-9.708050287879269,-5.159299663739222,-7.361085883298078,-12.087673156136681
vvc_rdo_lpips_bh8n16_20260913_120458,wlpips_bh8n16_tau1_rdoq,wlpips_bh8n16,lpips,gnblock,block,1,16,3.0,1,m/16 if sigma>0 else 1,none,99.5,per_plane,1,24,"22,27,32,37",7.011713270172216,6.165752754727002,-2.0899320591140462,-1.6354477623602872,-9.810901976689268,-7.485480807342921,4.568575184660079,-9.667968299204583,-5.767029449610997,-7.38805508169731,-11.071053013990651
vvc_rdo_lpips_bh8n16_20260913_120458,wlpips_bh8n16_tau2_rdoq,wlpips_bh8n16,lpips,gnblock,block,2,16,3.0,1,m/16 if sigma>0 else 1,none,99.5,per_plane,1,24,"22,27,32,37",3.374905595702245,2.8500831092503813,-2.437496675923036,-2.179777246594799,-8.573070397866921,-7.152234688805284,1.8297438168981148,-8.40376999587201,-5.327048898928465,-6.482306893593528,-9.163707460520369
vvc_rdo_lpips_bh8n16_20260913_120458,wlpips_bh8n16_tau4_rdoq,wlpips_bh8n16,lpips,gnblock,block,4,16,3.0,1,m/16 if sigma>0 else 1,none,99.5,per_plane,1,24,"22,27,32,37",1.469633343172985,1.1246386465732672,-2.2466627831982384,-2.025748574347794,-6.6400294528629376,-5.275009226380756,0.4730705516395206,-6.04614999116946,-4.187478718567011,-4.955643137485276,-6.801123516929102
vvc_rdo_dists_dgnb8j3n128_20260913_120759,wdists_dgnb8j3n128_tau0.25,wdists_dgnb8j3n128,dists,gnblock,block,0.25,128,3.0,8,m/16 if sigma>0 else 1,none,99.5,per_plane,0,24,"22,27,32,37",23.96183396813167,22.002977052728877,17.607681398535373,17.609083641935506,6.54646140472332,-11.112222972719772,18.328216112343814,10.833596923500105,3.12744627445195,1.2816988717045408,-0.09896703173612338
vvc_rdo_dists_dgnb8j3n128_20260913_120759,wdists_dgnb8j3n128_tau0.5,wdists_dgnb8j3n128,dists,gnblock,block,0.5,128,3.0,8,m/16 if sigma>0 else 1,none,99.5,per_plane,0,24,"22,27,32,37",15.30044166534187,13.8684103065548,11.232072218752407,11.019317417982158,1.3444303915659548,-13.095582459389506,11.170857950493078,3.8744739938515553,0.047739801186188625,-1.421101281766016,-2.8701562299462684
vvc_rdo_dists_dgnb8j3n128_20260913_120759,wdists_dgnb8j3n128_tau1,wdists_dgnb8j3n128,dists,gnblock,block,1,128,3.0,8,m/16 if sigma>0 else 1,none,99.5,per_plane,0,24,"22,27,32,37",10.095365447241152,8.973368735078108,7.088292957934182,6.741929932084507,-2.113804649660176,-14.318689405974354,6.882330946371094,-0.26510797905372147,-2.1861858025112197,-3.473173990970429,-4.820271335685989
vvc_rdo_dists_dgnb8j3n128_20260913_120759,wdists_dgnb8j3n128_tau2,wdists_dgnb8j3n128,dists,gnblock,block,2,128,3.0,8,m/16 if sigma>0 else 1,none,99.5,per_plane,0,24,"22,27,32,37",6.444923139647198,5.551011326534888,4.1612571654957256,3.9093504958777543,-3.4802317274846004,-14.782779194380742,3.902112876468672,-2.106071078309095,-3.3511816494188946,-4.428945941752564,-5.6179339619285145
vvc_rdo_dists_dgnb8j3n128_20260913_120759,wdists_dgnb8j3n128_tau4,wdists_dgnb8j3n128,dists,gnblock,block,4,128,3.0,8,m/16 if sigma>0 else 1,none,99.5,per_plane,0,24,"22,27,32,37",3.8318574345949385,3.1345044933863,2.2103812656840387,1.974449415095649,-3.8299377881635195,-12.98618121794675,1.8604247822881173,-2.7775178999214654,-3.7382833987082216,-4.605042784816765,-5.641019946302094
vvc_rdo_dists_dgnb8j3n128_20260913_120759,wdists_dgnb8j3n128_tau0.25_rdoq,wdists_dgnb8j3n128,dists,gnblock,block,0.25,128,3.0,8,m/16 if sigma>0 else 1,none,99.5,per_plane,1,24,"22,27,32,37",30.177174963396748,27.71010513048142,22.98114307959413,21.67887272120215,4.292561053836489,-16.63933959948792,23.37096352002379,10.189578074975229,4.045491753149822,1.8717071239882788,0.9300870526211469
vvc_rdo_dists_dgnb8j3n128_20260913_120759,wdists_dgnb8j3n128_tau0.5_rdoq,wdists_dgnb8j3n128,dists,gnblock,block,0.5,128,3.0,8,m/16 if sigma>0 else 1,none,99.5,per_plane,1,24,"22,27,32,37",18.829199169162166,17.07623998063546,13.234385666538147,12.636858222540832,-0.24721742191796872,-17.47121522085849,13.964986766834704,4.062304711088825,-0.21747299604733228,-1.9581968630872655,-2.972472816160169
vvc_rdo_dists_dgnb8j3n128_20260913_120759,wdists_dgnb8j3n128_tau1_rdoq,wdists_dgnb8j3n128,dists,gnblock,block,1,128,3.0,8,m/16 if sigma>0 else 1,none,99.5,per_plane,1,24,"22,27,32,37",11.687467197148157,10.40852962757983,7.642515912116733,7.287289846921766,-3.069633052103024,-18.017944475194607,8.11081953213383,-0.0424146552626253,-2.7590793332681645,-4.222361982295482,-5.257366958969943
vvc_rdo_dists_dgnb8j3n128_20260913_120759,wdists_dgnb8j3n128_tau2_rdoq,wdists_dgnb8j3n128,dists,gnblock,block,2,128,3.0,8,m/16 if sigma>0 else 1,none,99.5,per_plane,1,24,"22,27,32,37",7.003471095070442,6.0420853112215935,4.2795938426134645,3.98605411420037,-4.372425557020777,-16.438777217337158,4.310032392707136,-2.0094597803951144,-3.8846765870214335,-5.060559368285893,-6.065462976573008
vvc_rdo_dists_dgnb8j3n128_20260913_120759,wdists_dgnb8j3n128_tau4_rdoq,wdists_dgnb8j3n128,dists,gnblock,block,4,128,3.0,8,m/16 if sigma>0 else 1,none,99.5,per_plane,1,24,"22,27,32,37",3.9769817679775925,3.269049715313273,2.033070742756221,1.813985594383281,-4.5571048866953205,-14.402319472390907,1.9775714557927937,-3.0096799993922527,-4.1734603168412905,-5.096561121274533,-6.06054053884147
vvc_rdo_lpips_bh8n128_20260913_120905,wlpips_bh8n128_tau0.25,wlpips_bh8n128,lpips,gnblock,block,0.25,128,3.0,8,m/16 if sigma>0 else 1,none,99.5,per_plane,0,24,"22,27,32,37",11.539832482158872,10.30486373300634,-1.8922128682267028,-1.4084798003373216,-11.586636509425432,-6.903685987091872,7.866593403196866,-11.06987084986279,-6.647362332467772,-8.645397037393138,-12.658771463822902
vvc_rdo_lpips_bh8n128_20260913_120905,wlpips_bh8n128_tau0.5,wlpips_bh8n128,lpips,gnblock,block,0.5,128,3.0,8,m/16 if sigma>0 else 1,none,99.5,per_plane,0,24,"22,27,32,37",6.976297523292213,6.063028554657791,-2.459659435440097,-2.142274261376841,-11.41102015181353,-8.221413537168205,4.275662408928932,-11.20451657446318,-6.916123858822853,-8.55659515177956,-12.097570441370564
vvc_rdo_lpips_bh8n128_20260913_120905,wlpips_bh8n128_tau1,wlpips_bh8n128,lpips,gnblock,block,1,128,3.0,8,m/16 if sigma>0 else 1,none,99.5,per_plane,0,24,"22,27,32,37",3.830321942536219,3.189323958986298,-2.859416470224867,-2.716540183053128,-10.669736611883456,-8.581076990789251,1.9284966264839711,-10.403344956908304,-6.670719941649369,-7.981782535609734,-10.85233725324234
vvc_rdo_lpips_bh8n128_20260913_120905,wlpips_bh8n128_tau2,wlpips_bh8n128,lpips,gnblock,block,2,128,3.0,8,m/16 if sigma>0 else 1,none,99.5,per_plane,0,24,"22,27,32,37",1.893293290228326,1.4417876434662606,-2.8568309611194174,-2.6833950735942618,-8.843264400173162,-7.24150983893134,0.5637427649252693,-8.82331386356708,-5.787944800986071,-6.780620462763172,-9.05647621265314
vvc_rdo_lpips_bh8n128_20260913_120905,wlpips_bh8n128_tau4,wlpips_bh8n128,lpips,gnblock,block,4,128,3.0,8,m/16 if sigma>0 else 1,none,99.5,per_plane,0,24,"22,27,32,37",0.7840562797832359,0.4871163531975669,-2.4549883847594742,-2.2817114424053457,-6.623296295888649,-4.998251762087464,-0.09619639708323229,-6.434090185559154,-4.310122160425359,-4.992823976613898,-6.536906649483247
vvc_rdo_lpips_bh8n128_20260913_120905,wlpips_bh8n128_tau0.25_rdoq,wlpips_bh8n128,lpips,gnblock,block,0.25,128,3.0,8,m/16 if sigma>0 else 1,none,99.5,per_plane,1,24,"22,27,32,37",16.516277266488554,14.709587131858234,-5.001530909569348,-4.2841938198625265,-16.49070032420106,-10.547518153335977,11.34340657666119,-15.62629702468435,-9.845931554781226,-12.633565955129479,-17.539115999643368
vvc_rdo_lpips_bh8n128_20260913_120905,wlpips_bh8n128_tau0.5_rdoq,wlpips_bh8n128,lpips,gnblock,block,0.5,128,3.0,8,m/16 if sigma>0 else 1,none,99.5,per_plane,1,24,"22,27,32,37",9.23364444215666,8.034525723173104,-5.573036711182553,-4.866295777924113,-15.385203405988094,-11.228912025721035,5.762430013329759,-14.647413290241476,-9.62276653592739,-11.75560512901883,-15.754076868042675
vvc_rdo_lpips_bh8n128_20260913_120905,wlpips_bh8n128_tau1_rdoq,wlpips_bh8n128,lpips,gnblock,block,1,128,3.0,8,m/16 if sigma>0 else 1,none,99.5,per_plane,1,24,"22,27,32,37",4.682110794812478,3.8862474910162526,-5.145424157020112,-4.729106139503864,-13.395896689827959,-10.875508305671927,2.361326003222625,-12.808809013466606,-8.686602551884066,-10.302927158704312,-13.619054038544583
vvc_rdo_lpips_bh8n128_20260913_120905,wlpips_bh8n128_tau2_rdoq,wlpips_bh8n128,lpips,gnblock,block,2,128,3.0,8,m/16 if sigma>0 else 1,none,99.5,per_plane,1,24,"22,27,32,37",2.1272607649868407,1.605018957738542,-4.431170247642575,-3.98308605101945,-10.485832114670677,-8.54595858838915,0.5910362656135658,-9.89982787822872,-6.977860100300394,-8.13316697166477,-10.593191436275246
vvc_rdo_lpips_bh8n128_20260913_120905,wlpips_bh8n128_tau4_rdoq,wlpips_bh8n128,lpips,gnblock,block,4,128,3.0,8,m/16 if sigma>0 else 1,none,99.5,per_plane,1,24,"22,27,32,37",0.8795457462067252,0.5438173464161006,-3.3278265394864177,-3.010312030986102,-7.494365862225592,-6.218077607376084,-0.11034655563523464,-7.04822983834308,-4.982171642606574,-5.757681323828229,-7.50609606358901
vvc_rdo_wd_gnb8j3n64_20260913_122223,wwd_gnb8j3n64_tau0.25,wwd_gnb8j3n64,wd,gnblock,block,0.25,64,3.0,4,m/16 if sigma>0 else 1,none,99.5,per_plane,0,24,"22,27,32,37",15.278857705570772,12.9307085946508,-6.509050445302246,-4.850590401127317,-10.714197286822667,-12.132751479821886,8.418498616885936,-8.135440314240235,-14.759640878837615,-18.26424244071678,-22.064925460414702
vvc_rdo_wd_gnb8j3n64_20260913_122223,wwd_gnb8j3n64_tau0.5,wwd_gnb8j3n64,wd,gnblock,block,0.5,64,3.0,4,m/16 if sigma>0 else 1,none,99.5,per_plane,0,24,"22,27,32,37",11.249602400895574,9.213870059095196,-6.906601038365191,-5.455570325802227,-11.319820329699631,-13.422633493877319,5.307331089678818,-8.987376545350065,-14.784724438184915,-17.913599621354177,-21.548210159569294
vvc_rdo_wd_gnb8j3n64_20260913_122223,wwd_gnb8j3n64_tau1,wwd_gnb8j3n64,wd,gnblock,block,1,64,3.0,4,m/16 if sigma>0 else 1,none,99.5,per_plane,0,24,"22,27,32,37",7.389955572531647,5.739633709175961,-7.161702272819219,-5.839416406407736,-10.927301365206082,-12.5750791646892,2.5505581724961646,-8.749608268339987,-14.05260940778247,-16.69479362916864,-19.90738102618626
vvc_rdo_wd_gnb8j3n64_20260913_122223,wwd_gnb8j3n64_tau2,wwd_gnb8j3n64,wd,gnblock,block,2,64,3.0,4,m/16 if sigma>0 else 1,none,99.5,per_plane,0,24,"22,27,32,37",4.205862588017793,2.935327645376996,-6.746827369940109,-5.6739946073464225,-10.11848115308537,-10.911281172469714,0.47989677980188233,-8.21373213783504,-12.43199325720582,-14.525017108903421,-17.3634875809015
vvc_rdo_wd_gnb8j3n64_20260913_122223,wwd_gnb8j3n64_tau4,wwd_gnb8j3n64,wd,gnblock,block,4,64,3.0,4,m/16 if sigma>0 else 1,none,99.5,per_plane,0,24,"22,27,32,37",2.1024790372234943,1.2087381357023013,-5.648462478463852,-4.781814537710757,-8.040887628236659,-8.818026574947398,-0.5055652975798043,-6.3374160851443655,-9.79863400315606,-11.340650445404876,-13.549241316439216
vvc_rdo_wd_gnb8j3n64_20260913_122223,wwd_gnb8j3n64_tau0.25_rdoq,wwd_gnb8j3n64,wd,gnblock,block,0.25,64,3.0,4,m/16 if sigma>0 else 1,none,99.5,per_plane,1,24,"22,27,32,37",19.21661064808511,16.392698701776965,-7.946132846285704,-6.130286348609506,-13.295507049783174,-14.15971297745289,11.11395706114375,-9.72312867398521,-16.71672814949669,-20.692468432302523,-24.81492843369271
vvc_rdo_wd_gnb8j3n64_20260913_122223,wwd_gnb8j3n64_tau0.5_rdoq,wwd_gnb8j3n64,wd,gnblock,block,0.5,64,3.0,4,m/16 if sigma>0 else 1,none,99.5,per_plane,1,24,"22,27,32,37",13.385635979050475,11.057405796886295,-8.351629395442174,-6.758370389160965,-13.061984111731702,-14.55531593181233,6.667052653021379,-9.83858148582482,-16.43113025430907,-19.880534778010073,-23.727668844125418
vvc_rdo_wd_gnb8j3n64_20260913_122223,wwd_gnb8j3n64_tau1_rdoq,wwd_gnb8j3n64,wd,gnblock,block,1,64,3.0,4,m/16 if sigma>0 else 1,none,99.5,per_plane,1,24,"22,27,32,37",8.303830774492392,6.489344530799109,-8.165601893312404,-6.779095166951394,-12.269325051639688,-13.855513010734493,3.028818778750354,-10.009426576425586,-15.310281902320682,-18.1572680984824,-21.61544945414197
vvc_rdo_wd_gnb8j3n64_20260913_122223,wwd_gnb8j3n64_tau2_rdoq,wwd_gnb8j3n64,wd,gnblock,block,2,64,3.0,4,m/16 if sigma>0 else 1,none,99.5,per_plane,1,24,"22,27,32,37",4.577324421381868,3.2162150842116284,-7.435926957374373,-6.27040985991287,-10.880751053212853,-12.105520301237851,0.6225929663176023,-8.72012511097124,-13.310317385502662,-15.530401123118521,-18.40584874414703
vvc_rdo_wd_gnb8j3n64_20260913_122223,wwd_gnb8j3n64_tau4_rdoq,wwd_gnb8j3n64,wd,gnblock,block,4,64,3.0,4,m/16 if sigma>0 else 1,none,99.5,per_plane,1,24,"22,27,32,37",2.2061595355773456,1.268609504817957,-6.10567058953407,-5.215782544012018,-8.99717210946598,-9.595523742535391,-0.5380223825049157,-6.9752225761231825,-10.446077664432584,-12.068448650140065,-14.392849136931218
vvc_rdo_wd_gnb8j3n32_20260913_122527,wwd_gnb8j3n32_tau0.25,wwd_gnb8j3n32,wd,gnblock,block,0.25,32,3.0,2,m/16 if sigma>0 else 1,none,99.5,per_plane,0,24,"22,27,32,37",16.94688702426599,14.583061447862287,-4.303554397764373,-2.5921277057426244,-9.615776594731472,-11.333860909627367,10.027670442882021,-6.614560208998431,-13.190987094447378,-16.777501123166125,-20.982584915648463
vvc_rdo_wd_gnb8j3n32_20260913_122527,wwd_gnb8j3n32_tau0.5,wwd_gnb8j3n32,wd,gnblock,block,0.5,32,3.0,2,m/16 if sigma>0 else 1,none,99.5,per_plane,0,24,"22,27,32,37",12.395763435180092,10.374937501446276,-5.233085170946274,-3.663048461522538,-10.256505926145126,-12.487869604581405,6.482222043478095,-7.52187750345325,-13.367485168387853,-16.51049357359238,-20.38020081034833
vvc_rdo_wd_gnb8j3n32_20260913_122527,wwd_gnb8j3n32_tau1,wwd_gnb8j3n32,wd,gnblock,block,1,32,3.0,2,m/16 if sigma>0 else 1,none,99.5,per_plane,0,24,"22,27,32,37",8.177234729563537,6.534282455928988,-5.787528861174304,-4.536101411386606,-10.218328146322131,-12.173890048232321,3.3571065692812017,-7.911997603250228,-13.096334599362116,-15.759105866806642,-19.209715008524228
vvc_rdo_wd_gnb8j3n32_20260913_122527,wwd_gnb8j3n32_tau2,wwd_gnb8j3n32,wd,gnblock,block,2,32,3.0,2,m/16 if sigma>0 else 1,none,99.5,per_plane,0,24,"22,27,32,37",4.702787430183825,3.423177511268164,-5.86050513957796,-4.771796994467548,-9.549858277047507,-11.424657090264771,0.94261168454364,-7.208462614186604,-11.739084688605805,-13.844152290880055,-16.853491926985797
vvc_rdo_wd_gnb8j3n32_20260913_122527,wwd_gnb8j3n32_tau4,wwd_gnb8j3n32,wd,gnblock,block,4,32,3.0,2,m/16 if sigma>0 else 1,none,99.5,per_plane,0,24,"22,27,32,37",2.3354452768250797,1.4340581099151326,-5.1672653792695735,-4.311956256781502,-7.542007477203511,-8.80294592561711,-0.3059679944201708,-5.9376221190644465,-9.468335140845697,-11.003545503710777,-13.296563608929711
vvc_rdo_wd_gnb8j3n32_20260913_122527,wwd_gnb8j3n32_tau0.25_rdoq,wwd_gnb8j3n32,wd,gnblock,block,0.25,32,3.0,2,m/16 if sigma>0 else 1,none,99.5,per_plane,1,24,"22,27,32,37",20.933281048350796,18.076845886877944,-5.879934684693676,-3.897020798709178,-11.510658656411927,-13.639538998105058,12.737196206653694,-7.837247034944216,-15.057869032763227,-19.10746047071645,-23.53983704378345
vvc_rdo_wd_gnb8j3n32_20260913_122527,wwd_gnb8j3n32_tau0.5_rdoq,wwd_gnb8j3n32,wd,gnblock,block,0.5,32,3.0,2,m/16 if sigma>0 else 1,none,99.5,per_plane,1,24,"22,27,32,37",14.506949625137757,12.201110475690669,-6.6255281484873185,-4.903402275696543,-11.752164243572388,-13.406413928744717,7.828036698660196,-8.728595456336395,-15.024548857952292,-18.481348435852478,-22.508829435553636
vvc_rdo_wd_gnb8j3n32_20260913_122527,wwd_gnb8j3n32_tau1_rdoq,wwd_gnb8j3n32,wd,gnblock,block,1,32,3.0,2,m/16 if sigma>0 else 1,none,99.5,per_plane,1,24,"22,27,32,37",9.085399359035984,7.259368504752541,-7.042003103831877,-5.561955378669654,-11.47558727667492,-13.336019286283417,3.7773816776393736,-8.733530029647453,-14.385397001103671,-17.225332698487133,-20.71627210193988
vvc_rdo_wd_gnb8j3n32_20260913_122527,wwd_gnb8j3n32_tau2_rdoq,wwd_gnb8j3n32,wd,gnblock,block,2,32,3.0,2,m/16 if sigma>0 else 1,none,99.5,per_plane,1,24,"22,27,32,37",5.044647784766102,3.683777867249981,-6.5534353841924435,-5.410281785284869,-10.559853394606812,-11.737157403865183,1.0704229624762645,-8.278508383110468,-12.665452921812951,-14.88407218581959,-17.9108328802855
vvc_rdo_wd_gnb8j3n32_20260913_122527,wwd_gnb8j3n32_tau4_rdoq,wwd_gnb8j3n32,wd,gnblock,block,4,32,3.0,2,m/16 if sigma>0 else 1,none,99.5,per_plane,1,24,"22,27,32,37",2.4534044982846246,1.5299305426930374,-5.571205226470888,-4.696406507840982,-8.447792298432496,-9.734798335839196,-0.2423919807687904,-6.41028613246354,-10.004062281712729,-11.613291868393697,-14.046383149866111
vvc_rdo_wd_gnb8j3n128_20260913_123659,wwd_gnb8j3n128_tau0.25,wwd_gnb8j3n128,wd,gnblock,block,0.25,128,3.0,8,m/16 if sigma>0 else 1,none,99.5,per_plane,0,24,"22,27,32,37",14.469405330476656,12.146065804034734,-7.526678061280266,-5.965598770212225,-11.729466446219538,-13.523701164848106,7.702310158130916,-9.20228419582926,-15.599836243863441,-19.084470023028743,-22.76232652935748
vvc_rdo_wd_gnb8j3n128_20260913_123659,wwd_gnb8j3n128_tau0.5,wwd_gnb8j3n128,wd,gnblock,block,0.5,128,3.0,8,m/16 if sigma>0 else 1,none,99.5,per_plane,0,24,"22,27,32,37",10.63071093027761,8.628057464531329,-7.822936948323498,-6.4184381175392184,-12.005551666816883,-13.464737004386132,4.7828767834291135,-9.70982353470446,-15.397187248444562,-18.490716019152405,-21.970790508606644
vvc_rdo_wd_gnb8j3n128_20260913_123659,wwd_gnb8j3n128_tau1,wwd_gnb8j3n128,wd,gnblock,block,1,128,3.0,8,m/16 if sigma>0 else 1,none,99.5,per_plane,0,24,"22,27,32,37",7.0346981325273665,5.3819542090014325,-7.688091239434431,-6.4193805628458,-11.661136965666623,-13.062668208260268,2.192417671880662,-9.351971745394556,-14.4817276386443,-17.116894331915557,-20.28344601052527
vvc_rdo_wd_gnb8j3n128_20260913_123659,wwd_gnb8j3n128_tau2,wwd_gnb8j3n128,wd,gnblock,block,2,128,3.0,8,m/16 if sigma>0 else 1,none,99.5,per_plane,0,24,"22,27,32,37",4.008372116490602,2.7386110370515993,-7.234371607667733,-6.097507521966499,-10.568411593371286,-11.862931697933645,0.27653883371294063,-8.39927529996738,-12.805711712025134,-14.922339879305568,-17.72302555127141
vvc_rdo_wd_gnb8j3n128_20260913_123659,wwd_gnb8j3n128_tau4,wwd_gnb8j3n128,wd,gnblock,block,4,128,3.0,8,m/16 if sigma>0 else 1,none,99.5,per_plane,0,24,"22,27,32,37",1.9907485071339834,1.1096813677246187,-5.859521826890867,-5.001397061601868,-8.23147795465498,-9.184204908467956,-0.5996360480565691,-6.610268942142955,-10.050798219654448,-11.615159190358376,-13.82508682661635
vvc_rdo_wd_gnb8j3n128_20260913_123659,wwd_gnb8j3n128_tau0.25_rdoq,wwd_gnb8j3n128,wd,gnblock,block,0.25,128,3.0,8,m/16 if sigma>0 else 1,none,99.5,per_plane,1,24,"22,27,32,37",18.272869116316958,15.499833985996764,-9.078114622408599,-7.402880082231859,-13.819692214968326,-14.917729898289283,10.301167678988497,-10.464309906169344,-17.455905339297896,-21.38922930236104,-25.355738171859965
vvc_rdo_wd_gnb8j3n128_20260913_123659,wwd_gnb8j3n128_tau0.5_rdoq,wwd_gnb8j3n128,wd,gnblock,block,0.5,128,3.0,8,m/16 if sigma>0 else 1,none,99.5,per_plane,1,24,"22,27,32,37",12.75931168778853,10.460567804299975,-9.217822215094113,-7.629740744972646,-13.842497831994967,-14.29363544655107,6.10335218545016,-10.521074764885485,-16.973501151272355,-20.384243119530293,-24.038876298195692
vvc_rdo_wd_gnb8j3n128_20260913_123659,wwd_gnb8j3n128_tau1_rdoq,wwd_gnb8j3n128,wd,gnblock,block,1,128,3.0,8,m/16 if sigma>0 else 1,none,99.5,per_plane,1,24,"22,27,32,37",7.946129644327731,6.103839131092361,-8.903506775328182,-7.44161342473225,-13.03471375952283,-14.136566163035331,2.5979292487817167,-10.226466166400236,-15.970792439528731,-18.82141668417464,-22.147134711139604
vvc_rdo_wd_gnb8j3n128_20260913_123659,wwd_gnb8j3n128_tau2_rdoq,wwd_gnb8j3n128,wd,gnblock,block,2,128,3.0,8,m/16 if sigma>0 else 1,none,99.5,per_plane,1,24,"22,27,32,37",4.376270098501237,3.0165138065512838,-7.840735330512587,-6.6493504816004965,-11.176122371336689,-12.579106374631612,0.4266568811767157,-8.926958202716627,-13.538951230452119,-15.756947232138856,-18.55685146714367
vvc_rdo_wd_gnb8j3n128_20260913_123659,wwd_gnb8j3n128_tau4_rdoq,wwd_gnb8j3n128,wd,gnblock,block,4,128,3.0,8,m/16 if sigma>0 else 1,none,99.5,per_plane,1,24,"22,27,32,37",2.0665932022154396,1.1240450056536344,-6.314537046466967,-5.404334173202621,-8.724994958731678,-9.294063891129701,-0.6767015551510593,-6.904492395972412,-10.561089913173292,-12.179741601942572,-14.43024407825404
vvc_rdo_ssim_sbh8n16_20260913_134725,wssim_sbh8n16_tau0.25,wssim_sbh8n16,ssim,hutchblock,block,0.25,16,0.0,1,m/16 if sigma>0 else 1,none,99.5,per_plane,0,24,"22,27,32,37",87.05935631321442,80.50860668088384,4.801380164808506,31.243707285177454,37.24829079328788,39.310877402240045,69.78369634361356,39.42954539444056,21.45026177556282,14.988726911469044,7.765026228163215
vvc_rdo_ssim_sbh8n16_20260913_134725,wssim_sbh8n16_tau0.5,wssim_sbh8n16,ssim,hutchblock,block,0.5,16,0.0,1,m/16 if sigma>0 else 1,none,99.5,per_plane,0,24,"22,27,32,37",46.38508703676803,42.9354854763746,1.089164076716703,20.730424170683516,25.004593024093804,23.331993192113526,37.44360115410067,24.54293532101208,13.37911923150753,9.496044427266407,4.411268067690677
vvc_rdo_ssim_sbh8n16_20260913_134725,wssim_sbh8n16_tau1,wssim_sbh8n16,ssim,hutchblock,block,1,16,0.0,1,m/16 if sigma>0 else 1,none,99.5,per_plane,0,24,"22,27,32,37",22.300824854914044,20.750362966033272,-4.000104494314181,9.638287490864904,12.695950916269929,11.396604167492592,18.37276362249975,12.407773318619284,6.4703869750663685,4.313455754737466,0.9224965694850388
vvc_rdo_ssim_sbh8n16_20260913_134725,wssim_sbh8n16_tau2,wssim_sbh8n16,ssim,hutchblock,block,2,16,0.0,1,m/16 if sigma>0 else 1,none,99.5,per_plane,0,24,"22,27,32,37",10.382306736861908,9.786771196434845,-8.09736450769911,1.7676507324907493,4.335324955235685,5.105570688619809,8.896119071290494,5.187396015917408,1.7576911739607939,0.45730442956024575,-1.8306177395128411
vvc_rdo_ssim_sbh8n16_20260913_134725,wssim_sbh8n16_tau4,wssim_sbh8n16,ssim,hutchblock,block,4,16,0.0,1,m/16 if sigma>0 else 1,none,99.5,per_plane,0,24,"22,27,32,37",4.49542711776328,4.293983336691695,-8.96160391324148,-1.9576961525439307,0.013347138982937342,1.3325129050167142,4.028413825751529,1.2546822561603008,-0.7533312479502544,-1.5683846384008173,-3.0407564374743266
vvc_rdo_ssim_sbh8n16_20260913_134725,wssim_sbh8n16_tau0.25_rdoq,wssim_sbh8n16,ssim,hutchblock,block,0.25,16,0.0,1,m/16 if sigma>0 else 1,none,99.5,per_plane,1,24,"22,27,32,37",87.16258763631795,80.14436520363034,2.029661516012728,28.317220180973994,32.99546309996202,35.28115932592405,68.62086128301236,34.24249274361346,19.03175035001416,12.323140824476619,4.551012663275406
vvc_rdo_ssim_sbh8n16_20260913_134725,wssim_sbh8n16_tau0.5_rdoq,wssim_sbh8n16,ssim,hutchblock,block,0.5,16,0.0,1,m/16 if sigma>0 else 1,none,99.5,per_plane,1,24,"22,27,32,37",47.66341519759899,43.79394349776192,-1.7489910370850839,17.873556551762086,21.596653016059616,21.34805328825035,37.5857816313026,21.32528946786025,11.232353258311162,7.032319944998651,1.446472314395675
vvc_rdo_ssim_sbh8n16_20260913_134725,wssim_sbh8n16_tau1_rdoq,wssim_sbh8n16,ssim,hutchblock,block,1,16,0.0,1,m/16 if sigma>0 else 1,none,99.5,per_plane,1,24,"22,27,32,37",23.255140648619697,21.46049591516882,-6.137725633894541,7.6765823065882115,10.48915878729904,10.467057691085218,18.67531591052164,10.229475333825151,4.918844943465905,2.4925526355891594,-1.2654518474597012
vvc_rdo_ssim_sbh8n16_20260913_134725,wssim_sbh8n16_tau2_rdoq,wssim_sbh8n16,ssim,hutchblock,block,2,16,0.0,1,m/16 if sigma>0 else 1,none,99.5,per_plane,1,24,"22,27,32,37",10.73513137788091,9.97179435478064,-9.42445763476422,0.5481243428163145,3.22917789043379,4.68277411849023,8.817007240136704,3.918542063731309,0.6533920045043758,-0.7890341156853413,-3.2851744080364416
vvc_rdo_ssim_sbh8n16_20260913_134725,wssim_sbh8n16_tau4_rdoq,wssim_sbh8n16,ssim,hutchblock,block,4,16,0.0,1,m/16 if sigma>0 else 1,none,99.5,per_plane,1,24,"22,27,32,37",4.67057491356493,4.361748424228149,-9.798055505205994,-2.599101907416728,-0.7137657579160203,1.1360161655512309,3.920885592456836,0.49174454042371957,-1.4071217322687446,-2.317240577056846,-3.9478457187799414
vvc_rdo_ssim_sbh8n16_20260913_141832,wssim_sbh8n16_tau0.25,wssim_sbh8n16,ssim,hutchblock,block,0.25,16,0.0,1,m/16 if sigma>0 else 1,none,99.5,per_plane,0,24,"22,27,32,37",87.05935631321442,80.50860668088384,4.801380164808506,31.243707285177454,37.24829079328788,39.31086717345328,69.7836965584832,39.42954539444056,21.450263031948747,14.988727109843571,7.765027242566748
vvc_rdo_ssim_sbh8n16_20260913_141832,wssim_sbh8n16_tau0.5,wssim_sbh8n16,ssim,hutchblock,block,0.5,16,0.0,1,m/16 if sigma>0 else 1,none,99.5,per_plane,0,24,"22,27,32,37",46.38508703676803,42.9354854763746,1.089164076716703,20.730424170683516,25.004593024093804,23.331991262026346,37.44360186290623,24.54293532101208,13.379120938614335,9.496043879852804,4.4112677607719055
vvc_rdo_ssim_sbh8n16_20260913_141832,wssim_sbh8n16_tau1,wssim_sbh8n16,ssim,hutchblock,block,1,16,0.0,1,m/16 if sigma>0 else 1,none,99.5,per_plane,0,24,"22,27,32,37",22.29644841298852,20.74610114892292,-4.0018470141929505,9.6378093655229,12.69034399101514,11.38978383568191,18.368485777089766,12.406625220572417,6.467525153912898,4.310697663319629,0.9209818565468971
vvc_rdo_ssim_sbh8n16_20260913_141832,wssim_sbh8n16_tau2,wssim_sbh8n16,ssim,hutchblock,block,2,16,0.0,1,m/16 if sigma>0 else 1,none,99.5,per_plane,0,24,"22,27,32,37",10.382306736861908,9.786771196434845,-8.09736450769911,1.7676507324907493,4.335324955235685,5.105569035128706,8.896119736071032,5.187396015917408,1.757692060627272,0.45730492603289025,-1.8306165448637415
vvc_rdo_ssim_sbh8n16_20260913_141832,wssim_sbh8n16_tau4,wssim_sbh8n16,ssim,hutchblock,block,4,16,0.0,1,m/16 if sigma>0 else 1,none,99.5,per_plane,0,24,"22,27,32,37",4.49542711776328,4.293983336691695,-8.96160391324148,-1.9576961525439307,0.013347138982937342,1.3325189338500107,4.028414115441776,1.2546822561603008,-0.7533313223841288,-1.5683842951532594,-3.0407561407092203
vvc_rdo_ssim_sbh8n16_20260913_141832,wssim_sbh8n16_tau0.25_rdoq,wssim_sbh8n16,ssim,hutchblock,block,0.25,16,0.0,1,m/16 if sigma>0 else 1,none,99.5,per_plane,1,24,"22,27,32,37",87.14513841378795,80.12880914905918,2.058305383163859,28.364571571020992,33.10084312729563,35.253022102394446,68.60847712120527,34.36477345672161,19.052820131273048,12.346502692323284,4.561609396786206
vvc_rdo_ssim_sbh8n16_20260913_141832,wssim_sbh8n16_tau0.5_rdoq,wssim_sbh8n16,ssim,hutchblock,block,0.5,16,0.0,1,m/16 if sigma>0 else 1,none,99.5,per_plane,1,24,"22,27,32,37",47.65284073285623,43.78302539542221,-1.736847345487276,17.889633578900437,21.60932123734014,21.28644703901182,37.575250653482264,21.338452987981416,11.229241848266733,7.029557542698143,1.443407805484694
vvc_rdo_ssim_sbh8n16_20260913_141832,wssim_sbh8n16_tau1_rdoq,wssim_sbh8n16,ssim,hutchblock,block,1,16,0.0,1,m/16 if sigma>0 else 1,none,99.5,per_plane,1,24,"22,27,32,37",23.26227027423791,21.46745287201324,-6.1341157460344675,7.681378518249101,10.465456054132533,10.506772564279075,18.681380934451028,10.248106153896819,4.922646703033354,2.4968383436466257,-1.2626019051580482
vvc_rdo_ssim_sbh8n16_20260913_141832,wssim_sbh8n16_tau2_rdoq,wssim_sbh8n16,ssim,hutchblock,block,2,16,0.0,1,m/16 if sigma>0 else 1,none,99.5,per_plane,1,24,"22,27,32,37",10.73513137788091,9.97179435478064,-9.42445763476422,0.5481243428163145,3.22917789043379,4.682790084219778,8.817007275763972,3.918542063731309,0.6533923899739548,-0.7890337459602806,-3.28517391487272
vvc_rdo_ssim_sbh8n16_20260913_141832,wssim_sbh8n16_tau4_rdoq,wssim_sbh8n16,ssim,hutchblock,block,4,16,0.0,1,m/16 if sigma>0 else 1,none,99.5,per_plane,1,24,"22,27,32,37",4.672505198652639,4.363072760153525,-9.783232003513083,-2.595751974687237,-0.6971924894431704,1.2270779548236483,3.922355270226216,0.47594114238968066,-1.410827592908559,-2.3228269852484282,-3.9599643355767804
vvc_rdo_ssim_sbh8n32_20260913_142326,wssim_sbh8n32_tau0.25,wssim_sbh8n32,ssim,hutchblock,block,0.25,32,0.0,1,m/16 if sigma>0 else 1,none,99.5,per_plane,0,24,"22,27,32,37",57.0623649426938,52.58390720704822,-10.953581119478079,15.551674728273932,23.411212337419084,26.83082184360229,45.461271936524206,24.43970870840766,12.128272029134386,7.270839959875654,1.870337486516074
vvc_rdo_ssim_sbh8n32_20260913_142326,wssim_sbh8n32_tau0.5,wssim_sbh8n32,ssim,hutchblock,block,0.5,32,0.0,1,m/16 if sigma>0 else 1,none,99.5,per_plane,0,24,"22,27,32,37",29.582708150154748,27.39819375718264,-12.906658048096462,7.627624835918501,14.018360138036437,15.504723423610633,24.037885596412128,14.079552339884268,6.553863080150606,3.6709416637951953,0.007277770614809424
vvc_rdo_ssim_sbh8n32_20260913_142326,wssim_sbh8n32_tau1,wssim_sbh8n32,ssim,hutchblock,block,1,32,0.0,1,m/16 if sigma>0 else 1,none,99.5,per_plane,0,24,"22,27,32,37",14.852000791145656,13.879803217812286,-14.44292512965603,0.8052882528605986,5.366082482084393,7.473563855655385,12.426684935061521,6.313129737872451,1.92774168332528,0.12279790105456838,-2.5249018901785703
vvc_rdo_ssim_sbh8n32_20260913_142326,wssim_sbh8n32_tau2,wssim_sbh8n32,ssim,hutchblock,block,2,32,0.0,1,m/16 if sigma>0 else 1,none,99.5,per_plane,0,24,"22,27,32,37",7.389348709061131,6.967489263228161,-14.227529332287807,-2.959089785392253,0.5713017217356485,2.305946265381694,6.346563408795856,2.001955680742507,-0.8698766152021267,-2.0859105182504956,-3.9125452556571383
vvc_rdo_ssim_sbh8n32_20260913_142326,wssim_sbh8n32_tau4,wssim_sbh8n32,ssim,hutchblock,block,4,32,0.0,1,m/16 if sigma>0 else 1,none,99.5,per_plane,0,24,"22,27,32,37",3.2948634927879787,3.142620127962529,-12.123056415912103,-4.163945631932433,-1.5797942704628125,-0.17023339224056575,2.960330584269004,0.2619150145160481,-1.9746121745328544,-2.783796226350612,-4.077979557947455
vvc_rdo_ssim_sbh8n32_20260913_142326,wssim_sbh8n32_tau0.25_rdoq,wssim_sbh8n32,ssim,hutchblock,block,0.25,32,0.0,1,m/16 if sigma>0 else 1,none,99.5,per_plane,1,24,"22,27,32,37",58.258033684929195,53.29655272390053,-13.524012395004396,12.561313531840094,18.863778656507243,22.71973053782524,45.364836855063835,20.08866579348455,9.660504186710806,4.484288749779214,-1.4517423616548175
vvc_rdo_ssim_sbh8n32_20260913_142326,wssim_sbh8n32_tau0.5_rdoq,wssim_sbh8n32,ssim,hutchblock,block,0.5,32,0.0,1,m/16 if sigma>0 else 1,none,99.5,per_plane,1,24,"22,27,32,37",31.464842430412663,28.79417433728844,-15.420112931064033,4.9843440375147985,10.681226164379217,13.752704850669097,24.622433775418987,11.088355662685109,4.290964641091703,1.0188787797844185,-3.164368257717572
vvc_rdo_ssim_sbh8n32_20260913_142326,wssim_sbh8n32_tau1_rdoq,wssim_sbh8n32,ssim,hutchblock,block,1,32,0.0,1,m/16 if sigma>0 else 1,none,99.5,per_plane,1,24,"22,27,32,37",15.915355233980582,14.677728594706752,-16.235672954812756,-0.925964796264668,3.6925464402377153,6.821529369280995,12.807748870231427,4.791906986851116,0.5903097517793104,-1.441471564458779,-4.36117958920342
vvc_rdo_ssim_sbh8n32_20260913_142326,wssim_sbh8n32_tau2_rdoq,wssim_sbh8n32,ssim,hutchblock,block,2,32,0.0,1,m/16 if sigma>0 else 1,none,99.5,per_plane,1,24,"22,27,32,37",7.7090181326904,7.16575160242968,-15.510936331778451,-4.154163250811144,-0.4607229949298075,1.897377983027259,6.3764114272823,0.7327438072703741,-1.8278715712750497,-3.166996243154203,-5.29163714618953
vvc_rdo_ssim_sbh8n32_20260913_142326,wssim_sbh8n32_tau4_rdoq,wssim_sbh8n32,ssim,hutchblock,block,4,32,0.0,1,m/16 if sigma>0 else 1,none,99.5,per_plane,1,24,"22,27,32,37",3.446264766298538,3.221468021469762,-12.916989886773122,-4.883167855636429,-2.286578498145453,0.1774646763455896,2.915201625570653,-0.7609607873891241,-2.5813127963615323,-3.4607948556063373,-4.910648524719354
vvc_rdo_ssim_sbh8n64_20260913_142523,wssim_sbh8n64_tau0.25,wssim_sbh8n64,ssim,hutchblock,block,0.25,64,0.0,1,m/16 if sigma>0 else 1,none,99.5,per_plane,0,24,"22,27,32,37",40.59132894920398,37.33927164657741,-21.597871178147855,5.187164871249529,14.543281899442043,20.14404762602953,32.27659412542563,15.551495084707298,6.443854030853878,2.561425206560789,-1.5333243860107257
vvc_rdo_ssim_sbh8n64_20260913_142523,wssim_sbh8n64_tau0.5,wssim_sbh8n64,ssim,hutchblock,block,0.5,64,0.0,1,m/16 if sigma>0 else 1,none,99.5,per_plane,0,24,"22,27,32,37",21.69051068385421,20.122351156800562,-21.335001734019226,-0.13606619099712788,7.411329352217696,10.816521839407843,17.75236183181296,8.360884610382785,2.5364321670369256,0.08069731592231548,-2.9403491859006192
vvc_rdo_ssim_sbh8n64_20260913_142523,wssim_sbh8n64_tau1,wssim_sbh8n64,ssim,hutchblock,block,1,64,0.0,1,m/16 if sigma>0 else 1,none,99.5,per_plane,0,24,"22,27,32,37",11.683682967068938,10.929267233528721,-20.05397157524463,-3.606648764000695,2.072526771841323,4.382465899675572,9.82495553257672,3.4245964264994746,-0.32289903846113577,-1.968567194749035,-4.216126198001178
vvc_rdo_ssim_sbh8n64_20260913_142523,wssim_sbh8n64_tau2,wssim_sbh8n64,ssim,hutchblock,block,2,64,0.0,1,m/16 if sigma>0 else 1,none,99.5,per_plane,0,24,"22,27,32,37",6.02027004731056,5.689404950151598,-17.615295724381898,-5.32749234749356,-1.0949673032542522,1.1885944499688526,5.249837135850103,0.6667726988264316,-2.1248630253809524,-3.3082292703797607,-5.023995892677017
vvc_rdo_ssim_sbh8n64_20260913_142523,wssim_sbh8n64_tau4,wssim_sbh8n64,ssim,hutchblock,block,4,64,0.0,1,m/16 if sigma>0 else 1,none,99.5,per_plane,0,24,"22,27,32,37",2.6799991597535446,2.5706819028061987,-13.967756538970713,-5.338044038415949,-2.032801404989806,-0.36334126756750834,2.4682615732366213,-0.6107209879599234,-2.5230419653570144,-3.3054696746103223,-4.545815454746923
vvc_rdo_ssim_sbh8n64_20260913_142523,wssim_sbh8n64_tau0.25_rdoq,wssim_sbh8n64,ssim,hutchblock,block,0.25,64,0.0,1,m/16 if sigma>0 else 1,none,99.5,per_plane,1,24,"22,27,32,37",42.96337213861568,39.13060687588314,-24.024133721902952,2.520650684045876,10.482176799019477,16.62543365284822,33.12157236449176,11.559892162626815,4.090854716108857,-0.1950853465136565,-4.919333143363946
vvc_rdo_ssim_sbh8n64_20260913_142523,wssim_sbh8n64_tau0.5_rdoq,wssim_sbh8n64,ssim,hutchblock,block,0.5,64,0.0,1,m/16 if sigma>0 else 1,none,99.5,per_plane,1,24,"22,27,32,37",23.74819362965501,21.683969726976315,-23.64384554472289,-2.3534822966260687,4.519374531048127,9.763595630879061,18.53206791064365,5.637797021672909,0.48806076586533403,-2.331633990133032,-5.760062790011332
vvc_rdo_ssim_sbh8n64_20260913_142523,wssim_sbh8n64_tau1_rdoq,wssim_sbh8n64,ssim,hutchblock,block,1,64,0.0,1,m/16 if sigma>0 else 1,none,99.5,per_plane,1,24,"22,27,32,37",12.685188244649716,11.674841208711767,-21.883073831983168,-5.388900585856514,0.0653745821627328,4.145365142703395,10.152926659087981,1.6074540969194233,-1.810557365876889,-3.6964531213423317,-6.164344710121192
vvc_rdo_ssim_sbh8n64_20260913_142523,wssim_sbh8n64_tau2_rdoq,wssim_sbh8n64,ssim,hutchblock,block,2,64,0.0,1,m/16 if sigma>0 else 1,none,99.5,per_plane,1,24,"22,27,32,37",6.37541191960826,5.916762671563926,-18.754255099306334,-6.436824911912564,-2.2766380160818174,1.0984077638405365,5.284570470836867,-0.5214572550954167,-2.9943144880222423,-4.289343735188892,-6.167197746383697
vvc_rdo_ssim_sbh8n64_20260913_142523,wssim_sbh8n64_tau4_rdoq,wssim_sbh8n64,ssim,hutchblock,block,4,64,0.0,1,m/16 if sigma>0 else 1,none,99.5,per_plane,1,24,"22,27,32,37",2.8313766173629253,2.6532573315820343,-14.660662129741127,-5.991345776097046,-2.8622818922175295,-0.7791476710905928,2.440019929542963,-1.3455013510652174,-3.1107387832863043,-3.9846740345393066,-5.289767486507836
vvc_rdo_ms_ssim_mbh8n16_20260913_142719,wms_ssim_mbh8n16_tau0.25,wms_ssim_mbh8n16,ms_ssim,hutchblock,block,0.25,16,0.0,1,m/16 if sigma>0 else 1,none,99.5,per_plane,0,24,"22,27,32,37",27.314043496487155,24.964505604656427,-1.6999453809548024,-2.949629858901325,7.94578604361181,11.215549105702445,21.258078980518025,7.711651278821243,2.208373748104566,-0.6428945956864546,-4.536500983788884
vvc_rdo_ms_ssim_mbh8n16_20260913_142719,wms_ssim_mbh8n16_tau0.5,wms_ssim_mbh8n16,ms_ssim,hutchblock,block,0.5,16,0.0,1,m/16 if sigma>0 else 1,none,99.5,per_plane,0,24,"22,27,32,37",15.016674343723835,13.78305298920421,-3.5426546210939196,-4.76864479805424,2.908293786544611,4.521719547633196,11.84235791323958,3.142648268440448,-0.05090928814666754,-1.936703651696866,-4.897938309801895
vvc_rdo_ms_ssim_mbh8n16_20260913_142719,wms_ssim_mbh8n16_tau1,wms_ssim_mbh8n16,ms_ssim,hutchblock,block,1,16,0.0,1,m/16 if sigma>0 else 1,none,99.5,per_plane,0,24,"22,27,32,37",8.297599739619493,7.651906918064168,-4.942154755133431,-5.973505611318437,-0.36910680500149934,1.235885964111578,6.686318096702067,0.6797235389933132,-1.6349340313334555,-2.9564513346533112,-5.147492121494516
vvc_rdo_ms_ssim_mbh8n16_20260913_142719,wms_ssim_mbh8n16_tau2,wms_ssim_mbh8n16,ms_ssim,hutchblock,block,2,16,0.0,1,m/16 if sigma>0 else 1,none,99.5,per_plane,0,24,"22,27,32,37",4.176298730783177,3.849244411856567,-5.452855236318261,-6.182597205039454,-1.903756338116284,-0.02444089322693473,3.370240896387624,-0.508766435400218,-2.469946474794032,-3.3936630325557346,-4.96757739918132
vvc_rdo_ms_ssim_mbh8n16_20260913_142719,wms_ssim_mbh8n16_tau4,wms_ssim_mbh8n16,ms_ssim,hutchblock,block,4,16,0.0,1,m/16 if sigma>0 else 1,none,99.5,per_plane,0,24,"22,27,32,37",1.807450552710904,1.6598292849425988,-4.99559695235226,-5.395371647596545,-2.2583937898853876,-1.6630840727726957,1.45440350191836,-1.063347455648503,-2.5563172902547713,-3.173722629172453,-4.323670606654633
vvc_rdo_ms_ssim_mbh8n16_20260913_142719,wms_ssim_mbh8n16_tau0.25_rdoq,wms_ssim_mbh8n16,ms_ssim,hutchblock,block,0.25,16,0.0,1,m/16 if sigma>0 else 1,none,99.5,per_plane,1,24,"22,27,32,37",29.953929648142168,26.94118307231444,-4.5785039283340385,-6.321771873542178,2.4914466255671086,7.343488306894919,22.15185662377388,2.7275492064386344,-1.1789587606811498,-4.546799267390216,-9.031868886945182
vvc_rdo_ms_ssim_mbh8n16_20260913_142719,wms_ssim_mbh8n16_tau0.5_rdoq,wms_ssim_mbh8n16,ms_ssim,hutchblock,block,0.5,16,0.0,1,m/16 if sigma>0 else 1,none,99.5,per_plane,1,24,"22,27,32,37",17.13852942092951,15.392861303016224,-6.376660114978313,-7.637088559336583,-0.6266438642067002,2.462876915784005,12.613278667999651,0.42089167296028007,-2.7815288821494106,-5.0895209223141435,-8.39423682599626
vvc_rdo_ms_ssim_mbh8n16_20260913_142719,wms_ssim_mbh8n16_tau1_rdoq,wms_ssim_mbh8n16,ms_ssim,hutchblock,block,1,16,0.0,1,m/16 if sigma>0 else 1,none,99.5,per_plane,1,24,"22,27,32,37",9.252200282723718,8.30301836303398,-7.1452513503499695,-8.060468360128246,-2.4450366320529113,0.1498458569654761,6.809956718997545,-1.282365250360338,-3.6771332402447103,-5.303285212144849,-7.851601649585713
vvc_rdo_ms_ssim_mbh8n16_20260913_142719,wms_ssim_mbh8n16_tau2_rdoq,wms_ssim_mbh8n16,ms_ssim,hutchblock,block,2,16,0.0,1,m/16 if sigma>0 else 1,none,99.5,per_plane,1,24,"22,27,32,37",4.508589173497197,4.03202544785396,-6.761640530261288,-7.4438059813282464,-3.3044335164228573,-1.1044486324484424,3.3095116836980245,-1.9911287172594465,-3.6614275429737986,-4.748971812507404,-6.559180460854226
vvc_rdo_ms_ssim_mbh8n16_20260913_142719,wms_ssim_mbh8n16_tau4_rdoq,wms_ssim_mbh8n16,ms_ssim,hutchblock,block,4,16,0.0,1,m/16 if sigma>0 else 1,none,99.5,per_plane,1,24,"22,27,32,37",1.9074614626795299,1.706836424620738,-5.7261836344332595,-6.0834585516320425,-3.023210008760806,-1.6332825960824808,1.4219890189226627,-1.731150151885102,-3.0901230121516883,-3.784790383586928,-4.9392633790037905
vvc_rdo_ms_ssim_mbh8n32_20260913_142809,wms_ssim_mbh8n32_tau0.25,wms_ssim_mbh8n32,ms_ssim,hutchblock,block,0.25,32,0.0,1,m/16 if sigma>0 else 1,none,99.5,per_plane,0,24,"22,27,32,37",20.957200803446046,19.086429399030962,-8.1812475759814,-10.289721172769278,2.1239460519028976,6.434558420910823,16.178500579537644,2.8749118389296537,-1.3787226338296346,-3.9067509606697572,-7.1228027847216095
vvc_rdo_ms_ssim_mbh8n32_20260913_142809,wms_ssim_mbh8n32_tau0.5,wms_ssim_mbh8n32,ms_ssim,hutchblock,block,0.5,32,0.0,1,m/16 if sigma>0 else 1,none,99.5,per_plane,0,24,"22,27,32,37",11.837168757912623,10.828557395514727,-8.431659080216242,-10.126787828503332,-0.6489627245717625,2.2500101635209195,9.279588680191713,0.516895427825042,-2.558237461843062,-4.32753963508005,-6.832235841875324
vvc_rdo_ms_ssim_mbh8n32_20260913_142809,wms_ssim_mbh8n32_tau1,wms_ssim_mbh8n32,ms_ssim,hutchblock,block,1,32,0.0,1,m/16 if sigma>0 else 1,none,99.5,per_plane,0,24,"22,27,32,37",6.530858172889207,6.00189108479672,-8.337452793275347,-9.580125761222513,-2.0834562656329543,-0.10856219307231685,5.232937022087593,-0.7647986572890725,-3.331444000799364,-4.620732256636675,-6.5127119878556385
vvc_rdo_ms_ssim_mbh8n32_20260913_142809,wms_ssim_mbh8n32_tau2,wms_ssim_mbh8n32,ms_ssim,hutchblock,block,2,32,0.0,1,m/16 if sigma>0 else 1,none,99.5,per_plane,0,24,"22,27,32,37",3.2060717780182704,2.9232096585567255,-7.512077677077251,-8.359597942164537,-3.1967019224693387,-1.6228874119290808,2.5262807683439323,-1.5852787902068968,-3.572110320967371,-4.5048225260846175,-5.9707081526989
vvc_rdo_ms_ssim_mbh8n32_20260913_142809,wms_ssim_mbh8n32_tau4,wms_ssim_mbh8n32,ms_ssim,hutchblock,block,4,32,0.0,1,m/16 if sigma>0 else 1,none,99.5,per_plane,0,24,"22,27,32,37",1.358953249096965,1.2463998865932802,-6.020189948468548,-6.533617376683794,-2.6104139859883086,-1.7832295190936076,1.12017769688499,-1.5445845366829234,-2.9452718683713797,-3.5584569988214043,-4.532836460497269
vvc_rdo_ms_ssim_mbh8n32_20260913_142809,wms_ssim_mbh8n32_tau0.25_rdoq,wms_ssim_mbh8n32,ms_ssim,hutchblock,block,0.25,32,0.0,1,m/16 if sigma>0 else 1,none,99.5,per_plane,1,24,"22,27,32,37",23.938584557923885,21.3786122416421,-10.964722759169115,-13.524647196922416,-2.6301264023356343,2.6056617390740393,17.319349156235983,-1.522149727773142,-4.850141773871813,-7.904821642432424,-11.707371184972198
vvc_rdo_ms_ssim_mbh8n32_20260913_142809,wms_ssim_mbh8n32_tau0.5_rdoq,wms_ssim_mbh8n32,ms_ssim,hutchblock,block,0.5,32,0.0,1,m/16 if sigma>0 else 1,none,99.5,per_plane,1,24,"22,27,32,37",13.921618075901733,12.417368131991884,-11.17699880617659,-12.94282772556546,-4.405400451510893,-0.4758158945896281,10.068927597690568,-2.887559250895283,-5.418463942580971,-7.645510569800027,-10.628643597582256
vvc_rdo_ms_ssim_mbh8n32_20260913_142809,wms_ssim_mbh8n32_tau1_rdoq,wms_ssim_mbh8n32,ms_ssim,hutchblock,block,1,32,0.0,1,m/16 if sigma>0 else 1,none,99.5,per_plane,1,24,"22,27,32,37",7.423318304478162,6.619864827873528,-10.331472091685825,-11.606183785259597,-4.624018955187559,-1.6466340178194088,5.397188856904617,-3.2112814034225394,-5.346150767888862,-6.933698063269275,-9.207579636678412
vvc_rdo_ms_ssim_mbh8n32_20260913_142809,wms_ssim_mbh8n32_tau2_rdoq,wms_ssim_mbh8n32,ms_ssim,hutchblock,block,2,32,0.0,1,m/16 if sigma>0 else 1,none,99.5,per_plane,1,24,"22,27,32,37",3.5449275605015043,3.123840242434973,-8.657001546168026,-9.568148968523127,-4.40097143392637,-2.9357553498052824,2.492691674982708,-2.8264057568364898,-4.713709782317568,-5.7972829350637625,-7.432277187663348
vvc_rdo_ms_ssim_mbh8n32_20260913_142809,wms_ssim_mbh8n32_tau4_rdoq,wms_ssim_mbh8n32,ms_ssim,hutchblock,block,4,32,0.0,1,m/16 if sigma>0 else 1,none,99.5,per_plane,1,24,"22,27,32,37",1.4617563435833294,1.2619570487227803,-6.676059891249878,-7.231150797132993,-3.683001328589922,-2.860927960706427,0.9663759703234364,-2.3955093469141193,-3.7092929305148368,-4.425235633964125,-5.544390667093237
vvc_rdo_ssim_sbh8n128_20260913_142827,wssim_sbh8n128_tau0.25,wssim_sbh8n128,ssim,hutchblock,block,0.25,128,0.0,1,m/16 if sigma>0 else 1,none,99.5,per_plane,0,24,"22,27,32,37",33.56310319289159,30.874512709792267,-27.01578578976887,-0.08512121917355293,9.970515067168536,17.26578923621575,26.73859777041319,11.315205543177008,3.68876587446436,0.24312268549363894,-3.2909586438626204
vvc_rdo_ssim_sbh8n128_20260913_142827,wssim_sbh8n128_tau0.5,wssim_sbh8n128,ssim,hutchblock,block,0.5,128,0.0,1,m/16 if sigma>0 else 1,none,99.5,per_plane,0,24,"22,27,32,37",18.607475674475108,17.274375464179073,-25.35709406859847,-3.55605260477085,5.130780136214542,9.91047069494781,15.276930848461433,6.010585030968291,0.8062063036154686,-1.479607053297521,-4.11720889771312
vvc_rdo_ssim_sbh8n128_20260913_142827,wssim_sbh8n128_tau1,wssim_sbh8n128,ssim,hutchblock,block,1,128,0.0,1,m/16 if sigma>0 else 1,none,99.5,per_plane,0,24,"22,27,32,37",10.399373009328075,9.745700955997151,-22.826560309287927,-5.782007740979755,0.5029649652439022,3.531108039900428,8.821619974721296,2.4745554012814135,-1.4236231501285095,-3.0324279591092567,-5.052932440180836
vvc_rdo_ssim_sbh8n128_20260913_142827,wssim_sbh8n128_tau2,wssim_sbh8n128,ssim,hutchblock,block,2,128,0.0,1,m/16 if sigma>0 else 1,none,99.5,per_plane,0,24,"22,27,32,37",5.340992954933772,5.058913747554961,-19.23778550264568,-6.511294233495512,-1.6567012774343777,1.130416131241735,4.692537752833533,-0.05519793256167597,-2.635530770691643,-3.7770095592963986,-5.326679766697496
vvc_rdo_ssim_sbh8n128_20260913_142827,wssim_sbh8n128_tau4,wssim_sbh8n128,ssim,hutchblock,block,4,128,0.0,1,m/16 if sigma>0 else 1,none,99.5,per_plane,0,24,"22,27,32,37",2.389934612124033,2.2759262463549894,-14.884185301253579,-5.951621688297042,-2.602181911171353,-0.5404786704323025,2.15733043270809,-1.131511788683209,-2.9405853348298376,-3.7381836623221267,-4.988072491186859
vvc_rdo_ssim_sbh8n128_20260913_142827,wssim_sbh8n128_tau0.25_rdoq,wssim_sbh8n128,ssim,hutchblock,block,0.25,128,0.0,1,m/16 if sigma>0 else 1,none,99.5,per_plane,1,24,"22,27,32,37",36.20012423099224,32.91089712475428,-29.29750478381008,-2.537182291366479,6.402100899931637,14.115432840773158,27.785819911761383,7.945347526031842,1.4407758750916138,-2.4446555466360693,-6.548895842574005
vvc_rdo_ssim_sbh8n128_20260913_142827,wssim_sbh8n128_tau0.5_rdoq,wssim_sbh8n128,ssim,hutchblock,block,0.5,128,0.0,1,m/16 if sigma>0 else 1,none,99.5,per_plane,1,24,"22,27,32,37",20.73573092371757,18.904711555852113,-27.65012423075888,-5.844814741430521,1.5544730107477402,7.457339585675098,16.08961620271813,3.317021995111259,-1.3494022374384607,-4.00126429302201,-7.055244852544256
vvc_rdo_ssim_sbh8n128_20260913_142827,wssim_sbh8n128_tau1_rdoq,wssim_sbh8n128,ssim,hutchblock,block,1,128,0.0,1,m/16 if sigma>0 else 1,none,99.5,per_plane,1,24,"22,27,32,37",11.338947763206406,10.415014501362135,-24.632431785107684,-7.454313431063796,-1.425389834142722,3.5822402254564962,9.059473192658455,0.19364425242632963,-2.912433545915866,-4.7532924178826335,-7.024407982051986
vvc_rdo_ssim_sbh8n128_20260913_142827,wssim_sbh8n128_tau2_rdoq,wssim_sbh8n128,ssim,hutchblock,block,2,128,0.0,1,m/16 if sigma>0 else 1,none,99.5,per_plane,1,24,"22,27,32,37",5.736121753180267,5.296690773470026,-20.44396251206965,-7.581462450162448,-2.913118890833689,0.5578267811869716,4.680646926282415,-1.1058678300618345,-3.58965741775787,-4.865251693836965,-6.643324958083944
vvc_rdo_ssim_sbh8n128_20260913_142827,wssim_sbh8n128_tau4_rdoq,wssim_sbh8n128,ssim,hutchblock,block,4,128,0.0,1,m/16 if sigma>0 else 1,none,99.5,per_plane,1,24,"22,27,32,37",2.497636784839768,2.3349556068763877,-15.558910280536951,-6.583854323799247,-3.171929958353877,-0.3700773989293494,2.1489852946052785,-1.677005412366537,-3.377869075571058,-4.239352879948343,-5.5043360197640565
vvc_rdo_ms_ssim_mbh8n64_20260913_143705,wms_ssim_mbh8n64_tau0.25,wms_ssim_mbh8n64,ms_ssim,hutchblock,block,0.25,64,0.0,1,m/16 if sigma>0 else 1,none,99.5,per_plane,0,24,"22,27,32,37",18.06376836297326,16.443873568434018,-11.694688017616324,-14.350576328830371,-0.5266525763588802,4.721942027298461,13.967730776158225,0.28453835538606825,-3.3793431756534438,-5.778944584911383,-8.589839726031574
vvc_rdo_ms_ssim_mbh8n64_20260913_143705,wms_ssim_mbh8n64_tau0.5,wms_ssim_mbh8n64,ms_ssim,hutchblock,block,0.5,64,0.0,1,m/16 if sigma>0 else 1,none,99.5,per_plane,0,24,"22,27,32,37",10.155410633283006,9.281945028934077,-11.184983991049526,-13.250544277381792,-2.5437199582668337,1.301654307031406,7.949694392162454,-1.1332326987687962,-3.9698004550293664,-5.690612597226038,-7.93781772321789
vvc_rdo_ms_ssim_mbh8n64_20260913_143705,wms_ssim_mbh8n64_tau1,wms_ssim_mbh8n64,ms_ssim,hutchblock,block,1,64,0.0,1,m/16 if sigma>0 else 1,none,99.5,per_plane,0,24,"22,27,32,37",5.586367704989267,5.112075133646388,-10.33516487524385,-11.783411547467724,-3.4033732751716896,-0.3200715705560991,4.432411325802353,-1.9726817491064736,-4.40040255213377,-5.684487634466989,-7.456045983618544
vvc_rdo_ms_ssim_mbh8n64_20260913_143705,wms_ssim_mbh8n64_tau2,wms_ssim_mbh8n64,ms_ssim,hutchblock,block,2,64,0.0,1,m/16 if sigma>0 else 1,none,99.5,per_plane,0,24,"22,27,32,37",2.625934142555687,2.4006163662246576,-8.756271495997135,-9.679785665233963,-3.6492566686328836,-2.2492298435011278,2.111121205780733,-2.3344197752382962,-4.032715088527914,-4.911935662722033,-6.1219909876034135
vvc_rdo_ms_ssim_mbh8n64_20260913_143705,wms_ssim_mbh8n64_tau4,wms_ssim_mbh8n64,ms_ssim,hutchblock,block,4,64,0.0,1,m/16 if sigma>0 else 1,none,99.5,per_plane,0,24,"22,27,32,37",1.0660011277654793,0.9781098524247854,-6.492624778211069,-7.086873249911271,-2.951796895971724,-1.8749074642941668,0.8694418770825413,-1.8041221976071125,-3.293337016624991,-3.9180285650996747,-4.877558932204159
vvc_rdo_ms_ssim_mbh8n64_20260913_143705,wms_ssim_mbh8n64_tau0.25_rdoq,wms_ssim_mbh8n64,ms_ssim,hutchblock,block,0.25,64,0.0,1,m/16 if sigma>0 else 1,none,99.5,per_plane,1,24,"22,27,32,37",21.130108808534324,18.77189634784234,-14.50871703595913,-17.48246809702257,-5.5835613208631445,-0.0877867708346715,15.06955685630677,-3.970570625698439,-6.925502683607583,-9.89051099517926,-13.391327611874127
vvc_rdo_ms_ssim_mbh8n64_20260913_143705,wms_ssim_mbh8n64_tau0.5_rdoq,wms_ssim_mbh8n64,ms_ssim,hutchblock,block,0.5,64,0.0,1,m/16 if sigma>0 else 1,none,99.5,per_plane,1,24,"22,27,32,37",12.185563034344364,10.815550903980787,-13.857092183903205,-15.983425280260809,-5.614246962307732,-1.3245499614708047,8.699689047157909,-3.8428971362453876,-6.772530969203232,-8.925450603720686,-11.58782929953454
vvc_rdo_ms_ssim_mbh8n64_20260913_143705,wms_ssim_mbh8n64_tau1_rdoq,wms_ssim_mbh8n64,ms_ssim,hutchblock,block,1,64,0.0,1,m/16 if sigma>0 else 1,none,99.5,per_plane,1,24,"22,27,32,37",6.437066635083771,5.657925928507825,-12.288518978022552,-13.681847177031855,-5.754959542559194,-2.4774035626315927,4.488389800357161,-4.202787737479489,-6.38194580557358,-7.939318122171457,-9.996121677292729
vvc_rdo_ms_ssim_mbh8n64_20260913_143705,wms_ssim_mbh8n64_tau2_rdoq,wms_ssim_mbh8n64,ms_ssim,hutchblock,block,2,64,0.0,1,m/16 if sigma>0 else 1,none,99.5,per_plane,1,24,"22,27,32,37",2.9794560261890624,2.616506271961951,-9.977127472361381,-10.869577527696682,-4.798932434678502,-2.726699898259302,2.09131800598277,-3.5479208526109525,-5.11497448444017,-6.163503618267954,-7.628806587519247
vvc_rdo_ms_ssim_mbh8n64_20260913_143705,wms_ssim_mbh8n64_tau4_rdoq,wms_ssim_mbh8n64,ms_ssim,hutchblock,block,4,64,0.0,1,m/16 if sigma>0 else 1,none,99.5,per_plane,1,24,"22,27,32,37",1.2271640704936868,1.0517731802377546,-7.250479555083291,-7.815398380277325,-3.6152252049897036,-2.443548843875803,0.8218657891214926,-2.6740580977560806,-3.9322211411798444,-4.6413312003104386,-5.713267315272485
vvc_rdo_ms_ssim_mbh8n128_20260913_144924,wms_ssim_mbh8n128_tau0.25,wms_ssim_mbh8n128,ms_ssim,hutchblock,block,0.25,128,0.0,1,m/16 if sigma>0 else 1,none,99.5,per_plane,0,24,"22,27,32,37",16.71078211127917,15.19109459271966,-13.561967383989321,-16.44054476465528,-1.8149656861566512,2.9663940450994013,12.841663071817429,-0.7843205684182443,-4.432040317276912,-6.803456249356732,-9.50828515561838
vvc_rdo_ms_ssim_mbh8n128_20260913_144924,wms_ssim_mbh8n128_tau0.5,wms_ssim_mbh8n128,ms_ssim,hutchblock,block,0.5,128,0.0,1,m/16 if sigma>0 else 1,none,99.5,per_plane,0,24,"22,27,32,37",9.341772196727092,8.493993923296612,-12.746127335246642,-14.879889666456307,-3.190030362844244,0.6891238501785478,7.2364164958391655,-2.0431661511705017,-4.789089717554621,-6.478192212063713,-8.5556295345256
vvc_rdo_ms_ssim_mbh8n128_20260913_144924,wms_ssim_mbh8n128_tau1,wms_ssim_mbh8n128,ms_ssim,hutchblock,block,1,128,0.0,1,m/16 if sigma>0 else 1,none,99.5,per_plane,0,24,"22,27,32,37",4.971802853948043,4.537423493120983,-11.429323768864014,-12.924799798795462,-4.1478329873949376,-1.4765714457300405,3.913962763164932,-2.598668121392905,-4.891189395789763,-6.1409667757036415,-7.796305976888912
vvc_rdo_ms_ssim_mbh8n128_20260913_144924,wms_ssim_mbh8n128_tau2,wms_ssim_mbh8n128,ms_ssim,hutchblock,block,2,128,0.0,1,m/16 if sigma>0 else 1,none,99.5,per_plane,0,24,"22,27,32,37",2.374919928439475,2.16197361171999,-9.479012915806232,-10.391365519580711,-3.782107763542198,-2.2755449299675585,1.887537208802535,-2.3858691494084527,-4.30000199522805,-5.189048006631215,-6.436399260589649
vvc_rdo_ms_ssim_mbh8n128_20260913_144924,wms_ssim_mbh8n128_tau4,wms_ssim_mbh8n128,ms_ssim,hutchblock,block,4,128,0.0,1,m/16 if sigma>0 else 1,none,99.5,per_plane,0,24,"22,27,32,37",0.9326875419827055,0.8521246811731228,-6.93313263317359,-7.513388699792155,-3.0808750846173076,-1.9601300293224513,0.7572812727445962,-2.150444242925428,-3.400260492312025,-4.007453084089976,-4.9520311308862
vvc_rdo_ms_ssim_mbh8n128_20260913_144924,wms_ssim_mbh8n128_tau0.25_rdoq,wms_ssim_mbh8n128,ms_ssim,hutchblock,block,0.25,128,0.0,1,m/16 if sigma>0 else 1,none,99.5,per_plane,1,24,"22,27,32,37",19.762976543013153,17.551017416603926,-16.407496345255545,-19.652262894951907,-6.422191287119425,-0.5661423718474144,14.079086560515435,-4.889172098330779,-7.775110897755941,-10.65086676455291,-13.843650709789301
vvc_rdo_ms_ssim_mbh8n128_20260913_144924,wms_ssim_mbh8n128_tau0.5_rdoq,wms_ssim_mbh8n128,ms_ssim,hutchblock,block,0.5,128,0.0,1,m/16 if sigma>0 else 1,none,99.5,per_plane,1,24,"22,27,32,37",11.382936745243319,10.00001498791753,-15.345958950042508,-17.624755319627393,-6.7695885953624355,-2.390975966967129,7.872770704914274,-5.436001280384524,-7.814677077801515,-9.980331505722528,-12.558200799435838
vvc_rdo_ms_ssim_mbh8n128_20260913_144924,wms_ssim_mbh8n128_tau1_rdoq,wms_ssim_mbh8n128,ms_ssim,hutchblock,block,1,128,0.0,1,m/16 if sigma>0 else 1,none,99.5,per_plane,1,24,"22,27,32,37",5.836479586816537,5.121113698960209,-13.397771496979104,-14.800927961983797,-6.23605284126288,-3.185244945084697,4.05864042316334,-4.674469897541419,-6.704296301371417,-8.216090258107988,-10.156097973133724
vvc_rdo_ms_ssim_mbh8n128_20260913_144924,wms_ssim_mbh8n128_tau2_rdoq,wms_ssim_mbh8n128,ms_ssim,hutchblock,block,2,128,0.0,1,m/16 if sigma>0 else 1,none,99.5,per_plane,1,24,"22,27,32,37",2.6715937798278735,2.3187388967773788,-10.589055931858303,-11.577621074180811,-5.27011470495094,-3.1907590456112005,1.7968763806867518,-3.9841870700342668,-5.631564998595672,-6.699317139839509,-8.207063184505971
vvc_rdo_ms_ssim_mbh8n128_20260913_144924,wms_ssim_mbh8n128_tau4_rdoq,wms_ssim_mbh8n128,ms_ssim,hutchblock,block,4,128,0.0,1,m/16 if sigma>0 else 1,none,99.5,per_plane,1,24,"22,27,32,37",1.0487700219041274,0.8806641298052466,-7.693709529094853,-8.253731560515563,-3.9430339002299495,-2.6476295485315955,0.6561594052218127,-2.7468502826914083,-4.11545326743902,-4.812259034594423,-5.7792229210581
vvc_rdo_lpips_hb8m256psd_20260913_152127,wlpips_hb8m256psd_tau0.25,wlpips_hb8m256psd,lpips,hutchblock,block,0.25,256,0.0,1,m/16 if sigma>0 else 1,eigh,99.5,per_plane,0,24,"22,27,32,37",19.05796476363115,17.61802466639,7.185180254546701,7.863324494795562,-2.9548705961797785,1.2091499794164564,14.82900818041106,-1.9715419998382702,,,
vvc_rdo_lpips_hb8m256psd_20260913_152127,wlpips_hb8m256psd_tau0.5,wlpips_hb8m256psd,lpips,hutchblock,block,0.5,256,0.0,1,m/16 if sigma>0 else 1,eigh,99.5,per_plane,0,24,"22,27,32,37",10.780247015988417,9.963773931998269,4.259255437407652,4.442422622195531,-4.8120682878582475,-2.0483551295224696,8.34285244718407,-4.600617697645851,,,
vvc_rdo_lpips_hb8m256psd_20260913_152127,wlpips_hb8m256psd_tau1,wlpips_hb8m256psd,lpips,hutchblock,block,1,256,0.0,1,m/16 if sigma>0 else 1,eigh,99.5,per_plane,0,24,"22,27,32,37",6.057332889271478,5.514773294433805,2.0529581345051677,1.9810213843169997,-6.040042470234862,-4.201445469511441,4.429393512939703,-5.7784575024686164,,,
vvc_rdo_lpips_hb8m256psd_20260913_152127,wlpips_hb8m256psd_tau2,wlpips_hb8m256psd,lpips,hutchblock,block,2,256,0.0,1,m/16 if sigma>0 else 1,eigh,99.5,per_plane,0,24,"22,27,32,37",3.0685267819845095,2.7297104543282877,0.49032801476149573,0.33642804778678864,-6.077492320473996,-4.294395044903392,2.0446042942557296,-5.617292942368581,,,
vvc_rdo_lpips_hb8m256psd_20260913_152127,wlpips_hb8m256psd_tau4,wlpips_hb8m256psd,lpips,hutchblock,block,4,256,0.0,1,m/16 if sigma>0 else 1,eigh,99.5,per_plane,0,24,"22,27,32,37",1.4222736461614593,1.1965896883786946,-0.3877097172879531,-0.5252945047855521,-5.230467587374949,-4.783741655094267,0.7413785981667785,-4.661760185467654,,,
vvc_rdo_lpips_hb8m256psd_20260913_152127,wlpips_hb8m256psd_tau0.25_rdoq,wlpips_hb8m256psd,lpips,hutchblock,block,0.25,256,0.0,1,m/16 if sigma>0 else 1,eigh,99.5,per_plane,1,24,"22,27,32,37",24.375470555138293,22.25109262794939,5.422240323295619,6.071237720386289,-10.340092752276767,-3.472191968970625,18.378993709851347,-8.67463451488551,,,
vvc_rdo_lpips_hb8m256psd_20260913_152127,wlpips_hb8m256psd_tau0.5_rdoq,wlpips_hb8m256psd,lpips,hutchblock,block,0.5,256,0.0,1,m/16 if sigma>0 else 1,eigh,99.5,per_plane,1,24,"22,27,32,37",13.896170359862767,12.634595304447075,1.4046084054053705,2.0551991782343864,-10.304640780106963,-5.532538378197902,10.285704508683741,-8.639972321317265,,,
vvc_rdo_lpips_hb8m256psd_20260913_152127,wlpips_hb8m256psd_tau1_rdoq,wlpips_hb8m256psd,lpips,hutchblock,block,1,256,0.0,1,m/16 if sigma>0 else 1,eigh,99.5,per_plane,1,24,"22,27,32,37",7.2088838523008905,6.4566816977009935,-0.041606339528659886,0.12592333069099818,-9.335626635535755,-6.441209160591742,5.022104404694754,-8.417966127430452,,,
vvc_rdo_lpips_hb8m256psd_20260913_152127,wlpips_hb8m256psd_tau2_rdoq,wlpips_hb8m256psd,lpips,hutchblock,block,2,256,0.0,1,m/16 if sigma>0 else 1,eigh,99.5,per_plane,1,24,"22,27,32,37",3.4883491321659306,3.006508700513978,-0.857891179283512,-0.8519848427592596,-7.814193155512728,-6.072410597207518,2.076809240581636,-7.243636167248752,,,
vvc_rdo_lpips_hb8m256psd_20260913_152127,wlpips_hb8m256psd_tau4_rdoq,wlpips_hb8m256psd,lpips,hutchblock,block,4,256,0.0,1,m/16 if sigma>0 else 1,eigh,99.5,per_plane,1,24,"22,27,32,37",1.5695476653935316,1.2673540312262783,-1.1092001722952813,-1.1284965156785685,-5.801761056663547,-4.916709580656806,0.6895081548246131,-5.316100565845763,,,
vvc_rdo_wd_hb8m256psd_20260914_004852,wwd_hb8m256psd_tau0.25_rdoq,wwd_hb8m256psd,wd,hutchblock,block,0.25,256,0.0,1,m/16 if sigma>0 else 1,eigh,99.5,per_plane,1,24,"22,27,32,37",24.882099067550797,21.950270747383986,-3.0605060369523795,-2.0719539061322396,-13.185854371756543,-15.15281849940206,16.454519266032715,-9.640546857352264,-13.892015142285919,-18.064889561904128,-23.26336207369431
vvc_rdo_wd_hb8m256psd_20260914_004852,wwd_hb8m256psd_tau0.5_rdoq,wwd_hb8m256psd,wd,hutchblock,block,0.5,256,0.0,1,m/16 if sigma>0 else 1,eigh,99.5,per_plane,1,24,"22,27,32,37",17.253351820853954,14.948708777477341,-4.191345763867383,-3.2421982446249618,-13.420134044628176,-15.881148787620683,10.588115383881197,-10.287801511531342,-13.968634645611308,-17.513144096381364,-22.146402379409825
vvc_rdo_wd_hb8m256psd_20260914_004852,wwd_hb8m256psd_tau1_rdoq,wwd_hb8m256psd,wd,hutchblock,block,1,256,0.0,1,m/16 if sigma>0 else 1,eigh,99.5,per_plane,1,24,"22,27,32,37",10.869872579380212,9.106462937434806,-4.670015632007212,-4.014691719050148,-13.117687883460661,-15.717356117413317,5.723009324880262,-10.597645488614132,-13.511669468163639,-16.413167883045144,-20.57354579274372
vvc_rdo_wd_hb8m256psd_20260914_004852,wwd_hb8m256psd_tau2_rdoq,wwd_hb8m256psd,wd,hutchblock,block,2,256,0.0,1,m/16 if sigma>0 else 1,eigh,99.5,per_plane,1,24,"22,27,32,37",6.226164356008103,4.97708347789743,-4.840586539497001,-4.2840375069444026,-11.905864749790107,-13.886246946970006,2.552759474417824,-9.59589222386496,-11.792339946943125,-14.032843183028554,-17.484471493972297
vvc_rdo_wd_hb8m256psd_20260914_004852,wwd_hb8m256psd_tau4_rdoq,wwd_hb8m256psd,wd,hutchblock,block,4,256,0.0,1,m/16 if sigma>0 else 1,eigh,99.5,per_plane,1,24,"22,27,32,37",3.146781747777174,2.29527475666124,-4.519852035833502,-4.030331557614689,-9.713051092467582,-11.559992293742111,0.6267484793988763,-7.797545716898328,-9.623090037211691,-11.269614705878565,-14.039290622002431
