source,config,base,metric,estimator,kind,tau,m,sigma,R,R_rule,psd,clip_pct,plane_norm,rdoq,n_images,qps,bd_psnr_y,bd_psnr_yuv,bd_ssim,bd_ms_ssim,bd_lpips,bd_dists,bd_psnr_rgb,bd_lpips_alex,bd_wd0,bd_wd2,bd_wd4
vvc_rdo_lpips_bh8_m255_20260923_114350,wlpips_bh8_m255_tau0.5_rdoq,wlpips_bh8_m255,lpips,gnblock,block,0.5,256,3.0,16,m/16 if sigma>0 else 1,none,99.5,per_plane,1,24,"22,27,32,37",8.798470955497402,7.581637698874655,-5.974300374681704,-5.3656317684364945,-15.900947558950294,-11.366809463312924,5.268966866622294,-14.737762335674153,-10.145104692386093,-12.271812159895402,-16.15721794264696
vvc_rdo_lpips_bh8_m255_20260923_114350,wlpips_bh8_m255_tau1_rdoq,wlpips_bh8_m255,lpips,gnblock,block,1,256,3.0,16,m/16 if sigma>0 else 1,none,99.5,per_plane,1,24,"22,27,32,37",4.516262581503748,3.685318365980334,-5.618262822877173,-4.992234236474042,-13.538084022064846,-10.484623578338072,2.1045453132321383,-12.82894423139498,-8.953664148502915,-10.570426655093767,-13.794256161607933
vvc_rdo_lpips_bh8_m255_20260923_114350,wlpips_bh8_m255_tau2_rdoq,wlpips_bh8_m255,lpips,gnblock,block,2,256,3.0,16,m/16 if sigma>0 else 1,none,99.5,per_plane,1,24,"22,27,32,37",1.9888189518952242,1.4739565424725376,-4.3811468074300635,-4.12594372081762,-10.573093054559498,-8.746827199582238,0.46384050650402725,-10.204081324463212,-7.006349608092658,-8.143477864865886,-10.530147084911327
vvc_rdo_lpips_bh8_m255_20260923_114350,wlpips_bh8_m255_tau4_rdoq,wlpips_bh8_m255,lpips,gnblock,block,4,256,3.0,16,m/16 if sigma>0 else 1,none,99.5,per_plane,1,24,"22,27,32,37",0.8237552546928725,0.504834792135827,-3.2472682887283795,-3.047661637600131,-7.471121641659913,-6.197830101160662,-0.12527911875053152,-7.18062071062871,-4.989453866084702,-5.761591383804031,-7.446755036683335
vvc_rdo_lpips_bh8_m1_20260923_132216,wlpips_bh8_m1_tau0.5_rdoq,wlpips_bh8_m1,lpips,gnblock,block,0.5,256,3.0,16,m/16 if sigma>0 else 1,none,99.5,per_plane,1,24,"22,27,32,37",3.292668736019339,2.9307465163710518,-1.8336717138469798,-1.7465760770581855,-7.390228431122115,-6.619330893971356,2.1622646724642576,-6.570655336309376,-4.071613725487938,-5.003055948898987,-7.007445303291948
vvc_rdo_lpips_bh8_m1_20260923_132216,wlpips_bh8_m1_tau1_rdoq,wlpips_bh8_m1,lpips,gnblock,block,1,256,3.0,16,m/16 if sigma>0 else 1,none,99.5,per_plane,1,24,"22,27,32,37",2.057291873954333,1.7220429835550128,-2.1909767264398723,-2.0375644291963098,-6.7638160136452425,-6.554362253075404,1.049086150555299,-6.297884199661053,-4.105728259425776,-4.894771417524868,-6.552421358278764
vvc_rdo_lpips_bh8_m1_20260923_132216,wlpips_bh8_m1_tau2_rdoq,wlpips_bh8_m1,lpips,gnblock,block,2,256,3.0,16,m/16 if sigma>0 else 1,none,99.5,per_plane,1,24,"22,27,32,37",1.0755217509784087,0.812255078387561,-2.0105381006168033,-1.8983130903978542,-5.677122277715179,-4.876661031568461,0.30145233752317074,-5.5802298955365295,-3.6063279377562174,-4.223665088292972,-5.557987585355261
vvc_rdo_lpips_bh8_m1_20260923_132216,wlpips_bh8_m1_tau4_rdoq,wlpips_bh8_m1,lpips,gnblock,block,4,256,3.0,16,m/16 if sigma>0 else 1,none,99.5,per_plane,1,24,"22,27,32,37",0.48639347734352373,0.3041614856115417,-1.5958717599365055,-1.5426060885479471,-4.324496839839266,-3.639453263389923,-0.05892258158745287,-4.355769433696309,-2.7988177462420616,-3.251291436375194,-4.226432675425822
vvc_rdo_lpips_bh8_m1_20260923_143615,wlpips_bh8_m1_tau0.25_rdoq,wlpips_bh8_m1,lpips,gnblock,block,0.25,256,3.0,16,m/16 if sigma>0 else 1,none,99.5,per_plane,1,24,"22,27,32,37",4.465954864395555,4.050523685563714,-1.480175404090504,-1.2593890276818753,-7.077602373971614,-6.181468537471009,3.178335393500825,-6.583105481736946,-3.6587300965993457,-4.665517531490547,-6.745393515542431
vvc_rdo_lpips_bh8_m1_20260923_143615,wlpips_bh8_m1_tau0.125_rdoq,wlpips_bh8_m1,lpips,gnblock,block,0.125,256,3.0,16,m/16 if sigma>0 else 1,none,99.5,per_plane,1,24,"22,27,32,37",5.299285468984606,4.910978047278157,-0.9692010259897197,-0.7923515097609085,-6.800439000540268,-6.14417110379966,4.054853624059735,-6.167602701647948,-3.3221305359546762,-4.377808775714228,-6.583039915969504
vvc_rdo_lpips_bh8_m2_20260923_153546,wlpips_bh8_m2_tau0.5_rdoq,wlpips_bh8_m2,lpips,gnblock,block,0.5,256,3.0,16,m/16 if sigma>0 else 1,none,99.5,per_plane,1,24,"22,27,32,37",0.7419650097275318,0.6479303058436544,-0.13861464974179172,-0.05371355449133817,-0.9626599278636369,-1.2871230746850575,0.4313025891666184,-0.4813377371188629,-0.7219918060919811,-0.9011173225194021,-1.3827047749488024
vvc_rdo_lpips_bh8_m2_20260923_153546,wlpips_bh8_m2_tau1_rdoq,wlpips_bh8_m2,lpips,gnblock,block,1,256,3.0,16,m/16 if sigma>0 else 1,none,99.5,per_plane,1,24,"22,27,32,37",0.3556380566579069,0.2715025786008435,-0.3967924827565037,-0.3245189251680695,-1.2755510321576615,-1.6689118784230483,0.0795037868540872,-0.8724281627503535,-0.8913213262299499,-1.049518720385223,-1.4842242127244047
vvc_rdo_lpips_bh8_m2_20260923_153546,wlpips_bh8_m2_tau2_rdoq,wlpips_bh8_m2,lpips,gnblock,block,2,256,3.0,16,m/16 if sigma>0 else 1,none,99.5,per_plane,1,24,"22,27,32,37",0.1789163146201677,0.11910750206766037,-0.3134536807880765,-0.3145976952371972,-0.6693023411662687,-0.9775093452746145,0.03220340130350117,-0.3431209177728027,-0.6651461587331218,-0.7797945829110794,-1.1022276558101807
vvc_rdo_lpips_bh8_m2_20260923_153546,wlpips_bh8_m2_tau4_rdoq,wlpips_bh8_m2,lpips,gnblock,block,4,256,3.0,16,m/16 if sigma>0 else 1,none,99.5,per_plane,1,24,"22,27,32,37",0.08161035704134512,0.057275580965885274,-0.27067758903392924,-0.3200945992914294,-0.7800528297633784,-1.4751440478392024,0.0011619737341752219,-0.32197395491819264,-0.5732274314521862,-0.6689466069426396,-0.9875535097349907
vvc_rdo_lpips_bh8_m1_20260923_154030,wlpips_bh8_m1_tau0.0625_rdoq,wlpips_bh8_m1,lpips,gnblock,block,0.0625,256,3.0,16,m/16 if sigma>0 else 1,none,99.5,per_plane,1,24,"22,27,32,37",5.921815452959071,5.52415426211081,-0.5347739440725293,-0.4414201335062063,-6.619591419404673,-6.358929383384987,4.614819959666091,-6.103863702493463,-2.962859273796191,-4.052446027115003,-6.345392921434178
vvc_rdo_lpips_bh8_m1_20260923_154030,wlpips_bh8_m1_tau0.03125_rdoq,wlpips_bh8_m1,lpips,gnblock,block,0.03125,256,3.0,16,m/16 if sigma>0 else 1,none,99.5,per_plane,1,24,"22,27,32,37",6.325590827624745,5.918865346043259,-0.49698568759733214,-0.2954091545255319,-6.645055381093435,-5.771717327326345,5.016669845990097,-5.712865087612094,-2.8881685428125192,-4.002935161548101,-6.311587395820155
vvc_rdo_lpips_bh8_m2_20260923_170820,wlpips_bh8_m2_tau0.25_rdoq,wlpips_bh8_m2,lpips,gnblock,block,0.25,256,3.0,16,m/16 if sigma>0 else 1,none,99.5,per_plane,1,24,"22,27,32,37",1.2301705622928039,1.1098636156491593,0.09684315763031405,0.12690379835063928,-0.5489100026070407,-0.7837699761674569,0.8626922592638498,-0.33736902123223206,-0.3950602250052217,-0.569538981470855,-0.9584215153311931
vvc_rdo_lpips_bh8_m2_20260923_170820,wlpips_bh8_m2_tau0.125_rdoq,wlpips_bh8_m2,lpips,gnblock,block,0.125,256,3.0,16,m/16 if sigma>0 else 1,none,99.5,per_plane,1,24,"22,27,32,37",1.827752848452712,1.680258357887987,0.3392360669289154,0.41336205918910496,-0.3650441028820099,-0.1700925080422082,1.3837061762208764,-0.054962769470223716,-0.1315293650049907,-0.34548380384598293,-0.8154599167114983
vvc_rdo_lpips_bh8_m4_20260923_183000,wlpips_bh8_m4_tau0.5_rdoq,wlpips_bh8_m4,lpips,gnblock,block,0.5,256,3.0,16,m/16 if sigma>0 else 1,none,99.5,per_plane,1,24,"22,27,32,37",0.34128644357296345,0.2957102805356641,-0.17227550444000736,-0.21948354227773517,-0.49174323253328905,-0.7219507984250159,0.23220885685095957,-0.2724520325457549,-0.23905916006273556,-0.2952101475505254,-0.33059072155882296
vvc_rdo_lpips_bh8_m4_20260923_183000,wlpips_bh8_m4_tau1_rdoq,wlpips_bh8_m4,lpips,gnblock,block,1,256,3.0,16,m/16 if sigma>0 else 1,none,99.5,per_plane,1,24,"22,27,32,37",0.23154742004185733,0.1716369008608003,-0.18838605630297212,-0.2720372310644337,-0.730234929694172,-0.3694137798015806,0.07813574062295371,-0.43508066424642333,-0.4667618978098285,-0.547252448004581,-0.7133683966630887
vvc_rdo_lpips_bh8_m4_20260923_183000,wlpips_bh8_m4_tau2_rdoq,wlpips_bh8_m4,lpips,gnblock,block,2,256,3.0,16,m/16 if sigma>0 else 1,none,99.5,per_plane,1,24,"22,27,32,37",0.09281287189103898,0.07929435879757418,-0.16201852566431335,-0.238917318004242,-0.4959514926194064,-0.7926587677191357,0.0632465431859792,-0.39134846676251533,-0.2038297722477956,-0.24174990821829212,-0.28291567665973033
vvc_rdo_lpips_bh8_m4_20260923_183000,wlpips_bh8_m4_tau4_rdoq,wlpips_bh8_m4,lpips,gnblock,block,4,256,3.0,16,m/16 if sigma>0 else 1,none,99.5,per_plane,1,24,"22,27,32,37",0.06324235390898121,0.0617600558295082,-0.11839863238204083,-0.2030195119087664,-0.27869682728846185,-0.3396835596821482,0.06167973107296665,0.05861057458717567,-0.131287676821773,-0.15535428227077588,-0.19523624467841783
vvc_rdo_lpips_bh8_m2_20260923_184423,wlpips_bh8_m2_tau0.0625_rdoq,wlpips_bh8_m2,lpips,gnblock,block,0.0625,256,3.0,16,m/16 if sigma>0 else 1,none,99.5,per_plane,1,24,"22,27,32,37",2.4011761986496154,2.235595074173983,0.6311110188927498,0.7165156499085464,0.0855654160489369,-0.24137588249962913,1.9064899170526968,0.09532705453480274,0.18807223093174205,-0.04545303237154149,-0.5816343475446549
vvc_rdo_lpips_bh8_m2_20260923_184423,wlpips_bh8_m2_tau0.03125_rdoq,wlpips_bh8_m2,lpips,gnblock,block,0.03125,256,3.0,16,m/16 if sigma>0 else 1,none,99.5,per_plane,1,24,"22,27,32,37",2.89039646329609,2.705275433684091,0.7877548935912823,0.839328469364634,0.1988501090060416,0.22863910010495525,2.3204926465030704,0.3706043765204785,0.32426676846144853,0.06276545519916288,-0.49764690596954586
vvc_rdo_lpips_bh8_m4_20260923_200456,wlpips_bh8_m4_tau0.25_rdoq,wlpips_bh8_m4,lpips,gnblock,block,0.25,256,3.0,16,m/16 if sigma>0 else 1,none,99.5,per_plane,1,24,"22,27,32,37",0.4219865439906239,0.36605667807308495,-0.2626071602373978,-0.3074601893701128,-0.6336343203028515,-0.9266784192940757,0.2862523083297079,-0.2997463863487116,-0.39943975023388245,-0.48937617423421514,-0.6195830933468006
vvc_rdo_lpips_bh8_m4_20260923_200456,wlpips_bh8_m4_tau0.125_rdoq,wlpips_bh8_m4,lpips,gnblock,block,0.125,256,3.0,16,m/16 if sigma>0 else 1,none,99.5,per_plane,1,24,"22,27,32,37",0.5194197994656091,0.43194515364732106,-0.24906543860266825,-0.2562745603706576,-0.9026360820883572,-0.8373493741620107,0.28957507591809933,-0.5979192806936725,-0.4576857833690398,-0.563737740493837,-0.7513221670835847
vvc_rdo_lpips_bh8_m8_20260923_204752,wlpips_bh8_m8_tau0.5_rdoq,wlpips_bh8_m8,lpips,gnblock,block,0.5,256,3.0,16,m/16 if sigma>0 else 1,none,99.5,per_plane,1,24,"22,27,32,37",0.694689620213429,0.680469394762769,0.468866744558955,0.4334292383959302,0.4232573676565072,-0.44806282948418924,0.6494161794858576,1.0197212897892236,0.28550998274550904,0.22915338473891064,0.15449501374461688
vvc_rdo_lpips_bh8_m8_20260923_204752,wlpips_bh8_m8_tau1_rdoq,wlpips_bh8_m8,lpips,gnblock,block,1,256,3.0,16,m/16 if sigma>0 else 1,none,99.5,per_plane,1,24,"22,27,32,37",0.5421127067416412,0.4941768533326387,0.40011248828750506,0.3873144263449026,0.0714790977573182,-0.2940473104600207,0.40467786517853765,0.7742935213568581,0.12344079914437672,0.07201482126224744,0.04145709031073234
vvc_rdo_lpips_bh8_m8_20260923_204752,wlpips_bh8_m8_tau2_rdoq,wlpips_bh8_m8,lpips,gnblock,block,2,256,3.0,16,m/16 if sigma>0 else 1,none,99.5,per_plane,1,24,"22,27,32,37",0.35047978692349374,0.3377481670108475,0.22042550596233687,0.19015905919865195,-0.1634973371029492,-0.36349795970649823,0.3183095836600018,0.6209149092344629,0.015489682424021009,-0.02444228667352703,-0.08263425256452017
vvc_rdo_lpips_bh8_m8_20260923_204752,wlpips_bh8_m8_tau4_rdoq,wlpips_bh8_m8,lpips,gnblock,block,4,256,3.0,16,m/16 if sigma>0 else 1,none,99.5,per_plane,1,24,"22,27,32,37",0.18316296948325075,0.17907724119454646,-0.03116845251114747,0.019600012172929504,-0.16136866554946616,-0.24780400058228755,0.15177851938234002,0.2296795182154976,-0.07919335351194573,-0.1157624586956003,-0.12900870405903644
vvc_rdo_lpips_bh8_m4_20260923_211253,wlpips_bh8_m4_tau0.0625_rdoq,wlpips_bh8_m4,lpips,gnblock,block,0.0625,256,3.0,16,m/16 if sigma>0 else 1,none,99.5,per_plane,1,24,"22,27,32,37",0.5611162471563079,0.4958285829903735,-0.20700039274665208,-0.21018749263166012,-0.4884187893810139,-1.3152057282241854,0.38167572534529665,-0.23164245472550626,-0.3343785859283063,-0.42654652439072843,-0.5648843985077829
vvc_rdo_lpips_bh8_m4_20260923_211253,wlpips_bh8_m4_tau0.03125_rdoq,wlpips_bh8_m4,lpips,gnblock,block,0.03125,256,3.0,16,m/16 if sigma>0 else 1,none,99.5,per_plane,1,24,"22,27,32,37",0.615818448016762,0.5277095245558194,-0.057535794989072485,-0.14447805340347167,-0.7933598953311813,-0.756885434477617,0.3777205494605737,-0.5396899954174393,-0.45683968505614064,-0.5616233020285915,-0.7091616015007579
vvc_rdo_lpips_bh8_m8_20260923_221935,wlpips_bh8_m8_tau0.25_rdoq,wlpips_bh8_m8,lpips,gnblock,block,0.25,256,3.0,16,m/16 if sigma>0 else 1,none,99.5,per_plane,1,24,"22,27,32,37",0.8388951624571641,0.7864779270439789,0.5665815386791982,0.5585104217542534,0.5917615018419753,0.1346240267872246,0.6910746835838172,1.1527413819531087,0.43510453990061965,0.39704492015196907,0.34862408240029225
vvc_rdo_lpips_bh8_m8_20260923_221935,wlpips_bh8_m8_tau0.125_rdoq,wlpips_bh8_m8,lpips,gnblock,block,0.125,256,3.0,16,m/16 if sigma>0 else 1,none,99.5,per_plane,1,24,"22,27,32,37",0.9298383414420925,0.8788921848878518,0.5271477953948639,0.5292080282341414,0.24752567644586998,0.2804735596929851,0.7901707122512,0.7521686254398882,0.5059155914547379,0.45188085820475205,0.3513097625473675
vvc_rdo_lpips_bh8_m16_20260923_225655,wlpips_bh8_m16_tau0.5_rdoq,wlpips_bh8_m16,lpips,gnblock,block,0.5,256,3.0,16,m/16 if sigma>0 else 1,none,99.5,per_plane,1,24,"22,27,32,37",0.6147433911414238,0.545093700979086,-0.2407309233939341,-0.2599510905707055,-1.4308181358966656,-1.4970572529082553,0.4200737295465801,-0.9462568469465217,-0.6241192998023601,-0.7741026390609139,-1.0772019062799751
vvc_rdo_lpips_bh8_m16_20260923_225655,wlpips_bh8_m16_tau1_rdoq,wlpips_bh8_m16,lpips,gnblock,block,1,256,3.0,16,m/16 if sigma>0 else 1,none,99.5,per_plane,1,24,"22,27,32,37",0.385763973563405,0.3325131157596639,-0.23897630807883555,-0.2819369760517521,-1.1698815562707816,-1.1919380246393496,0.246223440061633,-0.6929068908751935,-0.6275082351816855,-0.7468749620717761,-0.931345056818501
vvc_rdo_lpips_bh8_m16_20260923_225655,wlpips_bh8_m16_tau2_rdoq,wlpips_bh8_m16,lpips,gnblock,block,2,256,3.0,16,m/16 if sigma>0 else 1,none,99.5,per_plane,1,24,"22,27,32,37",0.15580489863004227,0.1118218933455072,-0.376776444133238,-0.38983280569590323,-1.0258504078604735,-0.6968530780882475,0.03575635377120884,-0.8202975293270431,-0.6124393093428478,-0.7182399128584681,-0.9796048018755901
vvc_rdo_lpips_bh8_m16_20260923_225655,wlpips_bh8_m16_tau4_rdoq,wlpips_bh8_m16,lpips,gnblock,block,4,256,3.0,16,m/16 if sigma>0 else 1,none,99.5,per_plane,1,24,"22,27,32,37",0.06939598504150934,0.05413988858944674,-0.3279106510955518,-0.343800988012342,-0.7714849032068497,-0.667219462729518,0.012663193350428056,-0.12322316535249704,-0.4077033661811789,-0.47316970588739915,-0.6327504383358398
vvc_rdo_lpips_bh8_m8_20260923_231537,wlpips_bh8_m8_tau0.0625_rdoq,wlpips_bh8_m8,lpips,gnblock,block,0.0625,256,3.0,16,m/16 if sigma>0 else 1,none,99.5,per_plane,1,24,"22,27,32,37",0.9730506870521053,0.9233730473572307,0.5466617079470987,0.6019132258751124,0.0018337626410638852,-0.7753032768005031,0.822156105350678,0.9006082074107625,0.4146168592118147,0.344183167009617,0.26562403194190004
vvc_rdo_lpips_bh8_m8_20260923_231537,wlpips_bh8_m8_tau0.03125_rdoq,wlpips_bh8_m8,lpips,gnblock,block,0.03125,256,3.0,16,m/16 if sigma>0 else 1,none,99.5,per_plane,1,24,"22,27,32,37",0.9860199304538252,0.9397465929545934,0.5126240001670991,0.5489571500318933,0.028181632163208625,-0.8823787044233885,0.860511444339466,1.0166865140644201,0.39875265727193726,0.32741717853454433,0.2579098150946498
vvc_rdo_lpips_bh8_m16_20260924_002631,wlpips_bh8_m16_tau0.25_rdoq,wlpips_bh8_m16,lpips,gnblock,block,0.25,256,3.0,16,m/16 if sigma>0 else 1,none,99.5,per_plane,1,24,"22,27,32,37",0.8855680685033201,0.7446307473290595,-0.09676386003439341,-0.11368456085954955,-1.6112209219855913,-1.8283598447437637,0.49978862074126357,-0.6913637518313426,-0.7596414066620465,-0.9416810276511275,-1.337417574178021
vvc_rdo_lpips_bh8_m16_20260924_002631,wlpips_bh8_m16_tau0.125_rdoq,wlpips_bh8_m16,lpips,gnblock,block,0.125,256,3.0,16,m/16 if sigma>0 else 1,none,99.5,per_plane,1,24,"22,27,32,37",1.0786378612943746,0.9376308019204157,0.15316275569581492,0.10264059611490711,-1.5692859436889686,-1.4246823705157545,0.6580273842661318,-0.8442625290288123,-0.6318996148354188,-0.8193837525084634,-1.2062012468556536
vvc_rdo_lpips_bh8_m32_20260924_005629,wlpips_bh8_m32_tau0.5_rdoq,wlpips_bh8_m32,lpips,gnblock,block,0.5,256,3.0,16,m/16 if sigma>0 else 1,none,99.5,per_plane,1,24,"22,27,32,37",0.9359666515445527,0.8570288811793502,0.45942358766123537,0.44293257937301767,0.09370612971935505,-0.30358452166328226,0.7067394963318541,0.3932045900794578,0.2958428776669945,0.23733188925479234,0.19092424472277184
vvc_rdo_lpips_bh8_m32_20260924_005629,wlpips_bh8_m32_tau1_rdoq,wlpips_bh8_m32,lpips,gnblock,block,1,256,3.0,16,m/16 if sigma>0 else 1,none,99.5,per_plane,1,24,"22,27,32,37",0.5214532519240737,0.4541512414505724,0.16546577426553624,0.17261236271758862,0.12620432341108181,-0.3116029612374425,0.32543477039415897,0.3413562309881028,-0.05239974842210828,-0.10425126790706701,-0.08114241963648368
vvc_rdo_lpips_bh8_m32_20260924_005629,wlpips_bh8_m32_tau2_rdoq,wlpips_bh8_m32,lpips,gnblock,block,2,256,3.0,16,m/16 if sigma>0 else 1,none,99.5,per_plane,1,24,"22,27,32,37",0.21285856035288728,0.1698543654068403,0.05959597105695732,0.0039930489459040945,-0.24242685034101633,-0.9923309925258649,0.09153616860045576,-0.019379210868775604,-0.19801716728657195,-0.2455209024647201,-0.3180899021043279
vvc_rdo_lpips_bh8_m32_20260924_005629,wlpips_bh8_m32_tau4_rdoq,wlpips_bh8_m32,lpips,gnblock,block,4,256,3.0,16,m/16 if sigma>0 else 1,none,99.5,per_plane,1,24,"22,27,32,37",0.08019041342317197,0.04931476313297656,-0.06291726600214977,-0.08587308866955339,-0.16360497976185043,-0.6855845262329713,-0.002989823298038541,-0.24629205586162342,-0.22612624665455014,-0.26574765319993765,-0.2989874328086857
vvc_rdo_lpips_bh8_m16_20260924_013023,wlpips_bh8_m16_tau0.0625_rdoq,wlpips_bh8_m16,lpips,gnblock,block,0.0625,256,3.0,16,m/16 if sigma>0 else 1,none,99.5,per_plane,1,24,"22,27,32,37",1.191894760288098,1.0300362940402605,0.17524869859383055,0.09949698568339077,-1.8052424494153894,-1.9188813659396746,0.7223382106699289,-1.0489622801285015,-0.772211147973891,-1.0037395083645932,-1.524899918821565
vvc_rdo_lpips_bh8_m16_20260924_013023,wlpips_bh8_m16_tau0.03125_rdoq,wlpips_bh8_m16,lpips,gnblock,block,0.03125,256,3.0,16,m/16 if sigma>0 else 1,none,99.5,per_plane,1,24,"22,27,32,37",1.2654808632431855,1.1387377419372688,0.16686684701201585,0.13965657928761468,-1.4227838833242272,-1.9125660589325164,0.8958316465123044,-0.7322718599742641,-0.5442933894242575,-0.757744630282634,-1.1230175509909832
vvc_rdo_lpips_bh8_m32_20260924_023221,wlpips_bh8_m32_tau0.25_rdoq,wlpips_bh8_m32,lpips,gnblock,block,0.25,256,3.0,16,m/16 if sigma>0 else 1,none,99.5,per_plane,1,24,"22,27,32,37",1.3899494906233656,1.3095523404797758,0.9301856404246385,0.8732366403009442,0.5175135227670357,-0.11886375392468718,1.14884108797751,0.684907577553901,0.7049662659362109,0.6357113765990029,0.5676076679878254
vvc_rdo_lpips_bh8_m32_20260924_023221,wlpips_bh8_m32_tau0.125_rdoq,wlpips_bh8_m32,lpips,gnblock,block,0.125,256,3.0,16,m/16 if sigma>0 else 1,none,99.5,per_plane,1,24,"22,27,32,37",1.72539818911046,1.601405912732077,1.1507811711872993,1.0616743567849973,0.6080627783860112,0.37688937897579716,1.3930556495427802,1.14145689193879,0.6982917138116019,0.6217689440615417,0.551628008937878
vvc_rdo_lpips_bh8_m64_20260924_030028,wlpips_bh8_m64_tau0.5_rdoq,wlpips_bh8_m64,lpips,gnblock,block,0.5,256,3.0,16,m/16 if sigma>0 else 1,none,99.5,per_plane,1,24,"22,27,32,37",0.06793477976274655,0.05528362808137945,-0.0082895172373638,-0.00783973594916156,-0.6061817040732599,-0.8458044742463491,-0.015369586016666936,-0.3875215962225134,-0.6867398336738185,-0.8054163321464035,-1.1095882328794684
vvc_rdo_lpips_bh8_m64_20260924_030028,wlpips_bh8_m64_tau1_rdoq,wlpips_bh8_m64,lpips,gnblock,block,1,256,3.0,16,m/16 if sigma>0 else 1,none,99.5,per_plane,1,24,"22,27,32,37",0.027594749337845243,-0.006041941342638246,-0.11702923606220217,-0.10289706126988818,-0.6101272492939639,-0.7874338633695271,-0.09567587657843407,-0.5364577001245707,-0.7465218442928685,-0.8775852031802672,-1.1529860634608522
vvc_rdo_lpips_bh8_m64_20260924_030028,wlpips_bh8_m64_tau2_rdoq,wlpips_bh8_m64,lpips,gnblock,block,2,256,3.0,16,m/16 if sigma>0 else 1,none,99.5,per_plane,1,24,"22,27,32,37",0.026193505194106737,-0.033221933033080374,-0.08596695844921658,-0.06596766711243578,-0.6539518532709407,-0.8701878410534872,-0.16206770269474777,-0.576234544859162,-0.739719345216769,-0.8537765291062196,-1.1281146163977807
vvc_rdo_lpips_bh8_m64_20260924_030028,wlpips_bh8_m64_tau4_rdoq,wlpips_bh8_m64,lpips,gnblock,block,4,256,3.0,16,m/16 if sigma>0 else 1,none,99.5,per_plane,1,24,"22,27,32,37",0.04329370828208048,0.004150265572374264,0.038639459134907905,0.025806682240064882,-0.43774316673252334,-0.47052377758382574,-0.0914933180636383,-0.3312783441471461,-0.4362616013077516,-0.49310026807013835,-0.6048643856970505
vvc_rdo_lpips_bh8_m32_20260924_032532,wlpips_bh8_m32_tau0.0625_rdoq,wlpips_bh8_m32,lpips,gnblock,block,0.0625,256,3.0,16,m/16 if sigma>0 else 1,none,99.5,per_plane,1,24,"22,27,32,37",1.9398641272895618,1.8319052487411167,1.3742515895937177,1.2887944398698827,1.0554254234876927,0.39199666759518753,1.631095088366477,1.1201205979611377,1.0385759626395032,0.9498691644926236,0.7884517070164341
vvc_rdo_lpips_bh8_m32_20260924_032532,wlpips_bh8_m32_tau0.03125_rdoq,wlpips_bh8_m32,lpips,gnblock,block,0.03125,256,3.0,16,m/16 if sigma>0 else 1,none,99.5,per_plane,1,24,"22,27,32,37",2.0586941024289636,1.9206581908240234,1.3633063998079695,1.3347850238702412,0.9489967028773045,-0.3351195601961601,1.6699506538313535,1.215471093716559,1.0046235699909256,0.9194149370721059,0.8305536570198196
vvc_rdo_lpips_bh8_m64_20260924_043522,wlpips_bh8_m64_tau0.25_rdoq,wlpips_bh8_m64,lpips,gnblock,block,0.25,256,3.0,16,m/16 if sigma>0 else 1,none,99.5,per_plane,1,24,"22,27,32,37",0.07107054798054929,0.08104709354019347,0.027968435857877078,-0.03431048982305285,-0.47555878927602135,-1.073651176360819,0.04045349566268869,-0.6400864153787951,-0.6951157776588989,-0.8276671080591423,-1.2269146693091495
vvc_rdo_lpips_bh8_m64_20260924_043522,wlpips_bh8_m64_tau0.125_rdoq,wlpips_bh8_m64,lpips,gnblock,block,0.125,256,3.0,16,m/16 if sigma>0 else 1,none,99.5,per_plane,1,24,"22,27,32,37",0.07574168309507263,0.08815257302706853,0.04246639712647132,0.009860565533599541,-0.40205429926299713,-1.2767815213751448,0.03903342751505982,-0.563455152085616,-0.7050786789782802,-0.8409455126753377,-1.1825652312670145
vvc_rdo_lpips_bh8_m128_20260924_050338,wlpips_bh8_m128_tau0.5_rdoq,wlpips_bh8_m128,lpips,gnblock,block,0.5,256,3.0,16,m/16 if sigma>0 else 1,none,99.5,per_plane,1,24,"22,27,32,37",2.2666295133544945,2.057376381745424,-2.073185083845632,-1.6816545653232111,-0.6997641819716446,0.11781085393204593,1.681053285526396,-1.3499767291303275,-1.3163507987155292,-1.7065209937861983,-2.191793878986802
vvc_rdo_lpips_bh8_m128_20260924_050338,wlpips_bh8_m128_tau1_rdoq,wlpips_bh8_m128,lpips,gnblock,block,1,256,3.0,16,m/16 if sigma>0 else 1,none,99.5,per_plane,1,24,"22,27,32,37",0.8131881474539249,0.6991299040100967,-1.8374881431360641,-1.550262126042987,-1.1548569391613588,-0.15891557310474433,0.48447855384909366,-1.209252736184,-1.3963693331444815,-1.6619666457229798,-1.9653321166498594
vvc_rdo_lpips_bh8_m128_20260924_050338,wlpips_bh8_m128_tau2_rdoq,wlpips_bh8_m128,lpips,gnblock,block,2,256,3.0,16,m/16 if sigma>0 else 1,none,99.5,per_plane,1,24,"22,27,32,37",0.3217474008829037,0.2394022743557822,-1.2812292276544317,-1.1129406801262167,-0.9398019641834634,-0.3839848499941585,0.08557315288238905,-0.7295435095490074,-1.1678094050014207,-1.3489432939670791,-1.5415730716011022
vvc_rdo_lpips_bh8_m128_20260924_050338,wlpips_bh8_m128_tau4_rdoq,wlpips_bh8_m128,lpips,gnblock,block,4,256,3.0,16,m/16 if sigma>0 else 1,none,99.5,per_plane,1,24,"22,27,32,37",0.06786077016807714,0.0463530885577911,-0.8040424301922607,-0.7488171070728722,-0.6867588135126649,-0.9624900119932986,0.012169601080138278,-0.21844364071236524,-0.6290596835800674,-0.7225037534345322,-0.9008183577029215
vvc_rdo_lpips_bh8_m64_20260924_053731,wlpips_bh8_m64_tau0.0625_rdoq,wlpips_bh8_m64,lpips,gnblock,block,0.0625,256,3.0,16,m/16 if sigma>0 else 1,none,99.5,per_plane,1,24,"22,27,32,37",0.08439267070685975,0.1279313034898815,0.13656623926590847,0.06230315619305445,-0.500925886140465,-0.787971321733473,0.125862906624305,-0.36149122362366487,-0.4735503514856784,-0.5953657815262299,-0.9081376849835232
vvc_rdo_lpips_bh8_m64_20260924_053731,wlpips_bh8_m64_tau0.03125_rdoq,wlpips_bh8_m64,lpips,gnblock,block,0.03125,256,3.0,16,m/16 if sigma>0 else 1,none,99.5,per_plane,1,24,"22,27,32,37",0.05531948134353398,0.11415991115199392,0.05144842448515189,-0.03691857283158462,-0.608899089294478,-1.0466009931254512,0.1344331358701207,-0.5125454259030835,-0.6353117079802707,-0.7811797551120657,-1.2073692573891925
vvc_rdo_lpips_bh8_m254_20260924_063527,wlpips_bh8_m254_tau0.5_rdoq,wlpips_bh8_m254,lpips,gnblock,block,0.5,256,3.0,16,m/16 if sigma>0 else 1,none,99.5,per_plane,1,24,"22,27,32,37",4.80310792208783,4.211066505306131,-4.156604795401486,-3.5033943969503603,-7.936227209880684,-6.0594040920515715,3.0866512570586235,-6.640832986367804,-5.241877170438591,-6.409852002923643,-8.675811360509686
vvc_rdo_lpips_bh8_m254_20260924_063527,wlpips_bh8_m254_tau1_rdoq,wlpips_bh8_m254,lpips,gnblock,block,1,256,3.0,16,m/16 if sigma>0 else 1,none,99.5,per_plane,1,24,"22,27,32,37",2.2728216282525566,1.9010080522851887,-3.4723706940294825,-3.0362307260457917,-6.82867803143355,-5.831950529197464,1.1870609009673354,-5.551555878186864,-4.4967182405819415,-5.338881996506629,-7.0856665440378235
vvc_rdo_lpips_bh8_m254_20260924_063527,wlpips_bh8_m254_tau2_rdoq,wlpips_bh8_m254,lpips,gnblock,block,2,256,3.0,16,m/16 if sigma>0 else 1,none,99.5,per_plane,1,24,"22,27,32,37",0.9483111600628638,0.7325510195678601,-2.6134777886485776,-2.341169752242834,-5.149786462534217,-4.242651027721849,0.2968435369483764,-4.37580020123358,-3.5259957902607915,-4.116422451731849,-5.423462961662575
vvc_rdo_lpips_bh8_m254_20260924_063527,wlpips_bh8_m254_tau4_rdoq,wlpips_bh8_m254,lpips,gnblock,block,4,256,3.0,16,m/16 if sigma>0 else 1,none,99.5,per_plane,1,24,"22,27,32,37",0.3563166975091357,0.20174270300178654,-1.7784004082342957,-1.6297769665109854,-3.2806673220929334,-3.0938044684599126,-0.1101157435709423,-2.773738459845313,-2.3346287626345066,-2.697579570000773,-3.559358628686306
vvc_rdo_lpips_bh8_m128_20260924_063822,wlpips_bh8_m128_tau0.25_rdoq,wlpips_bh8_m128,lpips,gnblock,block,0.25,256,3.0,16,m/16 if sigma>0 else 1,none,99.5,per_plane,1,24,"22,27,32,37",4.852319425267769,4.486843987946789,-2.0532408333238314,-1.524979573057669,-0.11718743693961968,1.7884578019679183,3.82423127926052,-1.103168437467093,-0.9398616545298323,-1.5349215971175774,-2.2418157426655445
vvc_rdo_lpips_bh8_m128_20260924_063822,wlpips_bh8_m128_tau0.125_rdoq,wlpips_bh8_m128,lpips,gnblock,block,0.125,256,3.0,16,m/16 if sigma>0 else 1,none,99.5,per_plane,1,24,"22,27,32,37",8.465464416217683,7.858637365925794,-1.915788739672722,-1.3152367696447147,0.456206263267186,2.9098817673115875,6.770821484837325,-0.9115452032008897,-0.33628012203943586,-1.1889452065827542,-2.26317890622775
vvc_rdo_lpips_bh8_m254_20260924_074709,wlpips_bh8_m254_tau0.25_rdoq,wlpips_bh8_m254,lpips,gnblock,block,0.25,256,3.0,16,m/16 if sigma>0 else 1,none,99.5,per_plane,1,24,"22,27,32,37",9.092894697605102,8.178259616723986,-4.602113085589816,-3.7824170893100018,-9.565249630410717,-6.021522144708577,6.472469209997773,-7.438198794702427,-5.590120328261676,-7.186994518336132,-10.0886925037518
vvc_rdo_lpips_bh8_m254_20260924_074709,wlpips_bh8_m254_tau0.125_rdoq,wlpips_bh8_m254,lpips,gnblock,block,0.125,256,3.0,16,m/16 if sigma>0 else 1,none,99.5,per_plane,1,24,"22,27,32,37",14.676650992739747,13.35075416005679,-4.495536010960012,-3.5059115547860866,-10.026742983600984,-6.482919673795689,10.897262382434944,-8.153807048559557,-5.379390264569118,-7.430800940089583,-10.859889817055512
vvc_rdo_lpips_bh8_m253_20260924_081824,wlpips_bh8_m253_tau0.5_rdoq,wlpips_bh8_m253,lpips,gnblock,block,0.5,256,3.0,16,m/16 if sigma>0 else 1,none,99.5,per_plane,1,24,"22,27,32,37",8.197563806669683,7.05354990733318,-6.015431116764034,-5.242874813540001,-14.821559508016628,-10.635738950379732,4.90274757780564,-13.788545016305369,-9.596365976974093,-11.600334035974953,-15.232116764745948
vvc_rdo_lpips_bh8_m253_20260924_081824,wlpips_bh8_m253_tau1_rdoq,wlpips_bh8_m253,lpips,gnblock,block,1,256,3.0,16,m/16 if sigma>0 else 1,none,99.5,per_plane,1,24,"22,27,32,37",4.183494074172365,3.418394222121592,-5.239454587225534,-4.750953641363052,-12.656366632717559,-10.307121167573726,1.9604964685785526,-11.749914412686294,-8.307716046451675,-9.803121618037244,-12.653650110079036
vvc_rdo_lpips_bh8_m253_20260924_081824,wlpips_bh8_m253_tau2_rdoq,wlpips_bh8_m253,lpips,gnblock,block,2,256,3.0,16,m/16 if sigma>0 else 1,none,99.5,per_plane,1,24,"22,27,32,37",1.8809999990298298,1.3940171082690143,-4.143752689891627,-3.7968803812099967,-9.792545491454486,-7.847626272661675,0.4804529646013407,-9.10582814742264,-6.480066617006926,-7.531807459573527,-9.73542856439743
vvc_rdo_lpips_bh8_m253_20260924_081824,wlpips_bh8_m253_tau4_rdoq,wlpips_bh8_m253,lpips,gnblock,block,4,256,3.0,16,m/16 if sigma>0 else 1,none,99.5,per_plane,1,24,"22,27,32,37",0.750780901145549,0.44251843982392,-2.9978717356508215,-2.787185722974679,-7.049111480828405,-5.993288393749662,-0.12127697916855483,-6.579473393871445,-4.57506906121501,-5.280343035155007,-6.794210612362538
vvc_rdo_lpips_bh8_m251_20260924_093030,wlpips_bh8_m251_tau0.5_rdoq,wlpips_bh8_m251,lpips,gnblock,block,0.5,256,3.0,16,m/16 if sigma>0 else 1,none,99.5,per_plane,1,24,"22,27,32,37",8.315865611651262,7.187793574902206,-5.991579816555878,-5.305580839603873,-15.001177088802985,-10.925854075723484,5.0254544918393975,-14.484759133767696,-9.899784920446127,-11.969465698941901,-15.867092481387393
vvc_rdo_lpips_bh8_m251_20260924_093030,wlpips_bh8_m251_tau1_rdoq,wlpips_bh8_m251,lpips,gnblock,block,1,256,3.0,16,m/16 if sigma>0 else 1,none,99.5,per_plane,1,24,"22,27,32,37",4.259571509250326,3.490036621324031,-5.403427029395243,-4.841982126032661,-12.994827652911098,-10.136229033466169,1.9937193916798286,-12.390313495144055,-8.66411436068067,-10.233707289933108,-13.36820358947328
vvc_rdo_lpips_bh8_m251_20260924_093030,wlpips_bh8_m251_tau2_rdoq,wlpips_bh8_m251,lpips,gnblock,block,2,256,3.0,16,m/16 if sigma>0 else 1,none,99.5,per_plane,1,24,"22,27,32,37",1.929474935925133,1.4317011260207912,-4.345745292542179,-3.9871344103735282,-10.393287130545698,-7.93270248212379,0.4845991876429932,-9.59682424383906,-6.76302351880103,-7.873133012344684,-10.249285002835537
vvc_rdo_lpips_bh8_m251_20260924_093030,wlpips_bh8_m251_tau4_rdoq,wlpips_bh8_m251,lpips,gnblock,block,4,256,3.0,16,m/16 if sigma>0 else 1,none,99.5,per_plane,1,24,"22,27,32,37",0.7968468741041059,0.5000733242633171,-3.142001576531662,-2.945516626790404,-7.09259596448373,-5.4946910563468805,-0.10734635121477469,-6.574151720340429,-4.7935502623992905,-5.546176432033285,-7.3052147954872675
vvc_rdo_lpips_bh8_m247_20260924_104505,wlpips_bh8_m247_tau0.5_rdoq,wlpips_bh8_m247,lpips,gnblock,block,0.5,256,3.0,16,m/16 if sigma>0 else 1,none,99.5,per_plane,1,24,"22,27,32,37",9.427371974569018,8.183107644127185,-5.695738688667075,-4.9634440151067,-15.561992061929509,-11.79401250585075,5.818607006708692,-13.971844855832229,-9.696548547437304,-11.836216815993003,-15.745724485320329
vvc_rdo_lpips_bh8_m247_20260924_104505,wlpips_bh8_m247_tau1_rdoq,wlpips_bh8_m247,lpips,gnblock,block,1,256,3.0,16,m/16 if sigma>0 else 1,none,99.5,per_plane,1,24,"22,27,32,37",4.760445453562048,3.9406730666875798,-5.333746063622527,-4.76457106584109,-13.196474313382064,-10.75318431317028,2.3677215238783273,-11.824911323645118,-8.695951734570116,-10.309814000200278,-13.450279710063578
vvc_rdo_lpips_bh8_m247_20260924_104505,wlpips_bh8_m247_tau2_rdoq,wlpips_bh8_m247,lpips,gnblock,block,2,256,3.0,16,m/16 if sigma>0 else 1,none,99.5,per_plane,1,24,"22,27,32,37",2.1338451771600284,1.612518059611561,-4.352366091605766,-3.9843339337674153,-10.296963789471674,-7.867284562350225,0.6060617817715774,-9.437761768892242,-6.799521073138638,-7.915549873622911,-10.204994693008109
vvc_rdo_lpips_bh8_m247_20260924_104505,wlpips_bh8_m247_tau4_rdoq,wlpips_bh8_m247,lpips,gnblock,block,4,256,3.0,16,m/16 if sigma>0 else 1,none,99.5,per_plane,1,24,"22,27,32,37",0.8425038410347447,0.5002315186591083,-3.2272109968853044,-2.976283445038407,-7.4509399359221975,-6.123559064028377,-0.15564668954253144,-6.824468373763459,-5.024513681828982,-5.78848894392036,-7.412643014160459
vvc_rdo_lpips_bh8_m239_20260924_120539,wlpips_bh8_m239_tau0.5_rdoq,wlpips_bh8_m239,lpips,gnblock,block,0.5,256,3.0,16,m/16 if sigma>0 else 1,none,99.5,per_plane,1,24,"22,27,32,37",8.06840705586962,6.94319080247191,-5.520115805378275,-4.888139196902979,-14.429999477653533,-9.421357280787555,4.7753235544466,-13.774055100646601,-9.40056303060244,-11.398201453374192,-15.185172752834438
vvc_rdo_lpips_bh8_m239_20260924_120539,wlpips_bh8_m239_tau1_rdoq,wlpips_bh8_m239,lpips,gnblock,block,1,256,3.0,16,m/16 if sigma>0 else 1,none,99.5,per_plane,1,24,"22,27,32,37",4.115227580641457,3.3274167100442114,-4.9425535163701815,-4.491410097919609,-12.373429014975985,-9.164157395082688,1.8147019849340456,-12.140849721121134,-8.349202194757474,-9.859230296135477,-12.951660544612485
vvc_rdo_lpips_bh8_m239_20260924_120539,wlpips_bh8_m239_tau2_rdoq,wlpips_bh8_m239,lpips,gnblock,block,2,256,3.0,16,m/16 if sigma>0 else 1,none,99.5,per_plane,1,24,"22,27,32,37",1.8874959614829823,1.3722611245107714,-4.09336825626924,-3.7815856331177162,-9.794452622274072,-7.124332603633614,0.39327576108677215,-9.494801775810856,-6.660052110350493,-7.743475697658865,-10.021314974720879
vvc_rdo_lpips_bh8_m239_20260924_120539,wlpips_bh8_m239_tau4_rdoq,wlpips_bh8_m239,lpips,gnblock,block,4,256,3.0,16,m/16 if sigma>0 else 1,none,99.5,per_plane,1,24,"22,27,32,37",0.7433802358167707,0.4376965823869418,-3.0354256665530177,-2.797458111188582,-6.77901695513501,-5.601087847813443,-0.18535764227257204,-6.76883520021272,-4.651818952437378,-5.365661696094232,-6.926933907263429
vvc_rdo_lpips_bh8_m239_20260924_132626,wlpips_bh8_m239_tau0.25_rdoq,wlpips_bh8_m239,lpips,gnblock,block,0.25,256,3.0,16,m/16 if sigma>0 else 1,none,99.5,per_plane,1,24,"22,27,32,37",14.282986526210218,12.678076408384586,-5.1632228142094965,-4.5104389655327095,-15.182658426923929,-8.744149719145602,9.621512889460584,-14.892955608839907,-9.55946062982919,-12.085620465977769,-16.57515967113565
vvc_rdo_lpips_bh8_m239_20260924_132626,wlpips_bh8_m239_tau0.125_rdoq,wlpips_bh8_m239,lpips,gnblock,block,0.125,256,3.0,16,m/16 if sigma>0 else 1,none,99.5,per_plane,1,24,"22,27,32,37",22.361218773455786,20.15480461041083,-4.201982645030323,-3.4654036204508962,-15.979151340800236,-8.641310181192003,16.052914753519175,-15.196133742548449,-9.04017460649205,-12.151908151871636,-17.335986556328645
vvc_rdo_lpips_bh8_m223_20260924_135836,wlpips_bh8_m223_tau0.5_rdoq,wlpips_bh8_m223,lpips,gnblock,block,0.5,256,3.0,16,m/16 if sigma>0 else 1,none,99.5,per_plane,1,24,"22,27,32,37",9.387213551248033,8.156588469781203,-6.079841926437514,-5.224392477866234,-15.817038841242569,-12.033867529793639,5.832998947514888,-13.983011688515857,-9.981892874412111,-12.153916269169253,-16.046656676017665
vvc_rdo_lpips_bh8_m223_20260924_135836,wlpips_bh8_m223_tau1_rdoq,wlpips_bh8_m223,lpips,gnblock,block,1,256,3.0,16,m/16 if sigma>0 else 1,none,99.5,per_plane,1,24,"22,27,32,37",4.8667558753747295,4.061701229889562,-5.364080824796826,-4.782413005835051,-13.36902469376471,-10.690991340328628,2.520756223308317,-12.067349924614227,-8.68715835748856,-10.307554896375855,-13.477296185963633
vvc_rdo_lpips_bh8_m223_20260924_135836,wlpips_bh8_m223_tau2_rdoq,wlpips_bh8_m223,lpips,gnblock,block,2,256,3.0,16,m/16 if sigma>0 else 1,none,99.5,per_plane,1,24,"22,27,32,37",2.25394896488586,1.7223581574020856,-4.2692895918695655,-3.8477303667979235,-10.33855743796463,-9.126048665247064,0.6951170630958662,-9.476170201164686,-6.920132073238469,-8.07371163573674,-10.503504523423203
vvc_rdo_lpips_bh8_m223_20260924_135836,wlpips_bh8_m223_tau4_rdoq,wlpips_bh8_m223,lpips,gnblock,block,4,256,3.0,16,m/16 if sigma>0 else 1,none,99.5,per_plane,1,24,"22,27,32,37",0.9093588495765951,0.5924308351032451,-3.0875574986869214,-2.8208050632997215,-7.3732632916857215,-6.579803179156779,-0.010557713395222915,-6.628831733683126,-4.865743146146901,-5.616575568122863,-7.260470855092848
vvc_rdo_lpips_bh8_m191_20260924_151640,wlpips_bh8_m191_tau0.5_rdoq,wlpips_bh8_m191,lpips,gnblock,block,0.5,256,3.0,16,m/16 if sigma>0 else 1,none,99.5,per_plane,1,24,"22,27,32,37",8.644448554534932,7.534741364748707,-6.239665756308821,-5.60508898474285,-15.255027146182341,-10.391483357574439,5.470119274874077,-13.880127516051147,-8.957573255622444,-10.907566866152806,-14.5902137855121
vvc_rdo_lpips_bh8_m191_20260924_151640,wlpips_bh8_m191_tau1_rdoq,wlpips_bh8_m191,lpips,gnblock,block,1,256,3.0,16,m/16 if sigma>0 else 1,none,99.5,per_plane,1,24,"22,27,32,37",4.374161783229315,3.6564495084701427,-5.603891285200309,-5.112553820532704,-13.080970610990576,-10.264400102841373,2.295799145348622,-12.083129816850123,-7.932927960536169,-9.386917324468824,-12.345497431617112
vvc_rdo_lpips_bh8_m191_20260924_151640,wlpips_bh8_m191_tau2_rdoq,wlpips_bh8_m191,lpips,gnblock,block,2,256,3.0,16,m/16 if sigma>0 else 1,none,99.5,per_plane,1,24,"22,27,32,37",1.9880815092746402,1.553315614970589,-4.564435805291967,-4.189372451201811,-10.040803730816465,-7.1305114470755235,0.7345944187896141,-9.265233631986192,-6.271180415728897,-7.316794159547459,-9.547180313998025
vvc_rdo_lpips_bh8_m191_20260924_151640,wlpips_bh8_m191_tau4_rdoq,wlpips_bh8_m191,lpips,gnblock,block,4,256,3.0,16,m/16 if sigma>0 else 1,none,99.5,per_plane,1,24,"22,27,32,37",0.7761045874771536,0.5059805814475191,-3.3143569550279737,-3.080330760853481,-7.242978244654613,-5.559031796077332,-0.013470089136712512,-6.657891982473004,-4.597490566136418,-5.311056359631989,-6.926529834455226
vvc_rdo_lpips_bh8_m127_20260924_170636,wlpips_bh8_m127_tau0.5_rdoq,wlpips_bh8_m127,lpips,gnblock,block,0.5,256,3.0,16,m/16 if sigma>0 else 1,none,99.5,per_plane,1,24,"22,27,32,37",6.596823817649946,5.712001744528851,-2.890975567189031,-2.5991951129686353,-11.90848496588322,-8.608485424024664,3.958462819400127,-11.549066358016402,-7.270493198198618,-8.88845004056087,-12.305182903757776
vvc_rdo_lpips_bh8_m127_20260924_170636,wlpips_bh8_m127_tau1_rdoq,wlpips_bh8_m127,lpips,gnblock,block,1,256,3.0,16,m/16 if sigma>0 else 1,none,99.5,per_plane,1,24,"22,27,32,37",3.6549032801806796,3.0105647759659155,-3.204247104774705,-3.016376762170108,-10.786878144280566,-8.350346246309897,1.717963282631815,-10.671289008935409,-6.929422134922501,-8.240334837247238,-11.116930574008984
vvc_rdo_lpips_bh8_m127_20260924_170636,wlpips_bh8_m127_tau2_rdoq,wlpips_bh8_m127,lpips,gnblock,block,2,256,3.0,16,m/16 if sigma>0 else 1,none,99.5,per_plane,1,24,"22,27,32,37",1.768172234144231,1.3159475051495544,-3.19476319653896,-3.016840146453763,-9.070616292617707,-6.613377355504311,0.4444278978930479,-8.988231519126595,-5.832126768651726,-6.815485578652029,-9.06051258894686
vvc_rdo_lpips_bh8_m127_20260924_170636,wlpips_bh8_m127_tau4_rdoq,wlpips_bh8_m127,lpips,gnblock,block,4,256,3.0,16,m/16 if sigma>0 else 1,none,99.5,per_plane,1,24,"22,27,32,37",0.7413612095812853,0.4518786961134156,-2.4887623522301587,-2.3081677380088084,-6.8361232086721655,-6.274131978231115,-0.10187540042484455,-6.485754252676625,-4.354110250300586,-5.03453618194555,-6.617363051258775
vvc_rdo_lpips_bh8_m127_20260924_184934,wlpips_bh8_m127_tau0.25_rdoq,wlpips_bh8_m127,lpips,gnblock,block,0.25,256,3.0,16,m/16 if sigma>0 else 1,none,99.5,per_plane,1,24,"22,27,32,37",11.049599433380337,9.805560289258079,-2.535982043868895,-1.9504337467318476,-12.26608354551921,-7.730536837982555,7.3777624782077895,-11.910000940624931,-7.275381909896294,-9.274094804641434,-13.282816416092606
vvc_rdo_lpips_bh8_m127_20260924_184934,wlpips_bh8_m127_tau0.125_rdoq,wlpips_bh8_m127,lpips,gnblock,block,0.125,256,3.0,16,m/16 if sigma>0 else 1,none,99.5,per_plane,1,24,"22,27,32,37",17.823155600426148,16.09227064685194,-1.87051114017136,-1.0685746706037003,-11.723657822153035,-5.652397804898009,12.796420490785701,-10.800483421617438,-6.547942013879084,-8.985083783187546,-13.397077068911083
vvc_rdo_dists_dgnb8j3_m255_20260924_192530,wdists_dgnb8j3_m255_tau0.5_rdoq,wdists_dgnb8j3_m255,dists,gnblock,block,0.5,256,3.0,16,m/16 if sigma>0 else 1,none,99.5,per_plane,1,24,"22,27,32,37",18.59908367178963,16.87556067504367,12.803322441733252,12.329445884939785,-0.6895154688255439,-18.83543535093566,13.79932871306948,3.584637645792631,-0.663345167649741,-2.4209821872997925,-3.26601600005113
vvc_rdo_dists_dgnb8j3_m255_20260924_192530,wdists_dgnb8j3_m255_tau1_rdoq,wdists_dgnb8j3_m255,dists,gnblock,block,1,256,3.0,16,m/16 if sigma>0 else 1,none,99.5,per_plane,1,24,"22,27,32,37",11.425581437563324,10.11521973689135,7.3590076611557755,6.939382994997286,-3.7690179369723804,-18.655958802750998,7.762246636948272,-0.36270930588936895,-3.4749498002077686,-4.9638617344018225,-5.936642446976946
vvc_rdo_dists_dgnb8j3_m255_20260924_192530,wdists_dgnb8j3_m255_tau2_rdoq,wdists_dgnb8j3_m255,dists,gnblock,block,2,256,3.0,16,m/16 if sigma>0 else 1,none,99.5,per_plane,1,24,"22,27,32,37",6.838153591961555,5.87320993067453,3.918089300454971,3.706108887919877,-4.810903593752776,-16.764973432827272,4.130856894792611,-2.3896242353231045,-4.402382492584061,-5.62185693667265,-6.630119595125258
vvc_rdo_dists_dgnb8j3_m255_20260924_192530,wdists_dgnb8j3_m255_tau4_rdoq,wdists_dgnb8j3_m255,dists,gnblock,block,4,256,3.0,16,m/16 if sigma>0 else 1,none,99.5,per_plane,1,24,"22,27,32,37",3.886416337463349,3.158571644995012,2.0018078291201267,1.7753894129687842,-4.621706596556308,-14.224334693251508,1.8625785412608853,-3.1211316561336147,-4.38411839238083,-5.311788734467171,-6.191542357470868
vvc_rdo_dists_dgnb8j3_m1_20260924_204452,wdists_dgnb8j3_m1_tau0.5_rdoq,wdists_dgnb8j3_m1,dists,gnblock,block,0.5,256,3.0,16,m/16 if sigma>0 else 1,none,99.5,per_plane,1,24,"22,27,32,37",7.632671145350192,7.1627891590627994,5.375485488335699,5.072235336172553,-0.17403130562349264,-7.988994446770193,6.239142652985406,1.2546709418906448,0.5481805368658541,-0.24730276243845703,-1.2533003261251145
vvc_rdo_dists_dgnb8j3_m1_20260924_204452,wdists_dgnb8j3_m1_tau1_rdoq,wdists_dgnb8j3_m1,dists,gnblock,block,1,256,3.0,16,m/16 if sigma>0 else 1,none,99.5,per_plane,1,24,"22,27,32,37",5.796839434392197,5.37600694633269,3.970890167163247,3.7251414724240437,-1.0927456637285633,-8.003992656440035,4.560467731744514,0.058290340662699114,-0.4100417999845054,-1.1153690953202384,-1.9911872285916754
vvc_rdo_dists_dgnb8j3_m1_20260924_204452,wdists_dgnb8j3_m1_tau2_rdoq,wdists_dgnb8j3_m1,dists,gnblock,block,2,256,3.0,16,m/16 if sigma>0 else 1,none,99.5,per_plane,1,24,"22,27,32,37",3.9902623594858153,3.6154708816567918,2.5051458743077117,2.264415510883978,-1.9452427356074213,-8.238107317799129,2.912729708269509,-1.0377981713882252,-1.3139400117387752,-1.92751765380926,-2.6302690356371468
vvc_rdo_dists_dgnb8j3_m1_20260924_204452,wdists_dgnb8j3_m1_tau4_rdoq,wdists_dgnb8j3_m1,dists,gnblock,block,4,256,3.0,16,m/16 if sigma>0 else 1,none,99.5,per_plane,1,24,"22,27,32,37",2.5257192350924873,2.1933950015648898,1.3392161777836231,1.1745063546033483,-2.199611228067388,-8.37911726012083,1.586195429496131,-1.2526764118950808,-1.8587316137897127,-2.38521338348968,-2.947049019255344
vvc_rdo_dists_dgnb8j3_m1_20260924_220535,wdists_dgnb8j3_m1_tau0.25_rdoq,wdists_dgnb8j3_m1,dists,gnblock,block,0.25,256,3.0,16,m/16 if sigma>0 else 1,none,99.5,per_plane,1,24,"22,27,32,37",9.324766111796501,8.854381715010637,6.5834631635500855,6.418472954304938,0.9302679202953484,-7.885702104671085,7.920575215478126,3.0579085312943284,1.7647206768562393,0.9333635676259605,-0.07090267616529637
vvc_rdo_dists_dgnb8j3_m1_20260924_220535,wdists_dgnb8j3_m1_tau0.125_rdoq,wdists_dgnb8j3_m1,dists,gnblock,block,0.125,256,3.0,16,m/16 if sigma>0 else 1,none,99.5,per_plane,1,24,"22,27,32,37",11.305817797689864,10.7879976387922,7.436734334004434,7.562323672384747,2.204360524969351,-7.546360679599634,9.736216839751206,5.493762718948193,2.7181060577265317,1.795884163151439,0.8177852819232839
vvc_rdo_dists_dgnb8j3_m2_20260924_223704,wdists_dgnb8j3_m2_tau0.5_rdoq,wdists_dgnb8j3_m2,dists,gnblock,block,0.5,256,3.0,16,m/16 if sigma>0 else 1,none,99.5,per_plane,1,24,"22,27,32,37",1.2001394612732696,1.0748825919777494,1.0923422289613998,1.087917038755426,-0.1754852542617443,-2.0079924926288633,0.8302287836823682,0.5703406090712569,0.0366645754364602,-0.05976649404549154,-0.14150881178226818
vvc_rdo_dists_dgnb8j3_m2_20260924_223704,wdists_dgnb8j3_m2_tau1_rdoq,wdists_dgnb8j3_m2,dists,gnblock,block,1,256,3.0,16,m/16 if sigma>0 else 1,none,99.5,per_plane,1,24,"22,27,32,37",0.7744661550618982,0.6746263147980344,0.7196211012551824,0.6709431608606545,-0.2622564282395314,-2.377616999930444,0.5072941539045787,0.4414894216770345,-0.17873989670297388,-0.26378105106259625,-0.32170435849067364
vvc_rdo_dists_dgnb8j3_m2_20260924_223704,wdists_dgnb8j3_m2_tau2_rdoq,wdists_dgnb8j3_m2,dists,gnblock,block,2,256,3.0,16,m/16 if sigma>0 else 1,none,99.5,per_plane,1,24,"22,27,32,37",0.49826370826779964,0.3910239852276916,0.5309735911621418,0.39707869841114213,-0.6953381687925831,-1.9359572394574345,0.17822313224901318,-0.13866717499311787,-0.44899836317210023,-0.5467885442731432,-0.6965625275494576
vvc_rdo_dists_dgnb8j3_m2_20260924_223704,wdists_dgnb8j3_m2_tau4_rdoq,wdists_dgnb8j3_m2,dists,gnblock,block,4,256,3.0,16,m/16 if sigma>0 else 1,none,99.5,per_plane,1,24,"22,27,32,37",0.3437056843977604,0.2862776453781653,0.23199124408304073,0.21781548579685958,-0.47514833317671473,-1.9859451794671565,0.1910921748331231,-0.03465348516244517,-0.48025566845146345,-0.5880225871486243,-0.7527428423718744
vvc_rdo_dists_dgnb8j3_m2_20260924_235801,wdists_dgnb8j3_m2_tau0.25_rdoq,wdists_dgnb8j3_m2,dists,gnblock,block,0.25,256,3.0,16,m/16 if sigma>0 else 1,none,99.5,per_plane,1,24,"22,27,32,37",1.9603490145031397,1.8313583668659223,1.8915602168928476,1.7639292867055225,0.8391822972780146,-2.3971549729330954,1.589252588245018,1.4159870784457376,0.607548025482825,0.4990512848448083,0.41077195273257483
vvc_rdo_dists_dgnb8j3_m2_20260924_235801,wdists_dgnb8j3_m2_tau0.125_rdoq,wdists_dgnb8j3_m2,dists,gnblock,block,0.125,256,3.0,16,m/16 if sigma>0 else 1,none,99.5,per_plane,1,24,"22,27,32,37",2.845273068638626,2.685789985737054,2.5627428536519914,2.399992474385662,1.748540266706857,-1.108033823026532,2.342698188020906,2.1407621487023945,1.1568034478778817,1.0003103065534924,0.8793632230591699
vvc_rdo_dists_dgnb8j3_m4_20260925_004313,wdists_dgnb8j3_m4_tau0.5_rdoq,wdists_dgnb8j3_m4,dists,gnblock,block,0.5,256,3.0,16,m/16 if sigma>0 else 1,none,99.5,per_plane,1,24,"22,27,32,37",0.6097791309074211,0.5603433551755799,0.41332853486506177,0.28660600303758627,0.14223671651525382,-0.9237963431831124,0.49106327746975814,0.2291249262621943,-0.06942171223627604,-0.15130494241558842,-0.2640151481509409
vvc_rdo_dists_dgnb8j3_m4_20260925_004313,wdists_dgnb8j3_m4_tau1_rdoq,wdists_dgnb8j3_m4,dists,gnblock,block,1,256,3.0,16,m/16 if sigma>0 else 1,none,99.5,per_plane,1,24,"22,27,32,37",0.41543702305457586,0.38528090358002914,0.14369300929031512,0.11742706247354212,-0.24462394524648276,-1.5142341800815078,0.35478694706681296,0.058879090098396904,-0.13914189889864398,-0.20172724755820468,-0.2638491640460326
vvc_rdo_dists_dgnb8j3_m4_20260925_004313,wdists_dgnb8j3_m4_tau2_rdoq,wdists_dgnb8j3_m4,dists,gnblock,block,2,256,3.0,16,m/16 if sigma>0 else 1,none,99.5,per_plane,1,24,"22,27,32,37",0.3267958246013429,0.32943870109727696,0.15571353717468198,0.12204951835623895,-0.18208072601481887,-0.8431214472605696,0.33539820536109266,0.12934648352491188,0.001772659448318059,-0.0343009055193901,-0.014992819509769087
vvc_rdo_dists_dgnb8j3_m4_20260925_004313,wdists_dgnb8j3_m4_tau4_rdoq,wdists_dgnb8j3_m4,dists,gnblock,block,4,256,3.0,16,m/16 if sigma>0 else 1,none,99.5,per_plane,1,24,"22,27,32,37",0.20715192890529885,0.19135504064453543,0.14022953693576257,0.08014408619011204,-0.34858005151419863,-0.8305189809468102,0.18331814466095953,0.11677406633156574,-0.1047880531889885,-0.14179203203973598,-0.1619118724503349
vvc_rdo_dists_dgnb8j3_m2_20260925_010006,wdists_dgnb8j3_m2_tau0.0625_rdoq,wdists_dgnb8j3_m2,dists,gnblock,block,0.0625,256,3.0,16,m/16 if sigma>0 else 1,none,99.5,per_plane,1,24,"22,27,32,37",3.5742963182139977,3.3746523611256802,2.9546903302217324,2.8050369031143885,2.1649044208599277,-0.6793833123314205,2.997388623056026,2.3040498636476943,1.5261073955741902,1.3257644857184436,1.160051805395817
vvc_rdo_dists_dgnb8j3_m2_20260925_010006,wdists_dgnb8j3_m2_tau0.03125_rdoq,wdists_dgnb8j3_m2,dists,gnblock,block,0.03125,256,3.0,16,m/16 if sigma>0 else 1,none,99.5,per_plane,1,24,"22,27,32,37",4.126177963781068,3.9016164053690274,3.4026851592442675,3.092629952740598,2.745701873521042,-0.680611859466944,3.4859217965266107,2.8134896036081596,1.8939400660790309,1.677621925958207,1.5431936147538192
vvc_rdo_dists_dgnb8j3_m4_20260925_021102,wdists_dgnb8j3_m4_tau0.25_rdoq,wdists_dgnb8j3_m4,dists,gnblock,block,0.25,256,3.0,16,m/16 if sigma>0 else 1,none,99.5,per_plane,1,24,"22,27,32,37",0.7499136161189542,0.69658879283436,0.45107741361389614,0.4051689147027499,0.0900579794005994,-1.4164019883877481,0.6174162291581761,0.4868879637582337,0.008561474005832256,-0.07746074810313135,-0.14265300305598974
vvc_rdo_dists_dgnb8j3_m4_20260925_021102,wdists_dgnb8j3_m4_tau0.125_rdoq,wdists_dgnb8j3_m4,dists,gnblock,block,0.125,256,3.0,16,m/16 if sigma>0 else 1,none,99.5,per_plane,1,24,"22,27,32,37",0.8245924783465872,0.7654648585006344,0.4295091186530306,0.3666055561788136,0.05791101996444566,-1.0841118491686188,0.6867039007736082,0.16303544658427122,0.016416367016954907,-0.08852814710682926,-0.19322393610620572
vvc_rdo_dists_dgnb8j3_m8_20260925_023410,wdists_dgnb8j3_m8_tau0.5_rdoq,wdists_dgnb8j3_m8,dists,gnblock,block,0.5,256,3.0,16,m/16 if sigma>0 else 1,none,99.5,per_plane,1,24,"22,27,32,37",0.9598528213912781,0.9437498072477716,0.73040590519324,0.7274607690824128,0.43939065669069227,-0.38045848881342686,0.8983724276250613,1.0947949284158636,0.5895156106988116,0.5277862145296978,0.4132905010516205
vvc_rdo_dists_dgnb8j3_m8_20260925_023410,wdists_dgnb8j3_m8_tau1_rdoq,wdists_dgnb8j3_m8,dists,gnblock,block,1,256,3.0,16,m/16 if sigma>0 else 1,none,99.5,per_plane,1,24,"22,27,32,37",0.7908175353396079,0.7873659358873825,0.5764197167252344,0.6354714328073127,0.6025421420965867,-0.28653245487651285,0.753874910499594,1.198851066462959,0.54396314121605,0.5112794724137105,0.5900257546664386
vvc_rdo_dists_dgnb8j3_m8_20260925_023410,wdists_dgnb8j3_m8_tau2_rdoq,wdists_dgnb8j3_m8,dists,gnblock,block,2,256,3.0,16,m/16 if sigma>0 else 1,none,99.5,per_plane,1,24,"22,27,32,37",0.5712054428023204,0.5425746815874035,0.38474215308330245,0.4276530184933888,0.5111145422936155,-0.4482447292545382,0.5177604942250891,0.6353769170563794,0.32399027142279113,0.2885997462456639,0.2138352609871316
vvc_rdo_dists_dgnb8j3_m8_20260925_023410,wdists_dgnb8j3_m8_tau4_rdoq,wdists_dgnb8j3_m8,dists,gnblock,block,4,256,3.0,16,m/16 if sigma>0 else 1,none,99.5,per_plane,1,24,"22,27,32,37",0.3822775111627689,0.39071283824762454,0.2802747300185986,0.32929415834352666,0.10893655719141175,-0.3933984970097327,0.43052980961776993,0.33438318606621814,0.261221199578536,0.23424048159650704,0.14839683470637316
vvc_rdo_dists_dgnb8j3_m4_20260925_031446,wdists_dgnb8j3_m4_tau0.0625_rdoq,wdists_dgnb8j3_m4,dists,gnblock,block,0.0625,256,3.0,16,m/16 if sigma>0 else 1,none,99.5,per_plane,1,24,"22,27,32,37",0.8955478307033268,0.8194358306118948,0.5903956465085074,0.48461859853146105,0.2764604098258294,-1.4893585682404453,0.6822060443645528,0.5693172980673248,0.1353190750779859,0.0573600135039797,0.034508040073797284
vvc_rdo_dists_dgnb8j3_m4_20260925_031446,wdists_dgnb8j3_m4_tau0.03125_rdoq,wdists_dgnb8j3_m4,dists,gnblock,block,0.03125,256,3.0,16,m/16 if sigma>0 else 1,none,99.5,per_plane,1,24,"22,27,32,37",0.9030648154730693,0.82236534674065,0.5467776041491049,0.4745032338963169,-0.03195691847765747,-1.558804411589972,0.7041317219785282,0.3045246337661997,0.018504267363898357,-0.08374439073502114,-0.11526869906238468
vvc_rdo_dists_dgnb8j3_m8_20260925_041235,wdists_dgnb8j3_m8_tau0.25_rdoq,wdists_dgnb8j3_m8,dists,gnblock,block,0.25,256,3.0,16,m/16 if sigma>0 else 1,none,99.5,per_plane,1,24,"22,27,32,37",1.1130720441826865,1.0804687523970125,0.9723089891388444,0.8915212820219157,0.43659838416622526,-0.9672961200736704,1.0247473377841692,1.4016541629897372,0.6634094622588742,0.6145382368547369,0.57132871454092
vvc_rdo_dists_dgnb8j3_m8_20260925_041235,wdists_dgnb8j3_m8_tau0.125_rdoq,wdists_dgnb8j3_m8,dists,gnblock,block,0.125,256,3.0,16,m/16 if sigma>0 else 1,none,99.5,per_plane,1,24,"22,27,32,37",1.213110839821968,1.1483000014880311,1.0271868103847328,1.0544288697788247,0.8532146662719263,-0.4317758311773782,1.0294409629919343,1.354875419708416,0.7898866397393743,0.7448280102345001,0.7207231139679683
vvc_rdo_dists_dgnb8j3_m16_20260925_044024,wdists_dgnb8j3_m16_tau0.5_rdoq,wdists_dgnb8j3_m16,dists,gnblock,block,0.5,256,3.0,16,m/16 if sigma>0 else 1,none,99.5,per_plane,1,24,"22,27,32,37",1.3132134763852739,1.222629121623331,1.1728888638279589,1.0185630374129804,-0.6230447358217854,-2.641680628063218,1.0544801510997395,0.3387228864485905,-0.09864332917746688,-0.2718381879660457,-0.5034053867098788
vvc_rdo_dists_dgnb8j3_m16_20260925_044024,wdists_dgnb8j3_m16_tau1_rdoq,wdists_dgnb8j3_m16,dists,gnblock,block,1,256,3.0,16,m/16 if sigma>0 else 1,none,99.5,per_plane,1,24,"22,27,32,37",0.9928982226932642,0.9503391798888372,0.842272508195097,0.7331155439006403,-0.9724832738152408,-2.7782349160465767,0.8520242286239701,-0.17358166821523036,-0.19737962775796813,-0.3511688655478078,-0.556951353431354
vvc_rdo_dists_dgnb8j3_m16_20260925_044024,wdists_dgnb8j3_m16_tau2_rdoq,wdists_dgnb8j3_m16,dists,gnblock,block,2,256,3.0,16,m/16 if sigma>0 else 1,none,99.5,per_plane,1,24,"22,27,32,37",0.6962100967476967,0.6399702559265613,0.47389996794958095,0.4684247792367378,-0.4678522141864594,-1.883386976493231,0.5288907894887248,0.07525769392729882,-0.2563319543080223,-0.37488708065087684,-0.5667020128713784
vvc_rdo_dists_dgnb8j3_m16_20260925_044024,wdists_dgnb8j3_m16_tau4_rdoq,wdists_dgnb8j3_m16,dists,gnblock,block,4,256,3.0,16,m/16 if sigma>0 else 1,none,99.5,per_plane,1,24,"22,27,32,37",0.44510106394874405,0.42329625011580196,0.24047052701620295,0.1964696537320431,-0.376433004475311,-2.4033544766583113,0.37686412776592554,0.06457720788491476,-0.2690070383066077,-0.373302907581106,-0.501085423761885
vvc_rdo_dists_dgnb8j3_m8_20260925_050050,wdists_dgnb8j3_m8_tau0.0625_rdoq,wdists_dgnb8j3_m8,dists,gnblock,block,0.0625,256,3.0,16,m/16 if sigma>0 else 1,none,99.5,per_plane,1,24,"22,27,32,37",1.2351424835740126,1.1804734684490874,1.039851796209703,1.0281479842382184,0.4414460047552877,-0.8337847962272035,1.0840827637599488,1.3915592829660561,0.6981315504356771,0.6388189374505665,0.559673043768064
vvc_rdo_dists_dgnb8j3_m8_20260925_050050,wdists_dgnb8j3_m8_tau0.03125_rdoq,wdists_dgnb8j3_m8,dists,gnblock,block,0.03125,256,3.0,16,m/16 if sigma>0 else 1,none,99.5,per_plane,1,24,"22,27,32,37",1.2734442211704935,1.221415177725052,1.1060947871177904,1.0993532251133613,0.7904102747174079,-0.08978329914447843,1.1041192968721896,1.8695228612341364,0.7779841496082911,0.7191162060511355,0.6956411327340252
vvc_rdo_dists_dgnb8j3_m16_20260925_061255,wdists_dgnb8j3_m16_tau0.25_rdoq,wdists_dgnb8j3_m16,dists,gnblock,block,0.25,256,3.0,16,m/16 if sigma>0 else 1,none,99.5,per_plane,1,24,"22,27,32,37",1.6017218770292396,1.5305497750267498,1.3640436263674056,1.252628084372277,-0.6132511480965913,-2.8461704397452348,1.3918603396137061,0.27816329316843097,0.16733372499195728,-0.007153848701739,-0.1925288627537353
vvc_rdo_dists_dgnb8j3_m16_20260925_061255,wdists_dgnb8j3_m16_tau0.125_rdoq,wdists_dgnb8j3_m16,dists,gnblock,block,0.125,256,3.0,16,m/16 if sigma>0 else 1,none,99.5,per_plane,1,24,"22,27,32,37",1.7967739571802632,1.653439822085313,1.5474793358549501,1.450482570830258,-0.7963983845923756,-3.0121085367030465,1.3986679003673554,0.2602152842549055,0.013867040692013924,-0.20771174884259835,-0.5266681946144182
vvc_rdo_dists_dgnb8j3_m32_20260925_063743,wdists_dgnb8j3_m32_tau0.5_rdoq,wdists_dgnb8j3_m32,dists,gnblock,block,0.5,256,3.0,16,m/16 if sigma>0 else 1,none,99.5,per_plane,1,24,"22,27,32,37",1.0601143174862335,0.9757310065233994,0.8793404890327047,0.8368166989396603,0.3959824091445778,-0.3989930262284646,0.8377672003251827,0.8220430984079412,0.4707496635393831,0.40421461780393714,0.3316862809507248
vvc_rdo_dists_dgnb8j3_m32_20260925_063743,wdists_dgnb8j3_m32_tau1_rdoq,wdists_dgnb8j3_m32,dists,gnblock,block,1,256,3.0,16,m/16 if sigma>0 else 1,none,99.5,per_plane,1,24,"22,27,32,37",0.6472617906988776,0.6209071435834166,0.43725828729862753,0.39506981438645616,0.20675719345974683,-0.32798550449355673,0.5941062055249885,0.7633044955584798,0.3428671009169715,0.3130714286091208,0.343364782480617
vvc_rdo_dists_dgnb8j3_m32_20260925_063743,wdists_dgnb8j3_m32_tau2_rdoq,wdists_dgnb8j3_m32,dists,gnblock,block,2,256,3.0,16,m/16 if sigma>0 else 1,none,99.5,per_plane,1,24,"22,27,32,37",0.3466923731263005,0.2896912092461669,0.2882056907831004,0.21514869037437082,-0.01890542352435039,-0.5987910320195915,0.19533766672797195,0.5703450484394649,-0.0032925376319006827,-0.03482651414015945,-0.07373503185292331
vvc_rdo_dists_dgnb8j3_m32_20260925_063743,wdists_dgnb8j3_m32_tau4_rdoq,wdists_dgnb8j3_m32,dists,gnblock,block,4,256,3.0,16,m/16 if sigma>0 else 1,none,99.5,per_plane,1,24,"22,27,32,37",0.17708813354406816,0.16228851270429223,0.0843983363715083,0.12013307818537211,0.21487447889024192,-0.7287830475530591,0.12262414595310273,0.41583822153604305,-0.0001896081248018803,-0.03551295413368507,-0.06321681025304494
vvc_rdo_dists_dgnb8j3_m16_20260925_071735,wdists_dgnb8j3_m16_tau0.0625_rdoq,wdists_dgnb8j3_m16,dists,gnblock,block,0.0625,256,3.0,16,m/16 if sigma>0 else 1,none,99.5,per_plane,1,24,"22,27,32,37",1.9400209930442365,1.7819987550156604,1.7123894311946701,1.5506238525517249,-0.8093920472128785,-2.7653292815318498,1.5064766237662368,0.16122911913800386,0.011942536997324818,-0.21490319752518658,-0.5647707135368033
vvc_rdo_dists_dgnb8j3_m16_20260925_071735,wdists_dgnb8j3_m16_tau0.03125_rdoq,wdists_dgnb8j3_m16,dists,gnblock,block,0.03125,256,3.0,16,m/16 if sigma>0 else 1,none,99.5,per_plane,1,24,"22,27,32,37",1.984810076176749,1.8337956325159341,1.8290969073176049,1.634356499925694,-0.6961387319034062,-3.5066268385011052,1.5408881592024686,0.25986499142297004,0.030890956840634125,-0.20923637986812368,-0.5265641103390931
vvc_rdo_dists_dgnb8j3_m32_20260925_081642,wdists_dgnb8j3_m32_tau0.25_rdoq,wdists_dgnb8j3_m32,dists,gnblock,block,0.25,256,3.0,16,m/16 if sigma>0 else 1,none,99.5,per_plane,1,24,"22,27,32,37",1.489580221214722,1.4095803936731386,1.2168725093929356,1.1850359696210326,1.0043777608420748,-0.16049885865728616,1.2864789608648148,1.477874855861904,0.8281218154107451,0.7646260840969177,0.7579103231118545
vvc_rdo_dists_dgnb8j3_m32_20260925_081642,wdists_dgnb8j3_m32_tau0.125_rdoq,wdists_dgnb8j3_m32,dists,gnblock,block,0.125,256,3.0,16,m/16 if sigma>0 else 1,none,99.5,per_plane,1,24,"22,27,32,37",1.8562267851864294,1.750515343747445,1.550690973017806,1.4857870525742332,1.4345550012986557,0.30293211644728585,1.5490880822099724,1.7886028927077955,1.0074109716512005,0.9289825327814939,0.8072168657957178
vvc_rdo_dists_dgnb8j3_m64_20260925_084224,wdists_dgnb8j3_m64_tau0.5_rdoq,wdists_dgnb8j3_m64,dists,gnblock,block,0.5,256,3.0,16,m/16 if sigma>0 else 1,none,99.5,per_plane,1,24,"22,27,32,37",0.29902383578159314,0.19051674491809925,0.23103490635611412,0.22305550205975053,-0.2149813221785789,-1.4025228989114027,-0.06317181995251729,-0.09240291689553287,-0.7310162224984786,-0.8824819338561899,-1.1421727420755705
vvc_rdo_dists_dgnb8j3_m64_20260925_084224,wdists_dgnb8j3_m64_tau1_rdoq,wdists_dgnb8j3_m64,dists,gnblock,block,1,256,3.0,16,m/16 if sigma>0 else 1,none,99.5,per_plane,1,24,"22,27,32,37",0.2945580561929321,0.13542689642932712,0.2897397957604464,0.2154728126226265,-0.33552725680529444,-1.617406705845216,-0.17691997044747645,-0.07978655667608044,-0.788248164887755,-0.9254619645982541,-1.0871455036861937
vvc_rdo_dists_dgnb8j3_m64_20260925_084224,wdists_dgnb8j3_m64_tau2_rdoq,wdists_dgnb8j3_m64,dists,gnblock,block,2,256,3.0,16,m/16 if sigma>0 else 1,none,99.5,per_plane,1,24,"22,27,32,37",0.241446613687867,0.060089244638866314,0.06495102514011188,0.06682379051300748,-0.5436869973205841,-1.8053638160636958,-0.28016254715116146,-0.638438224213835,-1.0119713564406292,-1.172471537307343,-1.4260089098310724
vvc_rdo_dists_dgnb8j3_m64_20260925_084224,wdists_dgnb8j3_m64_tau4_rdoq,wdists_dgnb8j3_m64,dists,gnblock,block,4,256,3.0,16,m/16 if sigma>0 else 1,none,99.5,per_plane,1,24,"22,27,32,37",0.18948872404262648,0.04176102396267617,0.12259422357474663,0.14494119063325298,-0.23525411081240324,-1.6095145393008348,-0.23535328567785194,-0.23256048939597532,-0.7385745178151234,-0.8408803515537855,-0.9688014093331482
vvc_rdo_dists_dgnb8j3_m32_20260925_090626,wdists_dgnb8j3_m32_tau0.0625_rdoq,wdists_dgnb8j3_m32,dists,gnblock,block,0.0625,256,3.0,16,m/16 if sigma>0 else 1,none,99.5,per_plane,1,24,"22,27,32,37",2.0528299211694208,1.9518859530917485,1.689637717456205,1.6668494973260828,1.3545477311797116,0.37044042906954894,1.7848283108590648,1.6489243418774144,1.236960129077531,1.1586706772140891,1.0761525732826247
vvc_rdo_dists_dgnb8j3_m32_20260925_090626,wdists_dgnb8j3_m32_tau0.03125_rdoq,wdists_dgnb8j3_m32,dists,gnblock,block,0.03125,256,3.0,16,m/16 if sigma>0 else 1,none,99.5,per_plane,1,24,"22,27,32,37",2.137478144353606,2.037236185438978,1.7709651831135256,1.7119942677297633,1.3192485235744214,0.656286847761663,1.856289686414301,1.8569871859011071,1.2077217602917327,1.113898698380014,0.9872475674567106
vvc_rdo_dists_dgnb8j3_m64_20260925_102511,wdists_dgnb8j3_m64_tau0.25_rdoq,wdists_dgnb8j3_m64,dists,gnblock,block,0.25,256,3.0,16,m/16 if sigma>0 else 1,none,99.5,per_plane,1,24,"22,27,32,37",0.3446687267560607,0.26032851268057616,0.29513917568066056,0.3044892001650414,-0.16317871634882372,-1.014743564704099,0.055516611284275874,0.34320740987407866,-0.649117755315332,-0.7907790479635336,-1.0031309517938203
vvc_rdo_dists_dgnb8j3_m64_20260925_102511,wdists_dgnb8j3_m64_tau0.125_rdoq,wdists_dgnb8j3_m64,dists,gnblock,block,0.125,256,3.0,16,m/16 if sigma>0 else 1,none,99.5,per_plane,1,24,"22,27,32,37",0.3469521810120752,0.28802776840939165,0.22401339995051597,0.25512189391594203,-0.09301069261718937,-1.2490379881469826,0.12699870196967492,-0.08612520384839867,-0.6536620571228257,-0.7982931552118874,-1.015245372734561
vvc_rdo_dists_dgnb8j3_m128_20260925_105712,wdists_dgnb8j3_m128_tau0.5_rdoq,wdists_dgnb8j3_m128,dists,gnblock,block,0.5,256,3.0,16,m/16 if sigma>0 else 1,none,99.5,per_plane,1,24,"22,27,32,37",3.2910325815855956,3.0569130458062026,2.094087299197199,1.8614489863105923,2.9934625951091114,0.15120550670985655,2.679413417747544,2.1866380152780387,0.8305028628700519,0.6184891372879832,0.9800034690113778
vvc_rdo_dists_dgnb8j3_m128_20260925_105712,wdists_dgnb8j3_m128_tau1_rdoq,wdists_dgnb8j3_m128,dists,gnblock,block,1,256,3.0,16,m/16 if sigma>0 else 1,none,99.5,per_plane,1,24,"22,27,32,37",1.3424219533290918,1.1797217833171298,0.5973161457561359,0.49621600285131806,0.9122309004947423,-1.4650273012365362,0.9223591982579918,1.1033411133432716,-0.3204947625430157,-0.4790791949084296,-0.24754995910788632
vvc_rdo_dists_dgnb8j3_m128_20260925_105712,wdists_dgnb8j3_m128_tau2_rdoq,wdists_dgnb8j3_m128,dists,gnblock,block,2,256,3.0,16,m/16 if sigma>0 else 1,none,99.5,per_plane,1,24,"22,27,32,37",0.46212337157637196,0.3629143564078822,0.0766009467763724,-0.000511865122493349,0.13920447961967794,-1.6286621084747306,0.18643473948244949,0.1396699114273023,-0.5976488309820546,-0.7118390206080475,-0.6061452928776546
vvc_rdo_dists_dgnb8j3_m128_20260925_105712,wdists_dgnb8j3_m128_tau4_rdoq,wdists_dgnb8j3_m128,dists,gnblock,block,4,256,3.0,16,m/16 if sigma>0 else 1,none,99.5,per_plane,1,24,"22,27,32,37",0.1776637411356872,0.1318988859437422,-0.09647409520121043,-0.14804751491479667,-0.3517985542587731,-1.3903237095006309,0.06401004553947866,-0.09680953750108441,-0.47103438996142827,-0.5388853276144916,-0.44414329325674534
vvc_rdo_dists_dgnb8j3_m64_20260925_113133,wdists_dgnb8j3_m64_tau0.0625_rdoq,wdists_dgnb8j3_m64,dists,gnblock,block,0.0625,256,3.0,16,m/16 if sigma>0 else 1,none,99.5,per_plane,1,24,"22,27,32,37",0.3727744040533489,0.29320051125762875,0.2917291059574422,0.282951586605643,-0.1263884465352333,-1.1785877712201964,0.08329040425114019,-0.09033759959898996,-0.7185581965112307,-0.8802193177039169,-1.2186273684878368
vvc_rdo_dists_dgnb8j3_m64_20260925_113133,wdists_dgnb8j3_m64_tau0.03125_rdoq,wdists_dgnb8j3_m64,dists,gnblock,block,0.03125,256,3.0,16,m/16 if sigma>0 else 1,none,99.5,per_plane,1,24,"22,27,32,37",0.346360532146292,0.30969327884065034,0.2984029219659165,0.2695221411180592,-0.04277691831209065,-1.2577232007586898,0.19360280741062227,0.40288913000160376,-0.5210898249513428,-0.6622253072025696,-0.9351066171781802
vvc_rdo_dists_dgnb8j3_m128_20260925_124509,wdists_dgnb8j3_m128_tau0.25_rdoq,wdists_dgnb8j3_m128,dists,gnblock,block,0.25,256,3.0,16,m/16 if sigma>0 else 1,none,99.5,per_plane,1,24,"22,27,32,37",7.12244499343507,6.684789211729233,4.874189354812491,4.477792469375639,6.30706257666245,1.423737783818087,5.99801973685291,4.603760943474126,2.65323808023756,2.2807118562043587,2.73442255265183
vvc_rdo_dists_dgnb8j3_m128_20260925_124509,wdists_dgnb8j3_m128_tau0.125_rdoq,wdists_dgnb8j3_m128,dists,gnblock,block,0.125,256,3.0,16,m/16 if sigma>0 else 1,none,99.5,per_plane,1,24,"22,27,32,37",12.716216667055031,11.967160153329791,9.00310882252152,8.180241256846495,9.565962685006605,2.808198252506427,10.793889110543828,7.589115881158352,4.915210073142549,4.240367478903312,4.716972479164698
vvc_rdo_dists_dgnb8j3_m254_20260925_130134,wdists_dgnb8j3_m254_tau0.5_rdoq,wdists_dgnb8j3_m254,dists,gnblock,block,0.5,256,3.0,16,m/16 if sigma>0 else 1,none,99.5,per_plane,1,24,"22,27,32,37",9.47832727751422,8.708220256484347,6.652889231493687,6.239951660693934,-0.26292642901534946,-11.934744946976657,7.341977595871678,3.0388127565016947,0.06316202329554786,-0.8378400789456172,-1.1961047350263507
vvc_rdo_dists_dgnb8j3_m254_20260925_130134,wdists_dgnb8j3_m254_tau1_rdoq,wdists_dgnb8j3_m254,dists,gnblock,block,1,256,3.0,16,m/16 if sigma>0 else 1,none,99.5,per_plane,1,24,"22,27,32,37",5.543023811488761,4.9844185842195,3.76307332783259,3.459947185304671,-1.7820844976838253,-11.48318194716259,3.9762559398891173,0.7798156103054446,-1.4171318644129023,-2.153800358185093,-2.7313990375141315
vvc_rdo_dists_dgnb8j3_m254_20260925_130134,wdists_dgnb8j3_m254_tau2_rdoq,wdists_dgnb8j3_m254,dists,gnblock,block,2,256,3.0,16,m/16 if sigma>0 else 1,none,99.5,per_plane,1,24,"22,27,32,37",3.173827181304366,2.788739153777365,1.9939634716033252,1.8059190416331596,-2.480847085409168,-10.242662838420145,2.0399521958801357,-0.3101584706234857,-1.8616957378972794,-2.42566504843979,-3.0134344214196385
vvc_rdo_dists_dgnb8j3_m254_20260925_130134,wdists_dgnb8j3_m254_tau4_rdoq,wdists_dgnb8j3_m254,dists,gnblock,block,4,256,3.0,16,m/16 if sigma>0 else 1,none,99.5,per_plane,1,24,"22,27,32,37",1.7372408025725417,1.4209131274695492,0.8200496826995681,0.7766270041479478,-2.4230278791883286,-9.121288133993344,0.8413173326985813,-0.6963901365666518,-2.087358056119589,-2.521129272491217,-3.0152264724578335
vvc_rdo_dists_dgnb8j3_m253_20260925_141328,wdists_dgnb8j3_m253_tau0.5_rdoq,wdists_dgnb8j3_m253,dists,gnblock,block,0.5,256,3.0,16,m/16 if sigma>0 else 1,none,99.5,per_plane,1,24,"22,27,32,37",17.474909694172595,15.837739234837578,11.92382680243414,11.48423894729,-0.6066431627100245,-17.267785288931005,12.931053997215324,3.7246274157056742,-0.7914772432013536,-2.455411940481978,-3.1861870355907826
vvc_rdo_dists_dgnb8j3_m253_20260925_141328,wdists_dgnb8j3_m253_tau1_rdoq,wdists_dgnb8j3_m253,dists,gnblock,block,1,256,3.0,16,m/16 if sigma>0 else 1,none,99.5,per_plane,1,24,"22,27,32,37",10.861267302746521,9.643986558462796,6.955855299212558,6.677243985611763,-3.0558817518590984,-17.47200469389011,7.4692322613489495,-0.2666527285285298,-2.899677829207423,-4.280747417548788,-5.1397598430339135
vvc_rdo_dists_dgnb8j3_m253_20260925_141328,wdists_dgnb8j3_m253_tau2_rdoq,wdists_dgnb8j3_m253,dists,gnblock,block,2,256,3.0,16,m/16 if sigma>0 else 1,none,99.5,per_plane,1,24,"22,27,32,37",6.501547615962295,5.601679244566235,3.984958438429985,3.6547469688911227,-4.18784464460758,-15.629760407539038,3.9822265956512894,-2.1446132865920386,-3.905289656778454,-5.012964815531695,-5.796464490785716
vvc_rdo_dists_dgnb8j3_m253_20260925_141328,wdists_dgnb8j3_m253_tau4_rdoq,wdists_dgnb8j3_m253,dists,gnblock,block,4,256,3.0,16,m/16 if sigma>0 else 1,none,99.5,per_plane,1,24,"22,27,32,37",3.688687489722201,3.0338092634838794,2.037036874467402,1.7569468345987171,-4.226905688055634,-13.529682964071652,1.8750816297384223,-2.6225048846581687,-3.9216350793624177,-4.763665194663077,-5.393924437187444
vvc_rdo_dists_dgnb8j3_m251_20260925_154143,wdists_dgnb8j3_m251_tau0.5_rdoq,wdists_dgnb8j3_m251,dists,gnblock,block,0.5,256,3.0,16,m/16 if sigma>0 else 1,none,99.5,per_plane,1,24,"22,27,32,37",17.931819090922385,16.267568179194743,12.468268396714956,11.890987118473271,-0.4461173580517464,-17.64559535258552,13.284813334090444,3.513820157861107,-0.6543912259489829,-2.3444307974394003,-3.0930572525711795
vvc_rdo_dists_dgnb8j3_m251_20260925_154143,wdists_dgnb8j3_m251_tau1_rdoq,wdists_dgnb8j3_m251,dists,gnblock,block,1,256,3.0,16,m/16 if sigma>0 else 1,none,99.5,per_plane,1,24,"22,27,32,37",11.112587348576197,9.885904500914672,7.397057382823667,6.944068286683311,-3.3195975808688956,-18.264151281545402,7.654509150613795,-0.21958386476185612,-3.1144353016866924,-4.560322981847842,-5.525973380965414
vvc_rdo_dists_dgnb8j3_m251_20260925_154143,wdists_dgnb8j3_m251_tau2_rdoq,wdists_dgnb8j3_m251,dists,gnblock,block,2,256,3.0,16,m/16 if sigma>0 else 1,none,99.5,per_plane,1,24,"22,27,32,37",6.711422881452118,5.766138869208557,4.078793108471792,3.783414789737288,-4.3139642110789636,-16.435156935755327,4.072947507107901,-2.1550741714379167,-4.143520314041202,-5.314661454499708,-6.27879311342758
vvc_rdo_dists_dgnb8j3_m251_20260925_154143,wdists_dgnb8j3_m251_tau4_rdoq,wdists_dgnb8j3_m251,dists,gnblock,block,4,256,3.0,16,m/16 if sigma>0 else 1,none,99.5,per_plane,1,24,"22,27,32,37",3.82972252631188,3.0733353728734727,2.0578369565239654,1.7326004121404115,-4.409832517914028,-14.336554131482936,1.7115924996164953,-2.9425388127057097,-4.380161261178565,-5.299802428747272,-6.08594237317827
vvc_rdo_dists_dgnb8j3_m247_20260925_172612,wdists_dgnb8j3_m247_tau0.5_rdoq,wdists_dgnb8j3_m247,dists,gnblock,block,0.5,256,3.0,16,m/16 if sigma>0 else 1,none,99.5,per_plane,1,24,"22,27,32,37",18.845111245531527,17.15051438492152,13.060444675116841,12.559237598380761,-0.6222718912350323,-18.587649444493923,14.126715861579797,4.696946234159287,-0.42861447774090317,-2.2031135891707456,-3.011995203017468
vvc_rdo_dists_dgnb8j3_m247_20260925_172612,wdists_dgnb8j3_m247_tau1_rdoq,wdists_dgnb8j3_m247,dists,gnblock,block,1,256,3.0,16,m/16 if sigma>0 else 1,none,99.5,per_plane,1,24,"22,27,32,37",11.615086753137035,10.328525125053465,7.559661682140988,7.275198613560601,-3.3709698940992348,-18.43800287366868,7.997902818775302,0.40219280562437804,-3.0566833337433827,-4.528225456359336,-5.469460566892536
vvc_rdo_dists_dgnb8j3_m247_20260925_172612,wdists_dgnb8j3_m247_tau2_rdoq,wdists_dgnb8j3_m247,dists,gnblock,block,2,256,3.0,16,m/16 if sigma>0 else 1,none,99.5,per_plane,1,24,"22,27,32,37",6.932261412608734,5.956055230425786,4.165066365141538,3.8945053108455423,-4.572437425378067,-17.711755287834936,4.20795844161342,-1.878519259843592,-4.196209672569616,-5.388668730931724,-6.321228905204593
vvc_rdo_dists_dgnb8j3_m247_20260925_172612,wdists_dgnb8j3_m247_tau4_rdoq,wdists_dgnb8j3_m247,dists,gnblock,block,4,256,3.0,16,m/16 if sigma>0 else 1,none,99.5,per_plane,1,24,"22,27,32,37",3.9696711030388925,3.23869977659091,2.168838574664299,1.9043060818151047,-4.670522130381596,-15.025468928326298,1.924423748335143,-2.6317193108955617,-4.296242360451816,-5.212188767286655,-6.021293213505044
vvc_rdo_dists_dgnb8j3_m239_20260925_190504,wdists_dgnb8j3_m239_tau0.5_rdoq,wdists_dgnb8j3_m239,dists,gnblock,block,0.5,256,3.0,16,m/16 if sigma>0 else 1,none,99.5,per_plane,1,24,"22,27,32,37",16.932436204093282,15.35188858454456,11.994251911213745,11.376752504880981,0.019474931108585558,-16.732299676416165,12.52382476344417,3.3503894642505263,-0.4882870864602942,-2.090538117496362,-2.7781811963752943
vvc_rdo_dists_dgnb8j3_m239_20260925_190504,wdists_dgnb8j3_m239_tau1_rdoq,wdists_dgnb8j3_m239,dists,gnblock,block,1,256,3.0,16,m/16 if sigma>0 else 1,none,99.5,per_plane,1,24,"22,27,32,37",10.534259111143092,9.305617739815656,6.8473905784771185,6.496085847007787,-2.9300500749427627,-17.063490234971397,7.09183217860679,-0.3572237545961537,-3.053893684164065,-4.439960871250076,-5.342547730507081
vvc_rdo_dists_dgnb8j3_m239_20260925_190504,wdists_dgnb8j3_m239_tau2_rdoq,wdists_dgnb8j3_m239,dists,gnblock,block,2,256,3.0,16,m/16 if sigma>0 else 1,none,99.5,per_plane,1,24,"22,27,32,37",6.386771311940497,5.4267914307582785,3.8352759143207926,3.56397505512721,-3.8779116132673135,-16.210010184750118,3.682113703559915,-2.2807935736101173,-3.978931864842261,-5.086538353480527,-5.907901598104303
vvc_rdo_dists_dgnb8j3_m239_20260925_190504,wdists_dgnb8j3_m239_tau4_rdoq,wdists_dgnb8j3_m239,dists,gnblock,block,4,256,3.0,16,m/16 if sigma>0 else 1,none,99.5,per_plane,1,24,"22,27,32,37",3.7083712196692478,2.984028755365136,1.978483860828678,1.7355645830424773,-4.10513106409915,-13.452063324987167,1.6747126187125858,-2.8528534126000693,-4.0854651705481695,-4.957750578708513,-5.733149265616844
vvc_rdo_dists_dgnb8j3_m223_20260925_203609,wdists_dgnb8j3_m223_tau0.5_rdoq,wdists_dgnb8j3_m223,dists,gnblock,block,0.5,256,3.0,16,m/16 if sigma>0 else 1,none,99.5,per_plane,1,24,"22,27,32,37",19.32882142007764,17.597857543771728,13.030368069458666,12.617679668648009,-0.5743495507054399,-18.161665605654942,14.524788141355577,4.711154874672675,-0.26122408070397696,-2.0507680799481043,-2.8805191017235434
vvc_rdo_dists_dgnb8j3_m223_20260925_203609,wdists_dgnb8j3_m223_tau1_rdoq,wdists_dgnb8j3_m223,dists,gnblock,block,1,256,3.0,16,m/16 if sigma>0 else 1,none,99.5,per_plane,1,24,"22,27,32,37",12.156871916062627,10.86322875127401,7.820997576524211,7.521841888759532,-2.982886001129191,-17.720755692120196,8.528962432943127,0.8583288022364592,-2.7533874964629326,-4.237810350458715,-5.164693046813493
vvc_rdo_dists_dgnb8j3_m223_20260925_203609,wdists_dgnb8j3_m223_tau2_rdoq,wdists_dgnb8j3_m223,dists,gnblock,block,2,256,3.0,16,m/16 if sigma>0 else 1,none,99.5,per_plane,1,24,"22,27,32,37",7.375964546799401,6.378683945034371,4.472276625993853,4.196526160728397,-4.215630888118776,-16.801995428651477,4.580344878219294,-1.326588677038521,-3.9192862166155513,-5.1180022786029475,-5.9948387682631745
vvc_rdo_dists_dgnb8j3_m223_20260925_203609,wdists_dgnb8j3_m223_tau4_rdoq,wdists_dgnb8j3_m223,dists,gnblock,block,4,256,3.0,16,m/16 if sigma>0 else 1,none,99.5,per_plane,1,24,"22,27,32,37",4.177616401695331,3.45384922980851,2.3490228134598126,2.125961740430756,-4.269511415430261,-14.514081274345687,2.1328595478881662,-2.509274999706708,-4.099655896087927,-5.028482735476241,-5.8949531463724405
vvc_rdo_dists_dgnb8j3_m191_20260925_220122,wdists_dgnb8j3_m191_tau0.5_rdoq,wdists_dgnb8j3_m191,dists,gnblock,block,0.5,256,3.0,16,m/16 if sigma>0 else 1,none,99.5,per_plane,1,24,"22,27,32,37",17.595492869652315,16.216615325892615,11.651573883334502,11.13627394372453,-0.4480897037925901,-16.82038600563423,13.780200650329,4.2359250316196935,0.7250237284689766,-0.7857610698155225,-1.7223883165871294
vvc_rdo_dists_dgnb8j3_m191_20260925_220122,wdists_dgnb8j3_m191_tau1_rdoq,wdists_dgnb8j3_m191,dists,gnblock,block,1,256,3.0,16,m/16 if sigma>0 else 1,none,99.5,per_plane,1,24,"22,27,32,37",10.741096663250767,9.816802310778256,6.661956917346007,6.270175217629337,-2.981260818661538,-16.11962651057588,8.127061314356714,0.6299004654590075,-1.6357971956180506,-2.863307656560739,-3.8390800669914014
vvc_rdo_dists_dgnb8j3_m191_20260925_220122,wdists_dgnb8j3_m191_tau2_rdoq,wdists_dgnb8j3_m191,dists,gnblock,block,2,256,3.0,16,m/16 if sigma>0 else 1,none,99.5,per_plane,1,24,"22,27,32,37",6.347502696015397,5.698518453160525,3.494700083714807,3.239257485515619,-4.038621350948646,-14.882747637310294,4.497703868908619,-1.6301760772974487,-2.8923610120163095,-3.8967604384080725,-4.886838153208777
vvc_rdo_dists_dgnb8j3_m191_20260925_220122,wdists_dgnb8j3_m191_tau4_rdoq,wdists_dgnb8j3_m191,dists,gnblock,block,4,256,3.0,16,m/16 if sigma>0 else 1,none,99.5,per_plane,1,24,"22,27,32,37",3.585737348586644,3.1298405094558084,1.736969428625765,1.4883725708183233,-3.89007479985219,-13.059852113677877,2.312507704122518,-2.397185193319593,-2.987094574620638,-3.7345105157954896,-4.54334357878806
vvc_rdo_dists_dgnb8j3_m127_20260925_232157,wdists_dgnb8j3_m127_tau0.5_rdoq,wdists_dgnb8j3_m127,dists,gnblock,block,0.5,256,3.0,16,m/16 if sigma>0 else 1,none,99.5,per_plane,1,24,"22,27,32,37",14.909630646225347,13.498160442879142,10.702386849721728,10.417539078733084,0.32286539746816706,-14.343832835475675,10.832318347568284,2.9345609599393803,-0.6765164976989854,-2.1747829714163918,-3.4871626795104356
vvc_rdo_dists_dgnb8j3_m127_20260925_232157,wdists_dgnb8j3_m127_tau1_rdoq,wdists_dgnb8j3_m127,dists,gnblock,block,1,256,3.0,16,m/16 if sigma>0 else 1,none,99.5,per_plane,1,24,"22,27,32,37",9.857132370420462,8.730087029787711,6.622518985562576,6.350608192846285,-2.5554075992741647,-14.929630610495616,6.630818537670767,-1.0302437549127468,-2.8299741815239976,-4.149598540862005,-5.490479697207612
vvc_rdo_dists_dgnb8j3_m127_20260925_232157,wdists_dgnb8j3_m127_tau2_rdoq,wdists_dgnb8j3_m127,dists,gnblock,block,2,256,3.0,16,m/16 if sigma>0 else 1,none,99.5,per_plane,1,24,"22,27,32,37",6.346289142790332,5.447755079721129,4.000705843006572,3.6491564730221255,-4.200751976753239,-14.880896982040253,3.7929747906235236,-2.2563112304267894,-3.768702198463408,-4.887798291368047,-6.030140755577804
vvc_rdo_dists_dgnb8j3_m127_20260925_232157,wdists_dgnb8j3_m127_tau4_rdoq,wdists_dgnb8j3_m127,dists,gnblock,block,4,256,3.0,16,m/16 if sigma>0 else 1,none,99.5,per_plane,1,24,"22,27,32,37",3.726585585716025,3.04994211727746,2.099533886023199,1.8378649213526843,-4.370729034805922,-12.968721277608735,1.8075411978595302,-3.0084831889249872,-4.007256535350373,-4.893472332506377,-5.885903269555339
vvc_rdo_wd_gnb8j3_m255_20260926_004016,wwd_gnb8j3_m255_tau0.5_rdoq,wwd_gnb8j3_m255,wd,gnblock,block,0.5,256,3.0,16,m/16 if sigma>0 else 1,none,99.5,per_plane,1,24,"22,27,32,37",12.346777304863863,10.058701049611072,-9.70621569944838,-8.154456632394277,-13.925045120836026,-15.321533081529148,5.700419270814993,-11.147995851884962,-17.389313958670538,-20.79082759344945,-24.401089677649157
vvc_rdo_wd_gnb8j3_m255_20260926_004016,wwd_gnb8j3_m255_tau1_rdoq,wwd_gnb8j3_m255,wd,gnblock,block,1,256,3.0,16,m/16 if sigma>0 else 1,none,99.5,per_plane,1,24,"22,27,32,37",7.660076218300869,5.84434404362032,-9.227521800049779,-7.847727376655634,-13.20317502562554,-14.646341143503795,2.3690880439191626,-10.653083638440746,-16.134744022195125,-18.971129857856543,-22.203400168412312
vvc_rdo_wd_gnb8j3_m255_20260926_004016,wwd_gnb8j3_m255_tau2_rdoq,wwd_gnb8j3_m255,wd,gnblock,block,2,256,3.0,16,m/16 if sigma>0 else 1,none,99.5,per_plane,1,24,"22,27,32,37",4.242869388506665,2.8879716639781834,-8.08669270381744,-6.927678163538251,-11.437839838935586,-13.187919787419775,0.2938024637087741,-9.06393029093774,-13.693302244686814,-15.903079503608915,-18.668064887715243
vvc_rdo_wd_gnb8j3_m255_20260926_004016,wwd_gnb8j3_m255_tau4_rdoq,wwd_gnb8j3_m255,wd,gnblock,block,4,256,3.0,16,m/16 if sigma>0 else 1,none,99.5,per_plane,1,24,"22,27,32,37",2.036280571503917,1.0989381414675166,-6.3826824970307365,-5.515803112462977,-8.916853582196827,-10.384758176919831,-0.7101758642853847,-7.371543233407807,-10.739922125927606,-12.374141501465424,-14.67035643455597
vvc_rdo_wd_gnb8j3_m1_20260926_014851,wwd_gnb8j3_m1_tau0.5_rdoq,wwd_gnb8j3_m1,wd,gnblock,block,0.5,256,3.0,16,m/16 if sigma>0 else 1,none,99.5,per_plane,1,24,"22,27,32,37",5.674542447096434,4.823172746509908,-4.350061939107743,-3.700653404889948,-6.464537697985031,-8.777985561613121,3.1481204076241673,-4.842317086595615,-7.599993468587418,-9.233473206121664,-11.109460681124707
vvc_rdo_wd_gnb8j3_m1_20260926_014851,wwd_gnb8j3_m1_tau1_rdoq,wwd_gnb8j3_m1,wd,gnblock,block,1,256,3.0,16,m/16 if sigma>0 else 1,none,99.5,per_plane,1,24,"22,27,32,37",4.113481282500193,3.342381633991041,-4.492704788801539,-3.855864170424862,-6.506770992575388,-7.942762480447172,1.8445440705529788,-5.259423350340481,-7.705889260774441,-9.187098385791007,-10.997108258178812
vvc_rdo_wd_gnb8j3_m1_20260926_014851,wwd_gnb8j3_m1_tau2_rdoq,wwd_gnb8j3_m1,wd,gnblock,block,2,256,3.0,16,m/16 if sigma>0 else 1,none,99.5,per_plane,1,24,"22,27,32,37",2.537369615145782,1.9013627234370445,-4.465131813527038,-3.7748387046149374,-6.130624398576548,-7.266233404556271,0.657614563010997,-4.755269885391368,-7.114185699551302,-8.364990471664342,-9.958828149617267
vvc_rdo_wd_gnb8j3_m1_20260926_014851,wwd_gnb8j3_m1_tau4_rdoq,wwd_gnb8j3_m1,wd,gnblock,block,4,256,3.0,16,m/16 if sigma>0 else 1,none,99.5,per_plane,1,24,"22,27,32,37",1.327206446055835,0.8641105571072959,-3.624094743108273,-3.1695587291517993,-4.994782495813959,-6.0812448645400545,-0.0200777719065931,-4.060257692168959,-5.884723242229522,-6.838049272780506,-8.157093558671992
vvc_rdo_wd_gnb8j3_m1_20260926_030515,wwd_gnb8j3_m1_tau0.25_rdoq,wwd_gnb8j3_m1,wd,gnblock,block,0.25,256,3.0,16,m/16 if sigma>0 else 1,none,99.5,per_plane,1,24,"22,27,32,37",7.016952535745605,6.102696211315774,-4.074730018771802,-3.454685155734477,-6.030866037246046,-7.8647396775854475,4.302606736617812,-4.700171807219432,-7.419536584482105,-9.193782259840905,-11.194712794781589
vvc_rdo_wd_gnb8j3_m1_20260926_030515,wwd_gnb8j3_m1_tau0.125_rdoq,wwd_gnb8j3_m1,wd,gnblock,block,0.125,256,3.0,16,m/16 if sigma>0 else 1,none,99.5,per_plane,1,24,"22,27,32,37",7.865644947953921,6.902066239536265,-3.790656766687991,-3.1345584159330877,-5.876353468991746,-7.57163126017933,5.005181683592924,-4.298376319020366,-7.261487320315529,-9.08850491322613,-11.059859935015238
vvc_rdo_wd_gnb8j3_m2_20260926_034901,wwd_gnb8j3_m2_tau0.5_rdoq,wwd_gnb8j3_m2,wd,gnblock,block,0.5,256,3.0,16,m/16 if sigma>0 else 1,none,99.5,per_plane,1,24,"22,27,32,37",0.6113462226284135,0.4373265153611796,-0.533022416029565,-0.4591123653297567,-1.401986912641802,-1.9324178127203553,0.09916029817392165,-0.4189374075458885,-1.5973449953274905,-1.8875818194729206,-2.346937013384346
vvc_rdo_wd_gnb8j3_m2_20260926_034901,wwd_gnb8j3_m2_tau1_rdoq,wwd_gnb8j3_m2,wd,gnblock,block,1,256,3.0,16,m/16 if sigma>0 else 1,none,99.5,per_plane,1,24,"22,27,32,37",0.4452176790682494,0.2659963253471065,-0.5932786848612855,-0.5173218411406079,-1.2261288632280534,-1.9253331383051104,-0.07163014166736842,-0.4111576784437932,-1.5758226039432477,-1.8335884811713248,-2.1841366480278404
vvc_rdo_wd_gnb8j3_m2_20260926_034901,wwd_gnb8j3_m2_tau2_rdoq,wwd_gnb8j3_m2,wd,gnblock,block,2,256,3.0,16,m/16 if sigma>0 else 1,none,99.5,per_plane,1,24,"22,27,32,37",0.3149582525592322,0.1463439834917877,-0.5392468267610445,-0.5007801668122702,-1.0540138730730366,-1.7600533410021064,-0.19393887214144237,-0.27991884700681036,-1.508866764952831,-1.7488168070331571,-2.1659261751452306
vvc_rdo_wd_gnb8j3_m2_20260926_034901,wwd_gnb8j3_m2_tau4_rdoq,wwd_gnb8j3_m2,wd,gnblock,block,4,256,3.0,16,m/16 if sigma>0 else 1,none,99.5,per_plane,1,24,"22,27,32,37",0.22770814740452247,0.09697857611101618,-0.48685435822718864,-0.4547733529573795,-1.0244796409264199,-1.4987387040493152,-0.16851128099261795,-0.03283215925709432,-1.2218670611863505,-1.4247512264138382,-1.7980886937059495
vvc_rdo_wd_gnb8j3_m1_20260926_040549,wwd_gnb8j3_m1_tau0.0625_rdoq,wwd_gnb8j3_m1,wd,gnblock,block,0.0625,256,3.0,16,m/16 if sigma>0 else 1,none,99.5,per_plane,1,24,"22,27,32,37",8.451750737710244,7.446573462115478,-3.58638742068224,-3.0280918530278917,-5.397321560844375,-7.507145469026189,5.459970537670756,-4.017687217551916,-7.074638348640243,-8.947547301063562,-11.03750317802202
vvc_rdo_wd_gnb8j3_m1_20260926_040549,wwd_gnb8j3_m1_tau0.03125_rdoq,wwd_gnb8j3_m1,wd,gnblock,block,0.03125,256,3.0,16,m/16 if sigma>0 else 1,none,99.5,per_plane,1,24,"22,27,32,37",8.723702463071367,7.754747128872118,-3.5955363929545414,-2.9712865063780445,-5.3703091044374185,-7.7263171190877395,5.841350717703601,-4.000617932425861,-6.877420289717463,-8.769257418933613,-10.86311352735133
vvc_rdo_wd_gnb8j3_m2_20260926_051503,wwd_gnb8j3_m2_tau0.25_rdoq,wwd_gnb8j3_m2,wd,gnblock,block,0.25,256,3.0,16,m/16 if sigma>0 else 1,none,99.5,per_plane,1,24,"22,27,32,37",0.7654599229219397,0.5591260079713362,-0.6275326135272842,-0.4734954600461583,-1.0625965067036622,-2.732224664492236,0.16742355434826808,-0.24802212549900338,-1.6390714265141824,-1.9379820755882091,-2.2497753331901973
vvc_rdo_wd_gnb8j3_m2_20260926_051503,wwd_gnb8j3_m2_tau0.125_rdoq,wwd_gnb8j3_m2,wd,gnblock,block,0.125,256,3.0,16,m/16 if sigma>0 else 1,none,99.5,per_plane,1,24,"22,27,32,37",0.9028524840346516,0.6934152322949888,-0.5089182064776742,-0.35279154387809303,-1.3974845571827537,-2.427890728463989,0.2881995147847783,-0.6773898318266184,-1.6384498859290522,-1.9574830798017882,-2.379385087977727
vvc_rdo_wd_gnb8j3_m4_20260926_055236,wwd_gnb8j3_m4_tau0.5_rdoq,wwd_gnb8j3_m4,wd,gnblock,block,0.5,256,3.0,16,m/16 if sigma>0 else 1,none,99.5,per_plane,1,24,"22,27,32,37",0.3735192151405345,0.34445188027274387,-0.5748755441304483,-0.5623175495867415,-0.79974158492295,-1.3163689507723115,0.3079027399411918,-0.2928141452236221,-0.6118107762240453,-0.7108605942381575,-0.7369299101123684
vvc_rdo_wd_gnb8j3_m4_20260926_055236,wwd_gnb8j3_m4_tau1_rdoq,wwd_gnb8j3_m4,wd,gnblock,block,1,256,3.0,16,m/16 if sigma>0 else 1,none,99.5,per_plane,1,24,"22,27,32,37",0.2536846267011399,0.2342080871384752,-0.4644763014061734,-0.5037942175587363,-0.39177138792479554,-0.7620603533783226,0.1796238755250266,0.12718603372882434,-0.45957844870186343,-0.5392174776016644,-0.5423657420313722
vvc_rdo_wd_gnb8j3_m4_20260926_055236,wwd_gnb8j3_m4_tau2_rdoq,wwd_gnb8j3_m4,wd,gnblock,block,2,256,3.0,16,m/16 if sigma>0 else 1,none,99.5,per_plane,1,24,"22,27,32,37",0.1329915164550527,0.11830830166680063,-0.609021650210959,-0.5713197030509252,-0.45648112672724,-1.4938171018752675,0.09498385920107082,-0.4283165832061971,-0.5365176668308246,-0.6200952046659158,-0.6723772377368608
vvc_rdo_wd_gnb8j3_m4_20260926_055236,wwd_gnb8j3_m4_tau4_rdoq,wwd_gnb8j3_m4,wd,gnblock,block,4,256,3.0,16,m/16 if sigma>0 else 1,none,99.5,per_plane,1,24,"22,27,32,37",0.04394697203573735,0.03986336010261456,-0.3328579462688626,-0.33926322374749396,-0.36172710722912527,-0.5416518307898007,0.03740151552199117,-0.10637416931085913,-0.39511034872842427,-0.45325218441521575,-0.5270889699913207
vvc_rdo_wd_gnb8j3_m2_20260926_061711,wwd_gnb8j3_m2_tau0.0625_rdoq,wwd_gnb8j3_m2,wd,gnblock,block,0.0625,256,3.0,16,m/16 if sigma>0 else 1,none,99.5,per_plane,1,24,"22,27,32,37",0.9512791860480226,0.7351609159791948,-0.508518109847246,-0.3836701059296228,-1.2514322434522238,-2.562586490831539,0.3321513595800199,-0.4639315523075375,-1.5574543708599944,-1.8715304447551284,-2.2342574429892994
vvc_rdo_wd_gnb8j3_m2_20260926_061711,wwd_gnb8j3_m2_tau0.03125_rdoq,wwd_gnb8j3_m2,wd,gnblock,block,0.03125,256,3.0,16,m/16 if sigma>0 else 1,none,99.5,per_plane,1,24,"22,27,32,37",1.0032919329051648,0.8017460157576095,-0.3896946398890336,-0.33087412734969784,-1.4912380439746336,-2.8522993267579566,0.4111397698014561,-0.19210608461252324,-1.4924159130711916,-1.7872793411623118,-2.1508904497300105
vvc_rdo_wd_gnb8j3_m4_20260926_072712,wwd_gnb8j3_m4_tau0.25_rdoq,wwd_gnb8j3_m4,wd,gnblock,block,0.25,256,3.0,16,m/16 if sigma>0 else 1,none,99.5,per_plane,1,24,"22,27,32,37",0.3939222785397831,0.4074822504886444,-0.773359585935378,-0.7161975689253683,-0.7173743798752289,-1.3116428991841256,0.45128812812956126,-0.11706115598588925,-0.4722057304952186,-0.5681741949297177,-0.5084001217028783
vvc_rdo_wd_gnb8j3_m4_20260926_072712,wwd_gnb8j3_m4_tau0.125_rdoq,wwd_gnb8j3_m4,wd,gnblock,block,0.125,256,3.0,16,m/16 if sigma>0 else 1,none,99.5,per_plane,1,24,"22,27,32,37",0.5327555726414218,0.5199765053572234,-0.6661063803915092,-0.6653552717760229,-0.4880707439641729,-1.4430909360948663,0.49348420684177846,-0.01609398350328195,-0.5244981109735304,-0.6417303992179694,-0.687973201105789
vvc_rdo_wd_gnb8j3_m8_20260926_075338,wwd_gnb8j3_m8_tau0.5_rdoq,wwd_gnb8j3_m8,wd,gnblock,block,0.5,256,3.0,16,m/16 if sigma>0 else 1,none,99.5,per_plane,1,24,"22,27,32,37",0.6435447044845128,0.624430745700133,0.5273385704456905,0.5246393627678466,0.40404234010947654,0.0837871272063269,0.5801998050799256,0.9113230416535792,0.37268087489312524,0.34240745304907244,0.32253110979423477
vvc_rdo_wd_gnb8j3_m8_20260926_075338,wwd_gnb8j3_m8_tau1_rdoq,wwd_gnb8j3_m8,wd,gnblock,block,1,256,3.0,16,m/16 if sigma>0 else 1,none,99.5,per_plane,1,24,"22,27,32,37",0.45877199071191016,0.4544679642731401,0.4084021508258456,0.3697110706405345,0.16863759664184585,-0.4002371136483047,0.4481853945856808,0.6418421276132925,0.2990531049121323,0.2668775287279754,0.25439997292229005
vvc_rdo_wd_gnb8j3_m8_20260926_075338,wwd_gnb8j3_m8_tau2_rdoq,wwd_gnb8j3_m8,wd,gnblock,block,2,256,3.0,16,m/16 if sigma>0 else 1,none,99.5,per_plane,1,24,"22,27,32,37",0.27630882331166157,0.2499371281397563,0.2803178028977513,0.1883214263013161,-0.09802505199028959,-0.8548775297406866,0.20666319266254515,0.17192336282550458,0.008486580678137198,-0.027731610057829537,-0.14034929839893498
vvc_rdo_wd_gnb8j3_m8_20260926_075338,wwd_gnb8j3_m8_tau4_rdoq,wwd_gnb8j3_m8,wd,gnblock,block,4,256,3.0,16,m/16 if sigma>0 else 1,none,99.5,per_plane,1,24,"22,27,32,37",0.11224627922843076,0.10988751302372785,0.012338598320421149,0.02939272504392289,-0.044144014087911985,-0.8078119699420668,0.0952670452096747,0.28021130147348655,-0.01690902766665429,-0.03706496300215865,-0.05108410663357127
vvc_rdo_wd_gnb8j3_m4_20260926_083002,wwd_gnb8j3_m4_tau0.0625_rdoq,wwd_gnb8j3_m4,wd,gnblock,block,0.0625,256,3.0,16,m/16 if sigma>0 else 1,none,99.5,per_plane,1,24,"22,27,32,37",0.5710932356472243,0.5432478022077802,-0.7711506409210583,-0.6690880080666424,-0.9413784231571052,-1.413907954416348,0.49742151787799305,-0.2300433070947192,-0.6327552366075434,-0.7600756859761342,-0.8187874830423464
vvc_rdo_wd_gnb8j3_m4_20260926_083002,wwd_gnb8j3_m4_tau0.03125_rdoq,wwd_gnb8j3_m4,wd,gnblock,block,0.03125,256,3.0,16,m/16 if sigma>0 else 1,none,99.5,per_plane,1,24,"22,27,32,37",0.560512735237495,0.5329423023729277,-0.7017672795853488,-0.6542900640283525,-0.5383296524611433,-1.1806887954143512,0.5021224663412713,-0.037373555117161304,-0.5594473864050662,-0.6781820149715779,-0.665250562383073
vvc_rdo_wd_gnb8j3_m8_20260926_093517,wwd_gnb8j3_m8_tau0.25_rdoq,wwd_gnb8j3_m8,wd,gnblock,block,0.25,256,3.0,16,m/16 if sigma>0 else 1,none,99.5,per_plane,1,24,"22,27,32,37",0.7335641880152927,0.7223167597138175,0.6419314188117461,0.5734582073323696,0.19983711167802834,-0.1440814602023097,0.7197951440549337,1.020070945396577,0.4864254888747139,0.45567017453239655,0.4228733119035895
vvc_rdo_wd_gnb8j3_m8_20260926_093517,wwd_gnb8j3_m8_tau0.125_rdoq,wwd_gnb8j3_m8,wd,gnblock,block,0.125,256,3.0,16,m/16 if sigma>0 else 1,none,99.5,per_plane,1,24,"22,27,32,37",0.8103491996975706,0.7955156330318429,0.6661785261623184,0.6430421881034561,0.4455937135661748,0.15758420520533556,0.7822870890049684,1.0444935891773242,0.5861114990434998,0.5636703236629843,0.5622470930115183
vvc_rdo_wd_gnb8j3_m16_20260926_095824,wwd_gnb8j3_m16_tau0.5_rdoq,wwd_gnb8j3_m16,wd,gnblock,block,0.5,256,3.0,16,m/16 if sigma>0 else 1,none,99.5,per_plane,1,24,"22,27,32,37",0.7526814070936853,0.7434072355508183,-1.55649420794042,-1.3129025855407077,-1.1784212412376427,-2.0304834188938354,0.7125640624768828,0.014663791890906053,-1.2892872251223084,-1.5632256384890855,-1.8057587695341593
vvc_rdo_wd_gnb8j3_m16_20260926_095824,wwd_gnb8j3_m16_tau1_rdoq,wwd_gnb8j3_m16,wd,gnblock,block,1,256,3.0,16,m/16 if sigma>0 else 1,none,99.5,per_plane,1,24,"22,27,32,37",0.5006410663166668,0.513512314854316,-1.5574689721522912,-1.3518540157222747,-1.0536211440395533,-1.712931503266037,0.5333149260408222,0.05911667483416383,-1.057075295528614,-1.2598342503832847,-1.4191164366164264
vvc_rdo_wd_gnb8j3_m16_20260926_095824,wwd_gnb8j3_m16_tau2_rdoq,wwd_gnb8j3_m16,wd,gnblock,block,2,256,3.0,16,m/16 if sigma>0 else 1,none,99.5,per_plane,1,24,"22,27,32,37",0.28696338057908793,0.2990036613379543,-1.3447050252835346,-1.2117449441766268,-0.6594721475421875,-0.7562195304156337,0.31593225013543946,0.04510677828757128,-0.9724326952990913,-1.1479821590859576,-1.3061428400788255
vvc_rdo_wd_gnb8j3_m16_20260926_095824,wwd_gnb8j3_m16_tau4_rdoq,wwd_gnb8j3_m16,wd,gnblock,block,4,256,3.0,16,m/16 if sigma>0 else 1,none,99.5,per_plane,1,24,"22,27,32,37",0.12696408001250845,0.14990721179365998,-1.0924630353242624,-0.9360344532595595,-0.5566530660127809,-1.3444400663407399,0.19379610588320476,0.43497683128043146,-0.8108574674831365,-0.9451608479722323,-1.0573085134328182
vvc_rdo_wd_gnb8j3_m8_20260926_103229,wwd_gnb8j3_m8_tau0.0625_rdoq,wwd_gnb8j3_m8,wd,gnblock,block,0.0625,256,3.0,16,m/16 if sigma>0 else 1,none,99.5,per_plane,1,24,"22,27,32,37",0.8755806745681743,0.8384874722526211,0.6209083424348667,0.6421902239075868,0.3417209517024562,-0.23090594572047066,0.7836971238612739,1.0964348977313192,0.4724643295962459,0.43197745765899365,0.4061529684872884
vvc_rdo_wd_gnb8j3_m8_20260926_103229,wwd_gnb8j3_m8_tau0.03125_rdoq,wwd_gnb8j3_m8,wd,gnblock,block,0.03125,256,3.0,16,m/16 if sigma>0 else 1,none,99.5,per_plane,1,24,"22,27,32,37",0.9467115377794905,0.9019753471221793,0.7901970946925824,0.7172225362867038,0.5568669066283816,-0.2772079608115993,0.8138807096076913,1.0840725006532121,0.5035057148806231,0.44842113764139535,0.433896826152165
vvc_rdo_wd_gnb8j3_m16_20260926_114359,wwd_gnb8j3_m16_tau0.25_rdoq,wwd_gnb8j3_m16,wd,gnblock,block,0.25,256,3.0,16,m/16 if sigma>0 else 1,none,99.5,per_plane,1,24,"22,27,32,37",0.9364784347829244,0.9082323520608773,-1.6491579471981461,-1.4390485018335344,-1.3422674051580925,-2.7031937458976993,0.8837960699014028,-0.053514760599830215,-1.3444722540789318,-1.631679897111648,-1.8245909106736597
vvc_rdo_wd_gnb8j3_m16_20260926_114359,wwd_gnb8j3_m16_tau0.125_rdoq,wwd_gnb8j3_m16,wd,gnblock,block,0.125,256,3.0,16,m/16 if sigma>0 else 1,none,99.5,per_plane,1,24,"22,27,32,37",1.0578322260736184,1.0350901928864082,-1.6136988037691549,-1.4172687433724072,-1.0298298348185797,-1.971397169033023,0.9903865765221443,-0.08674871328075288,-1.254383880481703,-1.549999337496218,-1.7545898862523017
vvc_rdo_wd_gnb8j3_m32_20260926_115849,wwd_gnb8j3_m32_tau0.5_rdoq,wwd_gnb8j3_m32,wd,gnblock,block,0.5,256,3.0,16,m/16 if sigma>0 else 1,none,99.5,per_plane,1,24,"22,27,32,37",0.4964583738889787,0.4532906419966602,0.1414107384962171,0.14022188998662338,-0.25072260396075546,-0.5973437278096044,0.3951639275961094,0.5816538765939331,0.01324685138749578,-0.026975524046495464,0.0571394812682933
vvc_rdo_wd_gnb8j3_m32_20260926_115849,wwd_gnb8j3_m32_tau1_rdoq,wwd_gnb8j3_m32,wd,gnblock,block,1,256,3.0,16,m/16 if sigma>0 else 1,none,99.5,per_plane,1,24,"22,27,32,37",0.29944518739528314,0.2782142357219408,-0.018070794907559345,-0.016519193503368446,-0.01810265150946529,-0.8219281256429789,0.25865004474057335,0.41735876182560916,-0.13439768262394672,-0.1886833838601262,-0.17173021781131256
vvc_rdo_wd_gnb8j3_m32_20260926_115849,wwd_gnb8j3_m32_tau2_rdoq,wwd_gnb8j3_m32,wd,gnblock,block,2,256,3.0,16,m/16 if sigma>0 else 1,none,99.5,per_plane,1,24,"22,27,32,37",0.18292167624251868,0.13830055956872098,-0.03932762562061746,-0.04781720128975477,0.006058264506815052,-0.4117034808487847,0.05977772105080168,0.15888778710499477,-0.2706134683112404,-0.33343598868845103,-0.4228157409285305
vvc_rdo_wd_gnb8j3_m32_20260926_115849,wwd_gnb8j3_m32_tau4_rdoq,wwd_gnb8j3_m32,wd,gnblock,block,4,256,3.0,16,m/16 if sigma>0 else 1,none,99.5,per_plane,1,24,"22,27,32,37",0.11407411387459644,0.10995694009684152,0.004530921586082722,-0.05658405555984033,-0.23110669873123482,-0.407384826841338,0.11772125707778386,0.18125891327009325,-0.024324511630367345,-0.042472246137877555,0.02259259291250426
vvc_rdo_wd_gnb8j3_m16_20260926_124807,wwd_gnb8j3_m16_tau0.0625_rdoq,wwd_gnb8j3_m16,wd,gnblock,block,0.0625,256,3.0,16,m/16 if sigma>0 else 1,none,99.5,per_plane,1,24,"22,27,32,37",1.1244094669482405,1.0961537214034627,-1.6094131849755569,-1.368972821872761,-1.4721688822916865,-1.865883460270062,1.0577442228510814,-0.05554280764095235,-1.3554152457664392,-1.6805941308864536,-1.9291492312688316
vvc_rdo_wd_gnb8j3_m16_20260926_124807,wwd_gnb8j3_m16_tau0.03125_rdoq,wwd_gnb8j3_m16,wd,gnblock,block,0.03125,256,3.0,16,m/16 if sigma>0 else 1,none,99.5,per_plane,1,24,"22,27,32,37",1.2082083239051697,1.1839214585191455,-1.592593430213278,-1.340914854917217,-1.4366151586535827,-2.1588175410555936,1.153631037484921,0.13403258746303207,-1.2177349810660427,-1.5255706064064476,-1.7392957432220746
vvc_rdo_wd_gnb8j3_m32_20260926_140237,wwd_gnb8j3_m32_tau0.25_rdoq,wwd_gnb8j3_m32,wd,gnblock,block,0.25,256,3.0,16,m/16 if sigma>0 else 1,none,99.5,per_plane,1,24,"22,27,32,37",0.6316254024081471,0.5793560521784072,0.13782174929780067,0.12539881764963937,-0.04103492437458659,-0.701558548890573,0.4654704925064826,0.5236963052791079,-0.08176001210587804,-0.16175827759777792,-0.2183782032123961
vvc_rdo_wd_gnb8j3_m32_20260926_140237,wwd_gnb8j3_m32_tau0.125_rdoq,wwd_gnb8j3_m32,wd,gnblock,block,0.125,256,3.0,16,m/16 if sigma>0 else 1,none,99.5,per_plane,1,24,"22,27,32,37",0.8078066977413044,0.7538818962565937,0.1594642945937317,0.15067188669042747,0.2302567609910914,-0.7276850082431174,0.6697481577427786,0.795164394696284,0.1420026914705913,0.08125456707414973,0.05158183770304405
vvc_rdo_wd_gnb8j3_m64_20260926_141131,wwd_gnb8j3_m64_tau0.5_rdoq,wwd_gnb8j3_m64,wd,gnblock,block,0.5,256,3.0,16,m/16 if sigma>0 else 1,none,99.5,per_plane,1,24,"22,27,32,37",0.3165394536787103,-0.06712683402840675,0.2982064789924123,0.28474799607390117,-0.8166406285824787,-1.5834997713453633,-0.8613592863513144,-0.7468379308347789,-2.1049115327745445,-2.405449737975382,-2.916472093081964
vvc_rdo_wd_gnb8j3_m64_20260926_141131,wwd_gnb8j3_m64_tau1_rdoq,wwd_gnb8j3_m64,wd,gnblock,block,1,256,3.0,16,m/16 if sigma>0 else 1,none,99.5,per_plane,1,24,"22,27,32,37",0.28055947972502465,-0.08338399726410493,0.25809581511225255,0.23043996129606067,-0.7072755102262217,-1.0499733237394315,-0.8250262014015523,-0.7809931587375983,-1.986009221066526,-2.2698020834448656,-2.843773940207956
vvc_rdo_wd_gnb8j3_m64_20260926_141131,wwd_gnb8j3_m64_tau2_rdoq,wwd_gnb8j3_m64,wd,gnblock,block,2,256,3.0,16,m/16 if sigma>0 else 1,none,99.5,per_plane,1,24,"22,27,32,37",0.17559397502278964,-0.10548381546668882,0.2039566505369975,0.11900902175832478,-0.4354008445840311,-0.9729114268557724,-0.6730604700558116,-0.6528001174766332,-1.5824911294852149,-1.8080162529433939,-2.2817679774214192
vvc_rdo_wd_gnb8j3_m64_20260926_141131,wwd_gnb8j3_m64_tau4_rdoq,wwd_gnb8j3_m64,wd,gnblock,block,4,256,3.0,16,m/16 if sigma>0 else 1,none,99.5,per_plane,1,24,"22,27,32,37",0.12777614579028013,-0.09705427072689797,0.12668741020096796,0.09447797672265529,-0.5385490559396447,-1.0657581946310186,-0.5382656968644947,-0.5108194305114754,-1.2693344076480673,-1.4350081775787338,-1.7045130853350916
vvc_rdo_wd_gnb8j3_m32_20260926_150801,wwd_gnb8j3_m32_tau0.0625_rdoq,wwd_gnb8j3_m32,wd,gnblock,block,0.0625,256,3.0,16,m/16 if sigma>0 else 1,none,99.5,per_plane,1,24,"22,27,32,37",0.9035716207258894,0.8484833852792936,0.2963127252138163,0.25199266975491075,0.2697480042908142,-0.5617679628474823,0.7532916719618532,0.6346806060115205,0.11074433958538077,0.02531902930683616,0.020658415713107243
vvc_rdo_wd_gnb8j3_m32_20260926_150801,wwd_gnb8j3_m32_tau0.03125_rdoq,wwd_gnb8j3_m32,wd,gnblock,block,0.03125,256,3.0,16,m/16 if sigma>0 else 1,none,99.5,per_plane,1,24,"22,27,32,37",1.0026217318885893,0.9317098160372655,0.299864508541083,0.3492019487206339,0.15040742145587954,-0.30718323434692013,0.8089269340584302,0.8148119654160711,0.16727371440181246,0.0876905916755132,0.037253828004869816
vvc_rdo_wd_gnb8j3_m64_20260926_162821,wwd_gnb8j3_m64_tau0.25_rdoq,wwd_gnb8j3_m64,wd,gnblock,block,0.25,256,3.0,16,m/16 if sigma>0 else 1,none,99.5,per_plane,1,24,"22,27,32,37",0.336511894737294,-0.0983039348614508,0.2386602368453348,0.21931099176904456,-0.8883595851990496,-1.500753009922658,-0.9788319676007374,-0.944002333368335,-2.3568596653165574,-2.6958873694875756,-3.315753213959843
vvc_rdo_wd_gnb8j3_m64_20260926_162821,wwd_gnb8j3_m64_tau0.125_rdoq,wwd_gnb8j3_m64,wd,gnblock,block,0.125,256,3.0,16,m/16 if sigma>0 else 1,none,99.5,per_plane,1,24,"22,27,32,37",0.3681709427848882,-0.04406721036544584,0.3589012942589167,0.26645382849268356,-0.7077625596008095,-1.7468717020826112,-0.9158136286962812,-0.9791735870930801,-2.312316357180931,-2.65816737129115,-3.263220200445111
vvc_rdo_wd_gnb8j3_m128_20260926_163323,wwd_gnb8j3_m128_tau0.5_rdoq,wwd_gnb8j3_m128,wd,gnblock,block,0.5,256,3.0,16,m/16 if sigma>0 else 1,none,99.5,per_plane,1,24,"22,27,32,37",1.0451693795139734,0.8060375722964604,-1.6925726136518218,-1.4534650077198208,-1.49262533057546,-1.8081062930715792,0.39685074354174993,-1.3365614042136569,-1.9746954263576508,-2.3135237051480257,-2.705127521369704
vvc_rdo_wd_gnb8j3_m128_20260926_163323,wwd_gnb8j3_m128_tau1_rdoq,wwd_gnb8j3_m128,wd,gnblock,block,1,256,3.0,16,m/16 if sigma>0 else 1,none,99.5,per_plane,1,24,"22,27,32,37",0.440250743007059,0.2927456394017998,-1.3055448599326709,-1.1741634465287605,-1.4211098407269211,-1.851503461363147,0.04722790027398097,-1.2035929498139701,-1.7041490877053034,-1.9601001909221967,-2.285411461452753
vvc_rdo_wd_gnb8j3_m128_20260926_163323,wwd_gnb8j3_m128_tau2_rdoq,wwd_gnb8j3_m128,wd,gnblock,block,2,256,3.0,16,m/16 if sigma>0 else 1,none,99.5,per_plane,1,24,"22,27,32,37",0.18234027981951137,0.07792711237263328,-0.8737438670125108,-0.8095823787766369,-0.9057751464033804,-1.248718529266996,-0.10312870581476082,-0.5411511612244874,-1.2618518910005543,-1.4450498522058564,-1.7456733462611742
vvc_rdo_wd_gnb8j3_m128_20260926_163323,wwd_gnb8j3_m128_tau4_rdoq,wwd_gnb8j3_m128,wd,gnblock,block,4,256,3.0,16,m/16 if sigma>0 else 1,none,99.5,per_plane,1,24,"22,27,32,37",0.0411919305532323,-0.015109811541280197,-0.5719278949544978,-0.5434363822985502,-0.863841966877236,-0.7559994139615794,-0.12240663637440076,-0.37571156522841903,-0.7993451918684618,-0.9047473885536927,-1.0148609013520575
vvc_rdo_wd_gnb8j3_m64_20260926_174325,wwd_gnb8j3_m64_tau0.0625_rdoq,wwd_gnb8j3_m64,wd,gnblock,block,0.0625,256,3.0,16,m/16 if sigma>0 else 1,none,99.5,per_plane,1,24,"22,27,32,37",0.3842327574812084,-0.059965855361480504,0.3675238945942563,0.36496610327745405,-0.7830050939819593,-1.044696976165528,-0.9997666347349803,-0.7188277357800782,-2.3637830765709773,-2.705463660421088,-3.3107150479872463
vvc_rdo_wd_gnb8j3_m64_20260926_174325,wwd_gnb8j3_m64_tau0.03125_rdoq,wwd_gnb8j3_m64,wd,gnblock,block,0.03125,256,3.0,16,m/16 if sigma>0 else 1,none,99.5,per_plane,1,24,"22,27,32,37",0.37739614967110163,-0.04601356326183562,0.2958767998335267,0.24849939374883787,-0.8147531640536766,-1.4509338985313824,-0.9180500259990251,-0.8255136238523008,-2.2571136537056127,-2.5917459560072964,-3.2131544062308954
vvc_rdo_wd_gnb8j3_m128_20260926_190007,wwd_gnb8j3_m128_tau0.25_rdoq,wwd_gnb8j3_m128,wd,gnblock,block,0.25,256,3.0,16,m/16 if sigma>0 else 1,none,99.5,per_plane,1,24,"22,27,32,37",1.981796403096815,1.6488554370882103,-1.8512547656877165,-1.5728409370694691,-1.4382437940210349,-1.2238549648436308,1.070902762260025,-1.027802463170074,-2.2243896822915845,-2.6733985476536795,-3.143466939896985
vvc_rdo_wd_gnb8j3_m128_20260926_190007,wwd_gnb8j3_m128_tau0.125_rdoq,wwd_gnb8j3_m128,wd,gnblock,block,0.125,256,3.0,16,m/16 if sigma>0 else 1,none,99.5,per_plane,1,24,"22,27,32,37",3.085239425656434,2.611902156694652,-1.9455234254437492,-1.6071008446969977,-1.2812294682321512,-0.8265897427968937,1.8142253501411243,-1.5508179804610644,-2.3871411834304648,-2.946397584995129,-3.5202666553149373
vvc_rdo_wd_gnb8j3_m254_20260926_190419,wwd_gnb8j3_m254_tau0.5_rdoq,wwd_gnb8j3_m254,wd,gnblock,block,0.5,256,3.0,16,m/16 if sigma>0 else 1,none,99.5,per_plane,1,24,"22,27,32,37",4.323032295945181,3.402981271287352,-5.429681287428221,-4.622987572474674,-7.564754062123179,-9.616035329108637,1.6509049550690555,-4.075814220838265,-8.74765404792323,-10.306334308114677,-12.339536995247625
vvc_rdo_wd_gnb8j3_m254_20260926_190419,wwd_gnb8j3_m254_tau1_rdoq,wwd_gnb8j3_m254,wd,gnblock,block,1,256,3.0,16,m/16 if sigma>0 else 1,none,99.5,per_plane,1,24,"22,27,32,37",2.5927330394769537,1.9170067960199866,-4.874426140179633,-4.129026213556975,-6.536078863069519,-8.46511865817039,0.6102304745705195,-3.5204789347573495,-7.572231332223353,-8.839328232079408,-10.597940573293917
vvc_rdo_wd_gnb8j3_m254_20260926_190419,wwd_gnb8j3_m254_tau2_rdoq,wwd_gnb8j3_m254,wd,gnblock,block,2,256,3.0,16,m/16 if sigma>0 else 1,none,99.5,per_plane,1,24,"22,27,32,37",1.4255726193404057,0.901813308081754,-4.019310973649168,-3.4022446378168865,-5.401596325523613,-6.673731309546819,-0.14751110415259366,-2.980759914162475,-6.374161539932146,-7.381956906010565,-8.956584753013386
vvc_rdo_wd_gnb8j3_m254_20260926_190419,wwd_gnb8j3_m254_tau4_rdoq,wwd_gnb8j3_m254,wd,gnblock,block,4,256,3.0,16,m/16 if sigma>0 else 1,none,99.5,per_plane,1,24,"22,27,32,37",0.646721449918101,0.24224724699490885,-3.219429733956582,-2.72732872351108,-4.06869541924603,-4.675459728999331,-0.5499777250373775,-2.3770213101192357,-4.97276675113046,-5.703276630787587,-6.792591819813036
vvc_rdo_wd_gnb8j3_m128_20260926_201316,wwd_gnb8j3_m128_tau0.0625_rdoq,wwd_gnb8j3_m128,wd,gnblock,block,0.0625,256,3.0,16,m/16 if sigma>0 else 1,none,99.5,per_plane,1,24,"22,27,32,37",4.015948983215215,3.468224563804084,-2.0334781182622987,-1.6797348970108839,-1.1162391430585699,-0.7807601991421188,2.524417856702204,-1.6659835812055779,-2.4172981604129187,-3.0589733419622434,-3.740320369402159
vvc_rdo_wd_gnb8j3_m128_20260926_201316,wwd_gnb8j3_m128_tau0.03125_rdoq,wwd_gnb8j3_m128,wd,gnblock,block,0.03125,256,3.0,16,m/16 if sigma>0 else 1,none,99.5,per_plane,1,24,"22,27,32,37",4.689318538127661,4.088773118504875,-1.879464098243817,-1.601193502218034,-1.0047813625450563,-0.30722090768751503,3.0739012216781347,-1.1582728142932772,-2.348260373922755,-3.0090388448741394,-3.61622000523183
vvc_rdo_wd_gnb8j3_m254_20260926_213458,wwd_gnb8j3_m254_tau0.25_rdoq,wwd_gnb8j3_m254,wd,gnblock,block,0.25,256,3.0,16,m/16 if sigma>0 else 1,none,99.5,per_plane,1,24,"22,27,32,37",6.358749485703545,5.223761561967476,-5.94579680966896,-4.908377808376961,-8.339001407608086,-10.784773839612349,3.1011037684960976,-4.280259286999514,-9.47640433459979,-11.285738243147497,-13.485054861053007
vvc_rdo_wd_gnb8j3_m254_20260926_213458,wwd_gnb8j3_m254_tau0.125_rdoq,wwd_gnb8j3_m254,wd,gnblock,block,0.125,256,3.0,16,m/16 if sigma>0 else 1,none,99.5,per_plane,1,24,"22,27,32,37",8.387436683268284,7.061100592698808,-6.310037036675506,-5.130283437398504,-8.944803655459081,-10.865291764053971,4.609762917819076,-4.623982396165143,-9.844102422718132,-11.85431011649243,-14.196064800163995
vvc_rdo_wd_gnb8j3_m253_20260926_213830,wwd_gnb8j3_m253_tau0.5_rdoq,wwd_gnb8j3_m253,wd,gnblock,block,0.5,256,3.0,16,m/16 if sigma>0 else 1,none,99.5,per_plane,1,24,"22,27,32,37",11.798849096974244,9.69132403188277,-8.901778175974655,-7.338021982704816,-12.777909691047432,-14.024600398166777,5.74128096523143,-10.18331005955527,-15.988246619067603,-19.179422069320847,-22.47840831902688
vvc_rdo_wd_gnb8j3_m253_20260926_213830,wwd_gnb8j3_m253_tau1_rdoq,wwd_gnb8j3_m253,wd,gnblock,block,1,256,3.0,16,m/16 if sigma>0 else 1,none,99.5,per_plane,1,24,"22,27,32,37",7.319083384924094,5.674543595712774,-8.461735310341192,-7.157805645020363,-12.247738887965435,-13.975381263110641,2.564767206279581,-9.967185687897688,-14.795609707955299,-17.43999108585974,-20.41089947897576
vvc_rdo_wd_gnb8j3_m253_20260926_213830,wwd_gnb8j3_m253_tau2_rdoq,wwd_gnb8j3_m253,wd,gnblock,block,2,256,3.0,16,m/16 if sigma>0 else 1,none,99.5,per_plane,1,24,"22,27,32,37",3.9658655917685475,2.7569906380363265,-7.527261189217971,-6.395894858416555,-10.410436467401688,-11.35516158883995,0.44309465520735164,-8.315444617508795,-12.491952332520667,-14.517054710971573,-17.032104490690607
vvc_rdo_wd_gnb8j3_m253_20260926_213830,wwd_gnb8j3_m253_tau4_rdoq,wwd_gnb8j3_m253,wd,gnblock,block,4,256,3.0,16,m/16 if sigma>0 else 1,none,99.5,per_plane,1,24,"22,27,32,37",1.8529487684409183,1.0385031174481354,-5.846591852712968,-5.0531717318890825,-8.006723055482526,-9.157510184107577,-0.5074249935369253,-6.586023650556669,-9.495312190512374,-10.936821218538284,-12.885450555774758
vvc_rdo_wd_gnb8j3_m251_20260926_230501,wwd_gnb8j3_m251_tau0.5_rdoq,wwd_gnb8j3_m251,wd,gnblock,block,0.5,256,3.0,16,m/16 if sigma>0 else 1,none,99.5,per_plane,1,24,"22,27,32,37",11.941169761837523,9.7342882754065,-9.231119246705545,-7.73667016177037,-13.461624312361373,-14.843612505606027,5.526435199813261,-10.661288209410076,-16.967515794514043,-20.316256053428063,-23.97491647229729
vvc_rdo_wd_gnb8j3_m251_20260926_230501,wwd_gnb8j3_m251_tau1_rdoq,wwd_gnb8j3_m251,wd,gnblock,block,1,256,3.0,16,m/16 if sigma>0 else 1,none,99.5,per_plane,1,24,"22,27,32,37",7.481594043867393,5.675664784815125,-8.745385820832842,-7.453965852379071,-12.509187908518205,-13.882929828157534,2.2453964255142127,-10.332961085292144,-15.772121607329959,-18.556197636457696,-21.77475621000488
vvc_rdo_wd_gnb8j3_m251_20260926_230501,wwd_gnb8j3_m251_tau2_rdoq,wwd_gnb8j3_m251,wd,gnblock,block,2,256,3.0,16,m/16 if sigma>0 else 1,none,99.5,per_plane,1,24,"22,27,32,37",4.111490784370205,2.7531847397673452,-7.6728099849860945,-6.5430473442309465,-11.03432163968092,-12.340730826217586,0.1574153814800148,-8.836103604487517,-13.464051379343987,-15.649918180882507,-18.486816514751062
vvc_rdo_wd_gnb8j3_m251_20260926_230501,wwd_gnb8j3_m251_tau4_rdoq,wwd_gnb8j3_m251,wd,gnblock,block,4,256,3.0,16,m/16 if sigma>0 else 1,none,99.5,per_plane,1,24,"22,27,32,37",2.0080530203012685,1.0700714150535353,-6.14335792553327,-5.32758644549193,-8.701016817305815,-10.044388660282506,-0.7339900974682009,-6.91135125911105,-10.434256290570998,-12.033598782821608,-14.232343596433665
vvc_rdo_wd_gnb8j3_m247_20260927_002737,wwd_gnb8j3_m247_tau0.5_rdoq,wwd_gnb8j3_m247,wd,gnblock,block,0.5,256,3.0,16,m/16 if sigma>0 else 1,none,99.5,per_plane,1,24,"22,27,32,37",12.060150455355005,9.789404731084707,-9.491700104387503,-7.88257586828356,-13.725143542919382,-15.905433203918014,5.482224288551255,-10.250235782413316,-17.2346346511864,-20.583832578124856,-24.024856961214834
vvc_rdo_wd_gnb8j3_m247_20260927_002737,wwd_gnb8j3_m247_tau1_rdoq,wwd_gnb8j3_m247,wd,gnblock,block,1,256,3.0,16,m/16 if sigma>0 else 1,none,99.5,per_plane,1,24,"22,27,32,37",7.513212139904667,5.693407405443227,-8.88133567627783,-7.514531316500405,-12.658881706457953,-14.640326094822457,2.2204551805553403,-9.497038958407868,-15.968360526916308,-18.767226381699412,-21.871690500701998
vvc_rdo_wd_gnb8j3_m247_20260927_002737,wwd_gnb8j3_m247_tau2_rdoq,wwd_gnb8j3_m247,wd,gnblock,block,2,256,3.0,16,m/16 if sigma>0 else 1,none,99.5,per_plane,1,24,"22,27,32,37",4.11587276865998,2.7390986838783085,-7.9839955795955655,-6.6634931263686354,-10.921775344899643,-12.08410496524231,0.09153078260489232,-8.641572937590094,-13.708364243206384,-15.91001545246669,-18.651654603048094
vvc_rdo_wd_gnb8j3_m247_20260927_002737,wwd_gnb8j3_m247_tau4_rdoq,wwd_gnb8j3_m247,wd,gnblock,block,4,256,3.0,16,m/16 if sigma>0 else 1,none,99.5,per_plane,1,24,"22,27,32,37",1.999535924781328,1.0591283361901598,-6.351144151838402,-5.406614224672869,-8.836727401358068,-10.051584753409566,-0.750006113923433,-6.505720655223782,-10.582311365188263,-12.197624394847551,-14.453337865143375
vvc_rdo_wd_gnb8j3_m239_20260927_015325,wwd_gnb8j3_m239_tau0.5_rdoq,wwd_gnb8j3_m239,wd,gnblock,block,0.5,256,3.0,16,m/16 if sigma>0 else 1,none,99.5,per_plane,1,24,"22,27,32,37",11.145248419556074,8.901694468032373,-7.486913670774707,-6.449569407977467,-12.305432969547683,-13.830653001130095,4.616806690714995,-10.997186905631779,-16.045806218865454,-19.19118254956609,-22.71599599040192
vvc_rdo_wd_gnb8j3_m239_20260927_015325,wwd_gnb8j3_m239_tau1_rdoq,wwd_gnb8j3_m239,wd,gnblock,block,1,256,3.0,16,m/16 if sigma>0 else 1,none,99.5,per_plane,1,24,"22,27,32,37",7.044483123066885,5.238454322059067,-7.3198853989876405,-6.318036611345494,-11.655714135719949,-13.69267762609936,1.7842695311595422,-10.160450370321717,-14.935162006608024,-17.55648895147296,-20.740567621065768
vvc_rdo_wd_gnb8j3_m239_20260927_015325,wwd_gnb8j3_m239_tau2_rdoq,wwd_gnb8j3_m239,wd,gnblock,block,2,256,3.0,16,m/16 if sigma>0 else 1,none,99.5,per_plane,1,24,"22,27,32,37",3.9550889667904006,2.600302955600799,-6.63620953727353,-5.788801528011149,-10.27118135939926,-11.225353586618107,-0.012382697192130088,-8.986523829423916,-12.799830293286641,-14.880951205157992,-17.645636356662965
vvc_rdo_wd_gnb8j3_m239_20260927_015325,wwd_gnb8j3_m239_tau4_rdoq,wwd_gnb8j3_m239,wd,gnblock,block,4,256,3.0,16,m/16 if sigma>0 else 1,none,99.5,per_plane,1,24,"22,27,32,37",1.877880981067794,0.9400588059169138,-5.392420156876696,-4.7052905461109376,-8.250764423357193,-9.820299079126572,-0.8966620871772056,-7.088660569880742,-9.970638223293626,-11.497724762641559,-13.678016440845013
vvc_rdo_wd_gnb8j3_m223_20260927_031613,wwd_gnb8j3_m223_tau0.5_rdoq,wwd_gnb8j3_m223,wd,gnblock,block,0.5,256,3.0,16,m/16 if sigma>0 else 1,none,99.5,per_plane,1,24,"22,27,32,37",12.91595099265489,10.616139132789028,-9.298485701898114,-7.559440109695276,-13.785717911085163,-15.938684962571699,6.2583014005987065,-10.288766704014272,-17.046947048281584,-20.47668812494553,-23.968566535072394
vvc_rdo_wd_gnb8j3_m223_20260927_031613,wwd_gnb8j3_m223_tau1_rdoq,wwd_gnb8j3_m223,wd,gnblock,block,1,256,3.0,16,m/16 if sigma>0 else 1,none,99.5,per_plane,1,24,"22,27,32,37",8.037054657213199,6.2259968178300875,-8.724763752517802,-7.2154203327592485,-12.777490645366328,-14.45610242294014,2.785940411261066,-9.79713279673341,-15.686075020133364,-18.50122524277066,-21.67312666256329
vvc_rdo_wd_gnb8j3_m223_20260927_031613,wwd_gnb8j3_m223_tau2_rdoq,wwd_gnb8j3_m223,wd,gnblock,block,2,256,3.0,16,m/16 if sigma>0 else 1,none,99.5,per_plane,1,24,"22,27,32,37",4.418035309276591,3.064745946019309,-7.568738092587517,-6.350579936541713,-10.959346082359252,-12.504965809005197,0.4738729756478275,-8.486885773031398,-13.299040198372495,-15.481855811462268,-18.25423648696997
vvc_rdo_wd_gnb8j3_m223_20260927_031613,wwd_gnb8j3_m223_tau4_rdoq,wwd_gnb8j3_m223,wd,gnblock,block,4,256,3.0,16,m/16 if sigma>0 else 1,none,99.5,per_plane,1,24,"22,27,32,37",2.100420398061282,1.1606584546300351,-6.054082141302797,-5.186812554979545,-8.661982339574687,-9.726202472151021,-0.6539545168139574,-6.893646790336966,-10.46259798680425,-12.065039699125142,-14.284688332285535
vvc_rdo_wd_gnb8j3_m191_20260927_042913,wwd_gnb8j3_m191_tau0.5_rdoq,wwd_gnb8j3_m191,wd,gnblock,block,0.5,256,3.0,16,m/16 if sigma>0 else 1,none,99.5,per_plane,1,24,"22,27,32,37",11.387055434900972,9.904903321368161,-10.5243184046099,-8.92489356846893,-12.602616476145615,-13.504055270912254,7.168783542573621,-9.182572070537335,-13.240416144354688,-16.035503817808642,-19.099381222622544
vvc_rdo_wd_gnb8j3_m191_20260927_042913,wwd_gnb8j3_m191_tau1_rdoq,wwd_gnb8j3_m191,wd,gnblock,block,1,256,3.0,16,m/16 if sigma>0 else 1,none,99.5,per_plane,1,24,"22,27,32,37",7.03137549408666,5.891315187462488,-9.803289418876389,-8.414911424177903,-11.672559098615409,-12.510828514573491,3.7430384961018444,-8.71883828814982,-12.516207093764548,-14.841319177547648,-17.50952803542151
vvc_rdo_wd_gnb8j3_m191_20260927_042913,wwd_gnb8j3_m191_tau2_rdoq,wwd_gnb8j3_m191,wd,gnblock,block,2,256,3.0,16,m/16 if sigma>0 else 1,none,99.5,per_plane,1,24,"22,27,32,37",3.783740884208125,2.942285155977442,-8.46843522515107,-7.30374030717896,-10.178871602795267,-11.103244011384595,1.3497430025965027,-7.855226019662261,-11.057155331392282,-12.90638823236943,-15.274216679148148
vvc_rdo_wd_gnb8j3_m191_20260927_042913,wwd_gnb8j3_m191_tau4_rdoq,wwd_gnb8j3_m191,wd,gnblock,block,4,256,3.0,16,m/16 if sigma>0 else 1,none,99.5,per_plane,1,24,"22,27,32,37",1.8237002101222162,1.2308506599669642,-6.647041122703723,-5.720898613025613,-8.161042892269322,-8.893655175557692,0.09137975008451094,-6.291182639740163,-8.902518790143272,-10.292776663282028,-12.257471883553427
vvc_rdo_wd_gnb8j3_m127_20260927_054220,wwd_gnb8j3_m127_tau0.5_rdoq,wwd_gnb8j3_m127,wd,gnblock,block,0.5,256,3.0,16,m/16 if sigma>0 else 1,none,99.5,per_plane,1,24,"22,27,32,37",10.335391856153201,8.33680024392165,-8.213790381383623,-6.820007895442703,-12.035547219106407,-13.754151098735042,4.488616269642289,-10.054862587039993,-15.62127779001719,-18.68659423408606,-22.05917512091585
vvc_rdo_wd_gnb8j3_m127_20260927_054220,wwd_gnb8j3_m127_tau1_rdoq,wwd_gnb8j3_m127,wd,gnblock,block,1,256,3.0,16,m/16 if sigma>0 else 1,none,99.5,per_plane,1,24,"22,27,32,37",6.830767586396687,5.182101528796621,-8.032558742442175,-6.83274388545134,-11.916046348426306,-13.552116443710263,1.990140812267949,-9.822885793050368,-14.716881918435917,-17.341871768539047,-20.46942254249778
vvc_rdo_wd_gnb8j3_m127_20260927_054220,wwd_gnb8j3_m127_tau2_rdoq,wwd_gnb8j3_m127,wd,gnblock,block,2,256,3.0,16,m/16 if sigma>0 else 1,none,99.5,per_plane,1,24,"22,27,32,37",3.892464276147456,2.6320235925371605,-7.385629156913424,-6.254727163091758,-10.60000859984171,-12.261823839758193,0.18258884940515796,-8.452211123777731,-12.863893140263315,-14.966514765357507,-17.655889627804317
vvc_rdo_wd_gnb8j3_m127_20260927_054220,wwd_gnb8j3_m127_tau4_rdoq,wwd_gnb8j3_m127,wd,gnblock,block,4,256,3.0,16,m/16 if sigma>0 else 1,none,99.5,per_plane,1,24,"22,27,32,37",1.9259122993579432,1.01066255306597,-5.931872676144766,-5.060762104974319,-8.402024072949711,-8.90232085041331,-0.7698525462848697,-6.672341469819322,-10.177578188069953,-11.737716847359545,-13.983960853641065
vvc_rdo_ssim_sbh8m256_m255_20260927_065011,wssim_sbh8m256_m255_tau0.5_rdoq,wssim_sbh8m256_m255,ssim,hutchblock,block,0.5,256,0.0,1,m/16 if sigma>0 else 1,none,99.5,per_plane,1,24,"22,27,32,37",19.690168480629012,17.975932468653305,-29.521159781653314,-7.374323907147054,0.7179721064345967,6.646600724918007,15.360585237874666,2.4890818724937422,-1.9816400650268235,-4.584606828083129,-7.546394060435877
vvc_rdo_ssim_sbh8m256_m255_20260927_065011,wssim_sbh8m256_m255_tau1_rdoq,wssim_sbh8m256_m255,ssim,hutchblock,block,1,256,0.0,1,m/16 if sigma>0 else 1,none,99.5,per_plane,1,24,"22,27,32,37",10.764698230580096,9.865732812757166,-25.8563324429268,-8.47480048495141,-1.817021004286622,2.371093881837428,8.527570834701713,-0.5540187126833329,-3.4218179892138885,-5.24478660666147,-7.450525564604296
vvc_rdo_ssim_sbh8m256_m255_20260927_065011,wssim_sbh8m256_m255_tau2_rdoq,wssim_sbh8m256_m255,ssim,hutchblock,block,2,256,0.0,1,m/16 if sigma>0 else 1,none,99.5,per_plane,1,24,"22,27,32,37",5.404681208840848,4.976930866538953,-21.258338228965485,-8.13849152641593,-3.124442883802644,0.7201377290079817,4.380397130214534,-1.5887273469037357,-3.9399054965346227,-5.21345476377348,-6.9833854585682955
vvc_rdo_ssim_sbh8m256_m255_20260927_065011,wssim_sbh8m256_m255_tau4_rdoq,wssim_sbh8m256_m255,ssim,hutchblock,block,4,256,0.0,1,m/16 if sigma>0 else 1,none,99.5,per_plane,1,24,"22,27,32,37",2.3114916135741375,2.165587085271235,-16.0424172890522,-6.9422259506480515,-3.28032125406027,-1.116314244519999,1.981437368068293,-1.98981477061876,-3.5701967821403144,-4.4249025141781475,-5.728309699375823
vvc_rdo_ssim_sbh8m256_m1_20260927_075637,wssim_sbh8m256_m1_tau0.5_rdoq,wssim_sbh8m256_m1,ssim,hutchblock,block,0.5,256,0.0,1,m/16 if sigma>0 else 1,none,99.5,per_plane,1,24,"22,27,32,37",7.189342071930761,6.841866968450229,-14.241441364711457,-3.8629602068442153,1.1337561725092913,2.7466101466817903,6.345131641010802,1.6447894077228071,-0.048579864532140304,-1.0370490074492522,-2.2847517874105523
vvc_rdo_ssim_sbh8m256_m1_20260927_075637,wssim_sbh8m256_m1_tau1_rdoq,wssim_sbh8m256_m1,ssim,hutchblock,block,1,256,0.0,1,m/16 if sigma>0 else 1,none,99.5,per_plane,1,24,"22,27,32,37",5.107793163096015,4.894482868003666,-13.533862231987408,-4.337941838674665,-0.027888685060967606,1.3577059226342107,4.616106354295844,0.718998954945053,-0.7804345423576136,-1.6000338464165516,-2.680329073522866
vvc_rdo_ssim_sbh8m256_m1_20260927_075637,wssim_sbh8m256_m1_tau2_rdoq,wssim_sbh8m256_m1,ssim,hutchblock,block,2,256,0.0,1,m/16 if sigma>0 else 1,none,99.5,per_plane,1,24,"22,27,32,37",3.0529443478280442,2.9334613671500223,-11.919804652239174,-4.469390457674359,-1.0587788297533844,0.7000296582161548,2.777540614417466,-0.12990953789260018,-1.550271874392985,-2.209901242350223,-3.1305007193046053
vvc_rdo_ssim_sbh8m256_m1_20260927_075637,wssim_sbh8m256_m1_tau4_rdoq,wssim_sbh8m256_m1,ssim,hutchblock,block,4,256,0.0,1,m/16 if sigma>0 else 1,none,99.5,per_plane,1,24,"22,27,32,37",1.442257840688448,1.4059283129414863,-9.563104785974728,-4.126269203611771,-1.4872891622306559,-1.2562218797982527,1.3843581526555118,-0.4639325025988475,-1.7372517492952095,-2.2261792571299117,-2.859257693840673
vvc_rdo_ssim_sbh8m256_m1_20260927_090101,wssim_sbh8m256_m1_tau0.25_rdoq,wssim_sbh8m256_m1,ssim,hutchblock,block,0.25,256,0.0,1,m/16 if sigma>0 else 1,none,99.5,per_plane,1,24,"22,27,32,37",8.91620041253433,8.50643769331188,-14.31419362933412,-3.1950328129553216,1.9613497898931687,3.868780687445241,7.903106493818311,2.693857478706993,0.8811537411780382,-0.2075234582094511,-1.6554643596024043
vvc_rdo_ssim_sbh8m256_m1_20260927_090101,wssim_sbh8m256_m1_tau0.125_rdoq,wssim_sbh8m256_m1,ssim,hutchblock,block,0.125,256,0.0,1,m/16 if sigma>0 else 1,none,99.5,per_plane,1,24,"22,27,32,37",10.360316328501229,9.86106094470821,-14.338728443542786,-2.7241892116276483,2.9602462650049257,4.99322341914372,9.115460830660298,3.6232754483660923,1.4300986704923286,0.24729955204597365,-1.1785267607026766
vvc_rdo_ssim_sbh8m256_m2_20260927_093418,wssim_sbh8m256_m2_tau0.5_rdoq,wssim_sbh8m256_m2,ssim,hutchblock,block,0.5,256,0.0,1,m/16 if sigma>0 else 1,none,99.5,per_plane,1,24,"22,27,32,37",0.9130515515402116,0.8278988663887293,-1.7468622291785352,-0.5916611857710118,-0.5697647552582864,-1.408091687731565,0.6875943407365673,0.4195578151236135,-0.40788842050412155,-0.583404215136588,-0.8597052343209501
vvc_rdo_ssim_sbh8m256_m2_20260927_093418,wssim_sbh8m256_m2_tau1_rdoq,wssim_sbh8m256_m2,ssim,hutchblock,block,1,256,0.0,1,m/16 if sigma>0 else 1,none,99.5,per_plane,1,24,"22,27,32,37",0.5459907494440595,0.5081855897785138,-1.6077103671453787,-0.6301363591377535,-0.3751471992245903,-0.812964221157532,0.45065001749754147,0.3503748085617713,-0.3778826255109761,-0.49761779205797724,-0.6476147373558315
vvc_rdo_ssim_sbh8m256_m2_20260927_093418,wssim_sbh8m256_m2_tau2_rdoq,wssim_sbh8m256_m2,ssim,hutchblock,block,2,256,0.0,1,m/16 if sigma>0 else 1,none,99.5,per_plane,1,24,"22,27,32,37",0.3144887933513076,0.27677113665546677,-1.4315572231991414,-0.6514992863738592,-0.39592084444558345,-0.888106617182693,0.24150441957110216,0.2531910453447352,-0.44188311220263365,-0.5511345538104719,-0.6174487147529416
vvc_rdo_ssim_sbh8m256_m2_20260927_093418,wssim_sbh8m256_m2_tau4_rdoq,wssim_sbh8m256_m2,ssim,hutchblock,block,4,256,0.0,1,m/16 if sigma>0 else 1,none,99.5,per_plane,1,24,"22,27,32,37",0.16961316483380764,0.17102205941613158,-1.2429056497383235,-0.6603769156241751,-0.49992280255375804,-1.1509033078505422,0.1710562943331236,0.29138488056352263,-0.44828201746494045,-0.5598002211135359,-0.7844769592040658
vvc_rdo_ssim_sbh8m256_m2_20260927_105000,wssim_sbh8m256_m2_tau0.25_rdoq,wssim_sbh8m256_m2,ssim,hutchblock,block,0.25,256,0.0,1,m/16 if sigma>0 else 1,none,99.5,per_plane,1,24,"22,27,32,37",1.4061108970342702,1.294094133891018,-1.7392590279362115,-0.5026154628708895,-0.08892858728514381,-0.4370107795366387,1.1278989993076352,0.8952918815557332,-0.09380498046354148,-0.27568212923506824,-0.45287365234302396
vvc_rdo_ssim_sbh8m256_m2_20260927_105000,wssim_sbh8m256_m2_tau0.125_rdoq,wssim_sbh8m256_m2,ssim,hutchblock,block,0.125,256,0.0,1,m/16 if sigma>0 else 1,none,99.5,per_plane,1,24,"22,27,32,37",1.9201087993623502,1.747238604971619,-1.4647329395838515,-0.20925185467734753,-0.12326875919931868,-0.8339046468862442,1.4741092111182852,0.9060509262704576,-0.04193904946368417,-0.26644850000273285,-0.4878460187315225
vvc_rdo_ssim_sbh8m256_m4_20260927_113554,wssim_sbh8m256_m4_tau0.5_rdoq,wssim_sbh8m256_m4,ssim,hutchblock,block,0.5,256,0.0,1,m/16 if sigma>0 else 1,none,99.5,per_plane,1,24,"22,27,32,37",0.5901689382229883,0.5125717292532611,-2.2117989973951584,-0.6426906164410388,0.02889565211736204,-0.6570626863445072,0.4100173722118951,0.5889171120191757,-0.23601544368610505,-0.33719445558518574,-0.43249677649485574
vvc_rdo_ssim_sbh8m256_m4_20260927_113554,wssim_sbh8m256_m4_tau1_rdoq,wssim_sbh8m256_m4,ssim,hutchblock,block,1,256,0.0,1,m/16 if sigma>0 else 1,none,99.5,per_plane,1,24,"22,27,32,37",0.4527209779226197,0.4173226020888136,-1.9410697140524718,-0.5647823158315584,0.2898521962332599,-0.08601189336727288,0.4009977996081937,0.317595747776841,-0.19672619731599858,-0.2788431607010515,-0.332774818666499
vvc_rdo_ssim_sbh8m256_m4_20260927_113554,wssim_sbh8m256_m4_tau2_rdoq,wssim_sbh8m256_m4,ssim,hutchblock,block,2,256,0.0,1,m/16 if sigma>0 else 1,none,99.5,per_plane,1,24,"22,27,32,37",0.29247723490512895,0.2653647131233422,-1.6880528395109209,-0.5299220828321497,-0.4341629688641458,-0.3237342797427605,0.23474109930984402,0.18769227139576508,-0.1970236268381951,-0.25652283923953645,-0.31388003643257606
vvc_rdo_ssim_sbh8m256_m4_20260927_113554,wssim_sbh8m256_m4_tau4_rdoq,wssim_sbh8m256_m4,ssim,hutchblock,block,4,256,0.0,1,m/16 if sigma>0 else 1,none,99.5,per_plane,1,24,"22,27,32,37",0.12435893127433623,0.12486575396457682,-1.3532122638601762,-0.4892317224726254,0.24375732505762668,0.13762634963651513,0.16762213681716331,0.29092166364028577,-0.1281993709612498,-0.14762849305514728,-0.1611271666814786
vvc_rdo_ssim_sbh8m256_m2_20260927_115123,wssim_sbh8m256_m2_tau0.0625_rdoq,wssim_sbh8m256_m2,ssim,hutchblock,block,0.0625,256,0.0,1,m/16 if sigma>0 else 1,none,99.5,per_plane,1,24,"22,27,32,37",2.3122743901094545,2.1397476307538583,-1.3958752521354887,-0.015551615265962012,0.19607473938978667,0.2207480654795845,1.8960621011929717,1.1696564457199914,0.3554064804789365,0.14013849498988548,-0.12466264081786027
vvc_rdo_ssim_sbh8m256_m2_20260927_115123,wssim_sbh8m256_m2_tau0.03125_rdoq,wssim_sbh8m256_m2,ssim,hutchblock,block,0.03125,256,0.0,1,m/16 if sigma>0 else 1,none,99.5,per_plane,1,24,"22,27,32,37",2.575373455532134,2.3908503233089733,-1.2564980115789328,0.10943363093207416,0.41229180115209313,-0.48691885138354235,2.110677515023654,1.2341631051972735,0.42392527177675204,0.1799701912521138,-0.1722764684321726
vvc_rdo_ssim_sbh8m256_m4_20260927_130109,wssim_sbh8m256_m4_tau0.25_rdoq,wssim_sbh8m256_m4,ssim,hutchblock,block,0.25,256,0.0,1,m/16 if sigma>0 else 1,none,99.5,per_plane,1,24,"22,27,32,37",0.7266936222075664,0.6122069722780926,-2.3473408641774016,-0.6723162542423328,-0.247445670096325,-0.3278684360080572,0.42066327816088345,0.43034304338441287,-0.4954978604582064,-0.6260019551253674,-0.6941268937737419
vvc_rdo_ssim_sbh8m256_m4_20260927_130109,wssim_sbh8m256_m4_tau0.125_rdoq,wssim_sbh8m256_m4,ssim,hutchblock,block,0.125,256,0.0,1,m/16 if sigma>0 else 1,none,99.5,per_plane,1,24,"22,27,32,37",0.8161565910935642,0.761520642023648,-2.2651688459146584,-0.6497047435532847,-0.22520399783747766,-0.5837104334671285,0.6977249457850453,0.42337759606442454,-0.16653307027432313,-0.29618076007060007,-0.4156711049025749
vvc_rdo_ssim_sbh8m256_m8_20260927_133144,wssim_sbh8m256_m8_tau0.5_rdoq,wssim_sbh8m256_m8,ssim,hutchblock,block,0.5,256,0.0,1,m/16 if sigma>0 else 1,none,99.5,per_plane,1,24,"22,27,32,37",0.8585041892664864,0.8172103814375654,0.47077476543600366,0.5891489412689955,0.5112206673687257,0.06642137437100071,0.7560227118229106,1.284066734261806,0.4568371285334429,0.42007613065176375,0.40631163944335563
vvc_rdo_ssim_sbh8m256_m8_20260927_133144,wssim_sbh8m256_m8_tau1_rdoq,wssim_sbh8m256_m8,ssim,hutchblock,block,1,256,0.0,1,m/16 if sigma>0 else 1,none,99.5,per_plane,1,24,"22,27,32,37",0.6397322315007382,0.6044074743528962,0.3521117501649633,0.4567385462384707,0.1535877790778887,-0.3670777906482139,0.5440009849524446,0.8313555953629995,0.2664933186416562,0.21302425377216724,0.06839447966205993
vvc_rdo_ssim_sbh8m256_m8_20260927_133144,wssim_sbh8m256_m8_tau2_rdoq,wssim_sbh8m256_m8,ssim,hutchblock,block,2,256,0.0,1,m/16 if sigma>0 else 1,none,99.5,per_plane,1,24,"22,27,32,37",0.4292956123215859,0.41062801959921474,0.19539989011270834,0.375672618092425,0.3410358795114837,-0.7804786097861834,0.4020539705254622,0.8564114600166229,0.22490461423686028,0.20204386562949947,0.1958174705846735
vvc_rdo_ssim_sbh8m256_m8_20260927_133144,wssim_sbh8m256_m8_tau4_rdoq,wssim_sbh8m256_m8,ssim,hutchblock,block,4,256,0.0,1,m/16 if sigma>0 else 1,none,99.5,per_plane,1,24,"22,27,32,37",0.16537643407166883,0.14944749105293234,-0.06694798671024044,0.037314240305391655,0.010521409890577408,-0.9158235848028492,0.11386793269990379,0.5435147543757054,-0.14907683248058848,-0.18963668587910068,-0.2583279986483699
vvc_rdo_ssim_sbh8m256_m4_20260927_140346,wssim_sbh8m256_m4_tau0.0625_rdoq,wssim_sbh8m256_m4,ssim,hutchblock,block,0.0625,256,0.0,1,m/16 if sigma>0 else 1,none,99.5,per_plane,1,24,"22,27,32,37",0.9091683792009837,0.8290782996354736,-2.2597611681428984,-0.5969848980717067,0.3132357291852799,0.04515547197602352,0.7213963953414292,0.770518001121918,-0.10320592758030489,-0.22006524440931904,-0.2888104671552265
vvc_rdo_ssim_sbh8m256_m4_20260927_140346,wssim_sbh8m256_m4_tau0.03125_rdoq,wssim_sbh8m256_m4,ssim,hutchblock,block,0.03125,256,0.0,1,m/16 if sigma>0 else 1,none,99.5,per_plane,1,24,"22,27,32,37",0.9127100700131544,0.8112114869225353,-2.2838889781556753,-0.6131948524896629,0.12635811463943686,0.30605556886464663,0.6760929370833826,0.6183062896774435,-0.18901382021812618,-0.3127807352736947,-0.4287422391695624
vvc_rdo_ssim_sbh8m256_m8_20260927_151142,wssim_sbh8m256_m8_tau0.25_rdoq,wssim_sbh8m256_m8,ssim,hutchblock,block,0.25,256,0.0,1,m/16 if sigma>0 else 1,none,99.5,per_plane,1,24,"22,27,32,37",0.9969215402803201,0.9782186758944952,0.6181302701206879,0.7308176349300486,0.5299698057849962,-0.03803938270202364,0.939431600564992,1.2795733671810392,0.7002896600524485,0.6775886530300071,0.6815190421399316
vvc_rdo_ssim_sbh8m256_m8_20260927_151142,wssim_sbh8m256_m8_tau0.125_rdoq,wssim_sbh8m256_m8,ssim,hutchblock,block,0.125,256,0.0,1,m/16 if sigma>0 else 1,none,99.5,per_plane,1,24,"22,27,32,37",1.087260810331169,1.0413891334595065,0.5331965863399855,0.674871816584908,0.5624886517956511,0.19298527150366784,0.9604148711625441,1.1674883551509738,0.5213007791637188,0.4600119622904237,0.404293063771675
vvc_rdo_ssim_sbh8m256_m16_20260927_154408,wssim_sbh8m256_m16_tau0.5_rdoq,wssim_sbh8m256_m16,ssim,hutchblock,block,0.5,256,0.0,1,m/16 if sigma>0 else 1,none,99.5,per_plane,1,24,"22,27,32,37",1.1376820668666363,1.0600607131254278,-4.199570884067035,-1.0928436806604898,0.0021957589670667152,-0.12054515621634043,0.9414126052630515,0.7258033751610192,-0.5220635718420241,-0.7688806184771689,-1.0185202431872418
vvc_rdo_ssim_sbh8m256_m16_20260927_154408,wssim_sbh8m256_m16_tau1_rdoq,wssim_sbh8m256_m16,ssim,hutchblock,block,1,256,0.0,1,m/16 if sigma>0 else 1,none,99.5,per_plane,1,24,"22,27,32,37",0.8327325411892638,0.7845788431264108,-3.96193776283337,-1.1305120228866368,-0.1687195011769412,-0.5892235937351549,0.7189167077582765,0.5776071429138588,-0.474257288280755,-0.6616726762856929,-0.8293434904319955
vvc_rdo_ssim_sbh8m256_m16_20260927_154408,wssim_sbh8m256_m16_tau2_rdoq,wssim_sbh8m256_m16,ssim,hutchblock,block,2,256,0.0,1,m/16 if sigma>0 else 1,none,99.5,per_plane,1,24,"22,27,32,37",0.4987891203748429,0.48227846752219583,-3.603685470979331,-1.1618430556681607,-0.2189371897453121,-0.3889358580569306,0.45920441579185517,0.4143393161269266,-0.6421437257333356,-0.8094976655211532,-0.9631010625167473
vvc_rdo_ssim_sbh8m256_m16_20260927_154408,wssim_sbh8m256_m16_tau4_rdoq,wssim_sbh8m256_m16,ssim,hutchblock,block,4,256,0.0,1,m/16 if sigma>0 else 1,none,99.5,per_plane,1,24,"22,27,32,37",0.28838479371870546,0.271735282235865,-2.921817707774603,-1.0491290324715157,-0.24731061026130274,-0.6900531272755611,0.24123750178626133,0.40954866767634374,-0.5342866775257901,-0.6572079347771653,-0.8203398858556623
vvc_rdo_ssim_sbh8m256_m8_20260927_160405,wssim_sbh8m256_m8_tau0.0625_rdoq,wssim_sbh8m256_m8,ssim,hutchblock,block,0.0625,256,0.0,1,m/16 if sigma>0 else 1,none,99.5,per_plane,1,24,"22,27,32,37",1.0967200773757115,1.0467511543677237,0.6337995924424392,0.7569955213744434,0.670168744873798,-0.38994880594138226,0.9699464901035331,1.3823223281556676,0.6717507018250477,0.629549539825458,0.5330424020849184
vvc_rdo_ssim_sbh8m256_m8_20260927_160405,wssim_sbh8m256_m8_tau0.03125_rdoq,wssim_sbh8m256_m8,ssim,hutchblock,block,0.03125,256,0.0,1,m/16 if sigma>0 else 1,none,99.5,per_plane,1,24,"22,27,32,37",1.1653457111762116,1.141429677083721,0.6847684974795829,0.8153134849896039,0.5897976751801588,-0.11679764872117038,1.1163889451210458,1.2901747978365505,0.6383086589347035,0.569598814743895,0.42294622357895856
vvc_rdo_ssim_sbh8m256_m16_20260927_172245,wssim_sbh8m256_m16_tau0.25_rdoq,wssim_sbh8m256_m16,ssim,hutchblock,block,0.25,256,0.0,1,m/16 if sigma>0 else 1,none,99.5,per_plane,1,24,"22,27,32,37",1.407398342711813,1.338855563945989,-4.217330511692449,-1.0464042331887222,0.19452678631758227,-0.0901157724151465,1.2546708733638963,1.0978815782782114,-0.3436498565014827,-0.5871654328985523,-0.7806212190916221
vvc_rdo_ssim_sbh8m256_m16_20260927_172245,wssim_sbh8m256_m16_tau0.125_rdoq,wssim_sbh8m256_m16,ssim,hutchblock,block,0.125,256,0.0,1,m/16 if sigma>0 else 1,none,99.5,per_plane,1,24,"22,27,32,37",1.5768211536608678,1.4899526260013396,-4.223865064758857,-1.0284092256753201,0.019094317584806658,-0.1563939448335597,1.378137099038268,0.8093961797522388,-0.3922677292029724,-0.666351433255732,-0.9239124434554196
vvc_rdo_ssim_sbh8m256_m32_20260927_175224,wssim_sbh8m256_m32_tau0.5_rdoq,wssim_sbh8m256_m32,ssim,hutchblock,block,0.5,256,0.0,1,m/16 if sigma>0 else 1,none,99.5,per_plane,1,24,"22,27,32,37",0.9605842605737362,0.8961026075302367,-0.01456670860864919,0.2860564748870961,0.46325963786045526,-0.14291000920439167,0.7791964342036172,0.9971724061425782,0.3149185751670595,0.2520676431612722,0.17360611817645358
vvc_rdo_ssim_sbh8m256_m32_20260927_175224,wssim_sbh8m256_m32_tau1_rdoq,wssim_sbh8m256_m32,ssim,hutchblock,block,1,256,0.0,1,m/16 if sigma>0 else 1,none,99.5,per_plane,1,24,"22,27,32,37",0.5674226959383096,0.5372135246452516,-0.19279281649556976,0.06593370836160035,0.2913992689210813,-0.32073129111207616,0.4921548420302291,0.7176962243474841,0.15940915620019785,0.1029011551625908,0.03178715895797479
vvc_rdo_ssim_sbh8m256_m32_20260927_175224,wssim_sbh8m256_m32_tau2_rdoq,wssim_sbh8m256_m32,ssim,hutchblock,block,2,256,0.0,1,m/16 if sigma>0 else 1,none,99.5,per_plane,1,24,"22,27,32,37",0.29649776023719193,0.26604031210779217,-0.3282470153417159,-0.0903657600454998,0.12407605515425367,-0.2533526959579156,0.22045443109995944,0.6120940228784058,0.04931024878952195,0.02124123490821796,0.047424301918938074
vvc_rdo_ssim_sbh8m256_m32_20260927_175224,wssim_sbh8m256_m32_tau4_rdoq,wssim_sbh8m256_m32,ssim,hutchblock,block,4,256,0.0,1,m/16 if sigma>0 else 1,none,99.5,per_plane,1,24,"22,27,32,37",0.1411364220111594,0.11335832502041704,-0.24609421779835894,-0.1199884886845919,-0.0858738798259822,-0.4727735283199368,0.07549365408270846,-0.014021831622873071,-0.10926889611375112,-0.1482729125281255,-0.20154731306206522
vvc_rdo_ssim_sbh8m256_m16_20260927_182858,wssim_sbh8m256_m16_tau0.0625_rdoq,wssim_sbh8m256_m16,ssim,hutchblock,block,0.0625,256,0.0,1,m/16 if sigma>0 else 1,none,99.5,per_plane,1,24,"22,27,32,37",1.6899257147135287,1.5791315862691466,-4.260191634732631,-1.0173119773538117,0.10822074417959025,0.13433477225924254,1.4105637901501664,0.9709336508558236,-0.3304318318308223,-0.6087224544116981,-0.8849710467318598
vvc_rdo_ssim_sbh8m256_m16_20260927_182858,wssim_sbh8m256_m16_tau0.03125_rdoq,wssim_sbh8m256_m16,ssim,hutchblock,block,0.03125,256,0.0,1,m/16 if sigma>0 else 1,none,99.5,per_plane,1,24,"22,27,32,37",1.7618890010178874,1.6497327065773966,-4.165108028159969,-0.8426174424104617,-0.10667414430956719,-0.4691091271965912,1.5041317194122021,0.7522588878092827,-0.29195771118038133,-0.5706450813132243,-0.9046117557029859
vvc_rdo_ssim_sbh8m256_m32_20260927_193017,wssim_sbh8m256_m32_tau0.25_rdoq,wssim_sbh8m256_m32,ssim,hutchblock,block,0.25,256,0.0,1,m/16 if sigma>0 else 1,none,99.5,per_plane,1,24,"22,27,32,37",1.3793679200662599,1.2917834909438042,0.08386025076306443,0.5189285948612806,0.6038088289864251,0.7024296136338087,1.121756008010358,1.4097857012107575,0.5582727204620381,0.46467997215927,0.3427615691218795
vvc_rdo_ssim_sbh8m256_m32_20260927_193017,wssim_sbh8m256_m32_tau0.125_rdoq,wssim_sbh8m256_m32,ssim,hutchblock,block,0.125,256,0.0,1,m/16 if sigma>0 else 1,none,99.5,per_plane,1,24,"22,27,32,37",1.7579943507144016,1.6589889583538906,0.40709944944112336,0.8120924037805484,1.1266537784882356,0.5488274930439802,1.4818479525049473,1.4763578981092975,0.9168201488496693,0.8282227357952339,0.7758340703362389
vvc_rdo_ssim_sbh8m256_m64_20260927_195308,wssim_sbh8m256_m64_tau0.5_rdoq,wssim_sbh8m256_m64,ssim,hutchblock,block,0.5,256,0.0,1,m/16 if sigma>0 else 1,none,99.5,per_plane,1,24,"22,27,32,37",0.0,0.0,0.0,0.0,0.0,0.0,0.0,0.0,0.0,0.0,0.0
vvc_rdo_ssim_sbh8m256_m64_20260927_195308,wssim_sbh8m256_m64_tau1_rdoq,wssim_sbh8m256_m64,ssim,hutchblock,block,1,256,0.0,1,m/16 if sigma>0 else 1,none,99.5,per_plane,1,24,"22,27,32,37",0.0,0.0,0.0,0.0,0.0,0.0,0.0,0.0,0.0,0.0,0.0
vvc_rdo_ssim_sbh8m256_m64_20260927_195308,wssim_sbh8m256_m64_tau2_rdoq,wssim_sbh8m256_m64,ssim,hutchblock,block,2,256,0.0,1,m/16 if sigma>0 else 1,none,99.5,per_plane,1,24,"22,27,32,37",0.0,0.0,0.0,0.0,0.0,0.0,0.0,0.0,0.0,0.0,0.0
vvc_rdo_ssim_sbh8m256_m64_20260927_195308,wssim_sbh8m256_m64_tau4_rdoq,wssim_sbh8m256_m64,ssim,hutchblock,block,4,256,0.0,1,m/16 if sigma>0 else 1,none,99.5,per_plane,1,24,"22,27,32,37",0.0,0.0,0.0,0.0,0.0,0.0,0.0,0.0,0.0,0.0,0.0
vvc_rdo_ssim_sbh8m256_m32_20260927_202034,wssim_sbh8m256_m32_tau0.0625_rdoq,wssim_sbh8m256_m32,ssim,hutchblock,block,0.0625,256,0.0,1,m/16 if sigma>0 else 1,none,99.5,per_plane,1,24,"22,27,32,37",2.0815919258560966,1.9857572185038457,0.5409331165467522,1.0750330503349614,1.0035485534936017,0.3474620782112068,1.8053337771443625,1.7422015453806996,1.06553136836732,0.9449331339466261,0.748223014004877
vvc_rdo_ssim_sbh8m256_m32_20260927_202034,wssim_sbh8m256_m32_tau0.03125_rdoq,wssim_sbh8m256_m32,ssim,hutchblock,block,0.03125,256,0.0,1,m/16 if sigma>0 else 1,none,99.5,per_plane,1,24,"22,27,32,37",2.2281247022810913,2.130269372432273,0.898894576378198,1.2492080535246741,1.5556593311168248,0.2679468852728633,1.9500812562508407,1.981816866993005,1.2314544108783785,1.1194874777804324,1.0031901174430433
vvc_rdo_ssim_sbh8m256_m128_20260927_211211,wssim_sbh8m256_m128_tau0.5_rdoq,wssim_sbh8m256_m128,ssim,hutchblock,block,0.5,256,0.0,1,m/16 if sigma>0 else 1,none,99.5,per_plane,1,24,"22,27,32,37",1.928761376672421,1.5583597979114803,-2.229097174445467,-1.7398464930698474,-0.7418634621195913,1.4414897145803476,0.9328180580568177,-1.316417453286587,-1.243924152830585,-1.5678635847209141,-2.0805398751128488
vvc_rdo_ssim_sbh8m256_m128_20260927_211211,wssim_sbh8m256_m128_tau1_rdoq,wssim_sbh8m256_m128,ssim,hutchblock,block,1,256,0.0,1,m/16 if sigma>0 else 1,none,99.5,per_plane,1,24,"22,27,32,37",0.787950760711493,0.5707372297906466,-1.7794697098694028,-1.5318241141335658,-0.6259286103190612,0.16022540915356095,0.20945342825406388,-1.0651081395295183,-1.1345638906981337,-1.341210480444005,-1.6226225408791712
vvc_rdo_ssim_sbh8m256_m128_20260927_211211,wssim_sbh8m256_m128_tau2_rdoq,wssim_sbh8m256_m128,ssim,hutchblock,block,2,256,0.0,1,m/16 if sigma>0 else 1,none,99.5,per_plane,1,24,"22,27,32,37",0.32227385623192495,0.21132079840123588,-1.1328664548469674,-1.031224814427445,-0.8428144433541593,-0.18135989174607134,0.029152458594153736,-0.8795303701928594,-0.8414197946121051,-0.986888950616363,-1.203901590220159
vvc_rdo_ssim_sbh8m256_m128_20260927_211211,wssim_sbh8m256_m128_tau4_rdoq,wssim_sbh8m256_m128,ssim,hutchblock,block,4,256,0.0,1,m/16 if sigma>0 else 1,none,99.5,per_plane,1,24,"22,27,32,37",0.09074764408186821,0.02935335475345302,-0.7625747823220888,-0.651073006325141,-0.32988179908902726,0.08432711865925029,-0.0653393028319534,-0.23950929376016736,-0.47954923207161976,-0.5457100349674171,-0.6344851684144809
vvc_rdo_ssim_sbh8m256_m128_20260927_222730,wssim_sbh8m256_m128_tau0.25_rdoq,wssim_sbh8m256_m128,ssim,hutchblock,block,0.25,256,0.0,1,m/16 if sigma>0 else 1,none,99.5,per_plane,1,24,"22,27,32,37",3.959300784967026,3.310337541454574,-2.660129317336371,-2.0380518573019284,-0.1864334182386245,2.598914143211492,2.2440724027148122,-1.4924059603712372,-1.2470226502816846,-1.7546264902024273,-2.445273029946556
vvc_rdo_ssim_sbh8m256_m128_20260927_222730,wssim_sbh8m256_m128_tau0.125_rdoq,wssim_sbh8m256_m128,ssim,hutchblock,block,0.125,256,0.0,1,m/16 if sigma>0 else 1,none,99.5,per_plane,1,24,"22,27,32,37",6.802191699225041,5.848458603366339,-2.9791722856141116,-2.1272221439400454,0.07672604349800022,3.4067253872531786,4.293905858122223,-1.4805280822195293,-0.8771341145361355,-1.5986829835980643,-2.5204422473957675
vvc_rdo_ssim_sbh8m256_m254_20260927_231059,wssim_sbh8m256_m254_tau0.5_rdoq,wssim_sbh8m256_m254,ssim,hutchblock,block,0.5,256,0.0,1,m/16 if sigma>0 else 1,none,99.5,per_plane,1,24,"22,27,32,37",6.537374921376366,5.79665032164628,-13.690574457577952,-5.811198730761205,-3.49792762671672,-1.0379616677593915,4.636603154348337,-1.1508740484001299,-3.2860657394712667,-4.45764813618053,-5.920287082592682
vvc_rdo_ssim_sbh8m256_m254_20260927_231059,wssim_sbh8m256_m254_tau1_rdoq,wssim_sbh8m256_m254,ssim,hutchblock,block,1,256,0.0,1,m/16 if sigma>0 else 1,none,99.5,per_plane,1,24,"22,27,32,37",3.5951454214676155,3.1776206991892875,-11.749953052259572,-5.0602230380493864,-3.224332178021512,-1.8180551359827524,2.5759267128746433,-1.3213565374120153,-2.940484931471714,-3.779299620120927,-4.812548529215021
vvc_rdo_ssim_sbh8m256_m254_20260927_231059,wssim_sbh8m256_m254_tau2_rdoq,wssim_sbh8m256_m254,ssim,hutchblock,block,2,256,0.0,1,m/16 if sigma>0 else 1,none,99.5,per_plane,1,24,"22,27,32,37",1.874142047039425,1.6653967377779033,-9.728270584519729,-4.259715395920872,-2.880585502721413,-1.7848569151427365,1.3939734124466536,-1.1410091796987112,-2.6286002116063782,-3.245349498739209,-4.142136213538783
vvc_rdo_ssim_sbh8m256_m254_20260927_231059,wssim_sbh8m256_m254_tau4_rdoq,wssim_sbh8m256_m254,ssim,hutchblock,block,4,256,0.0,1,m/16 if sigma>0 else 1,none,99.5,per_plane,1,24,"22,27,32,37",0.8276565898455277,0.7523848532938628,-7.412982026976074,-3.42720615078175,-2.2527807602267598,-1.3191749066894187,0.6323507184833238,-0.6814996731328793,-2.0619130684729536,-2.49051571063964,-3.085395416645953
vvc_rdo_ssim_sbh8m256_m128_20260927_232502,wssim_sbh8m256_m128_tau0.0625_rdoq,wssim_sbh8m256_m128,ssim,hutchblock,block,0.0625,256,0.0,1,m/16 if sigma>0 else 1,none,99.5,per_plane,1,24,"22,27,32,37",9.73920859307376,8.47026590134387,-3.1398199486068123,-2.2062532225963096,0.30219748579591216,4.357647244153775,6.402050399976818,-1.5430124815625355,-0.7277036293163989,-1.6804619058095014,-2.8950694176474365
vvc_rdo_ssim_sbh8m256_m128_20260927_232502,wssim_sbh8m256_m128_tau0.03125_rdoq,wssim_sbh8m256_m128,ssim,hutchblock,block,0.03125,256,0.0,1,m/16 if sigma>0 else 1,none,99.5,per_plane,1,24,"22,27,32,37",12.222826491358704,10.715701880996212,-3.3195260344924016,-2.0952025246667323,0.09320122116560636,5.431238867684175,8.272232187282087,-1.9086800335888068,-0.4682705891396531,-1.5953510793393957,-3.0803776834192287
vvc_rdo_ssim_sbh8m256_m254_20260928_003010,wssim_sbh8m256_m254_tau0.25_rdoq,wssim_sbh8m256_m254,ssim,hutchblock,block,0.25,256,0.0,1,m/16 if sigma>0 else 1,none,99.5,per_plane,1,24,"22,27,32,37",10.932005678690386,9.634633867756923,-15.189929490051576,-6.35080019326454,-3.8879352311118502,-0.38610699456043446,7.593541943367981,-1.0062286407340262,-3.4768669970506445,-5.059874501385015,-6.95718097383394
vvc_rdo_ssim_sbh8m256_m254_20260928_003010,wssim_sbh8m256_m254_tau0.125_rdoq,wssim_sbh8m256_m254,ssim,hutchblock,block,0.125,256,0.0,1,m/16 if sigma>0 else 1,none,99.5,per_plane,1,24,"22,27,32,37",16.620856410108527,14.73555432616209,-16.21168524185907,-6.6907238773885735,-3.9207042382082116,0.47411822125738395,11.740847374591203,-0.9789941288919847,-3.279505764173154,-5.322764570872946,-7.789864490899521
vvc_rdo_ssim_sbh8m256_m253_20260928_005319,wssim_sbh8m256_m253_tau0.5_rdoq,wssim_sbh8m256_m253,ssim,hutchblock,block,0.5,256,0.0,1,m/16 if sigma>0 else 1,none,99.5,per_plane,1,24,"22,27,32,37",16.997186103898752,15.548688739531556,-26.60688278245111,-7.787095614994581,-0.8323891527983189,5.052653830177655,13.320694569468785,1.0646131383694593,-2.1673197398622004,-4.4558768367788595,-7.184353020107224
vvc_rdo_ssim_sbh8m256_m253_20260928_005319,wssim_sbh8m256_m253_tau1_rdoq,wssim_sbh8m256_m253,ssim,hutchblock,block,1,256,0.0,1,m/16 if sigma>0 else 1,none,99.5,per_plane,1,24,"22,27,32,37",9.74191238965573,8.961157898472436,-23.51674388090125,-8.105553219606898,-2.1772108485068116,2.052991089349371,7.807222648444973,-0.8680997761102969,-3.2396738472328432,-4.896309305271742,-7.006532816474821
vvc_rdo_ssim_sbh8m256_m253_20260928_005319,wssim_sbh8m256_m253_tau2_rdoq,wssim_sbh8m256_m253,ssim,hutchblock,block,2,256,0.0,1,m/16 if sigma>0 else 1,none,99.5,per_plane,1,24,"22,27,32,37",4.970804990281154,4.595844534639247,-19.428839837768674,-7.608514279072693,-2.9145903541104943,-0.15085026312155048,4.071287763346209,-1.6296455022481293,-3.667319831209921,-4.842717029017275,-6.469435486949936
vvc_rdo_ssim_sbh8m256_m253_20260928_005319,wssim_sbh8m256_m253_tau4_rdoq,wssim_sbh8m256_m253,ssim,hutchblock,block,4,256,0.0,1,m/16 if sigma>0 else 1,none,99.5,per_plane,1,24,"22,27,32,37",2.1738086449885574,2.05357569924379,-14.595351080342915,-6.279960625987239,-2.9749715861139188,-0.9684183870829631,1.9377066334023418,-1.5257611484081783,-3.002097964320741,-3.74776918598632,-4.812512767073012
vvc_rdo_ssim_sbh8m256_m251_20260928_020202,wssim_sbh8m256_m251_tau0.5_rdoq,wssim_sbh8m256_m251,ssim,hutchblock,block,0.5,256,0.0,1,m/16 if sigma>0 else 1,none,99.5,per_plane,1,24,"22,27,32,37",19.082083563540955,17.448850407609957,-28.258818457674625,-6.861326727988588,1.4860042279341705,8.190525674940504,14.954205717090517,2.5079537505022733,-1.544419679719778,-4.040180057343785,-6.995512909264694
vvc_rdo_ssim_sbh8m256_m251_20260928_020202,wssim_sbh8m256_m251_tau1_rdoq,wssim_sbh8m256_m251,ssim,hutchblock,block,1,256,0.0,1,m/16 if sigma>0 else 1,none,99.5,per_plane,1,24,"22,27,32,37",10.379367905914256,9.573928001142464,-24.77055942936241,-8.056250961496254,-1.331986503638255,2.9025260882367387,8.393943336611107,-0.07374485122866536,-3.004359561139611,-4.7465684364347345,-6.976999112845228
vvc_rdo_ssim_sbh8m256_m251_20260928_020202,wssim_sbh8m256_m251_tau2_rdoq,wssim_sbh8m256_m251,ssim,hutchblock,block,2,256,0.0,1,m/16 if sigma>0 else 1,none,99.5,per_plane,1,24,"22,27,32,37",5.081803762751591,4.728626239303964,-20.19879807028764,-7.851045420232651,-2.8578319749815257,0.35236458167139206,4.247200423751363,-1.4853322281764498,-3.5889037045874708,-4.786314684871533,-6.440202854113117
vvc_rdo_ssim_sbh8m256_m251_20260928_020202,wssim_sbh8m256_m251_tau4_rdoq,wssim_sbh8m256_m251,ssim,hutchblock,block,4,256,0.0,1,m/16 if sigma>0 else 1,none,99.5,per_plane,1,24,"22,27,32,37",2.2277770531296306,2.1191076150321555,-15.163595523632758,-6.599476669730301,-3.1567059317668615,-1.2394386955322014,2.0098882648550864,-1.7044994854767588,-3.2715422602364885,-4.070949628942131,-5.180566270500396
vvc_rdo_ssim_sbh8m256_m247_20260928_030654,wssim_sbh8m256_m247_tau0.5_rdoq,wssim_sbh8m256_m247,ssim,hutchblock,block,0.5,256,0.0,1,m/16 if sigma>0 else 1,none,99.5,per_plane,1,24,"22,27,32,37",19.172614084461593,17.46765981755398,-28.50732985067746,-6.928559147095061,0.8295528662621118,6.861447434201749,14.856264177009125,2.932749954269973,-1.8013464735403304,-4.324170204577576,-7.130026641430323
vvc_rdo_ssim_sbh8m256_m247_20260928_030654,wssim_sbh8m256_m247_tau1_rdoq,wssim_sbh8m256_m247,ssim,hutchblock,block,1,256,0.0,1,m/16 if sigma>0 else 1,none,99.5,per_plane,1,24,"22,27,32,37",10.695071356314635,9.81370359542809,-25.261009972936147,-7.949370057649753,-1.727038106011553,1.9263214090607452,8.501814485763644,0.23665328659880724,-3.2518474194548914,-5.0545708506350735,-7.2308202742190675
vvc_rdo_ssim_sbh8m256_m247_20260928_030654,wssim_sbh8m256_m247_tau2_rdoq,wssim_sbh8m256_m247,ssim,hutchblock,block,2,256,0.0,1,m/16 if sigma>0 else 1,none,99.5,per_plane,1,24,"22,27,32,37",5.286904850044594,4.875514809917573,-20.87320083458096,-7.955672826801909,-2.894117349949608,-0.07508721208737423,4.302685865702979,-0.8687830351907474,-3.7389745420345712,-4.972447774822391,-6.50785007892521
vvc_rdo_ssim_sbh8m256_m247_20260928_030654,wssim_sbh8m256_m247_tau4_rdoq,wssim_sbh8m256_m247,ssim,hutchblock,block,4,256,0.0,1,m/16 if sigma>0 else 1,none,99.5,per_plane,1,24,"22,27,32,37",2.3556620828960733,2.2050660041001806,-15.734863631723115,-6.653229043219633,-3.005038422659671,-1.4030478576343095,2.0300806936337765,-1.5703461439305286,-3.4318189170565296,-4.26895350098155,-5.452379753061034
vvc_rdo_ssim_sbh8m256_m239_20260928_041535,wssim_sbh8m256_m239_tau0.5_rdoq,wssim_sbh8m256_m239,ssim,hutchblock,block,0.5,256,0.0,1,m/16 if sigma>0 else 1,none,99.5,per_plane,1,24,"22,27,32,37",16.269541540312222,14.776628624030588,-25.0582658104686,-7.134243248844616,0.7239486463722905,6.694872116348011,12.50068302935226,0.7451711438139742,-1.9694073648970758,-4.177650178758332,-6.802186283604165
vvc_rdo_ssim_sbh8m256_m239_20260928_041535,wssim_sbh8m256_m239_tau1_rdoq,wssim_sbh8m256_m239,ssim,hutchblock,block,1,256,0.0,1,m/16 if sigma>0 else 1,none,99.5,per_plane,1,24,"22,27,32,37",9.110787826392693,8.350459174503689,-22.091770934387057,-7.641433581497289,-1.5479785654435336,2.3152233937741324,7.215586167910547,-0.7667347325532314,-2.976447840757275,-4.560385424418039,-6.664001110265434
vvc_rdo_ssim_sbh8m256_m239_20260928_041535,wssim_sbh8m256_m239_tau2_rdoq,wssim_sbh8m256_m239,ssim,hutchblock,block,2,256,0.0,1,m/16 if sigma>0 else 1,none,99.5,per_plane,1,24,"22,27,32,37",4.627582687068057,4.2669293107182575,-18.141429849771225,-7.246111953460837,-2.617952957805783,0.526137944515515,3.746870628786189,-1.8817970497824668,-3.4180961775265644,-4.5290969553098455,-6.1383252781022835
vvc_rdo_ssim_sbh8m256_m239_20260928_041535,wssim_sbh8m256_m239_tau4_rdoq,wssim_sbh8m256_m239,ssim,hutchblock,block,4,256,0.0,1,m/16 if sigma>0 else 1,none,99.5,per_plane,1,24,"22,27,32,37",2.0172626652654446,1.8606753207304918,-13.76939260783103,-6.063055411235484,-2.7323689234888824,-0.6321070303223764,1.6634740471106344,-1.9058082625917698,-3.1569929137837884,-3.9070941545034934,-5.087210131302732
vvc_rdo_ssim_sbh8m256_m223_20260928_052100,wssim_sbh8m256_m223_tau0.5_rdoq,wssim_sbh8m256_m223,ssim,hutchblock,block,0.5,256,0.0,1,m/16 if sigma>0 else 1,none,99.5,per_plane,1,24,"22,27,32,37",20.387953260216317,18.64583594521135,-28.81491221575503,-6.709180983988399,1.3783593775988567,7.299874629370574,15.991100001034111,3.0472571088273273,-1.4661187902135093,-4.07626425164161,-7.066997401326621
vvc_rdo_ssim_sbh8m256_m223_20260928_052100,wssim_sbh8m256_m223_tau1_rdoq,wssim_sbh8m256_m223,ssim,hutchblock,block,1,256,0.0,1,m/16 if sigma>0 else 1,none,99.5,per_plane,1,24,"22,27,32,37",11.407963125666333,10.50266564950473,-25.273320130522254,-7.8299337622114065,-1.192252913327308,3.4669382127996364,9.15630793547788,0.4298735144955726,-2.8481246217816647,-4.680027346340979,-6.9135703292408435
vvc_rdo_ssim_sbh8m256_m223_20260928_052100,wssim_sbh8m256_m223_tau2_rdoq,wssim_sbh8m256_m223,ssim,hutchblock,block,2,256,0.0,1,m/16 if sigma>0 else 1,none,99.5,per_plane,1,24,"22,27,32,37",5.743376139621702,5.348501650135677,-20.63106715092594,-7.66718676619174,-2.802662007585543,0.744377060167996,4.796321169225151,-0.9268676616543136,-3.419309746307221,-4.671593718315557,-6.280677409332206
vvc_rdo_ssim_sbh8m256_m223_20260928_052100,wssim_sbh8m256_m223_tau4_rdoq,wssim_sbh8m256_m223,ssim,hutchblock,block,4,256,0.0,1,m/16 if sigma>0 else 1,none,99.5,per_plane,1,24,"22,27,32,37",2.4584603442480852,2.299070559131014,-15.535693570335104,-6.569384364067851,-3.008336552026273,-1.276168344768836,2.117162974933448,-1.4334295350668356,-3.3183014338104164,-4.145049694833216,-5.35633648082856
vvc_rdo_ssim_sbh8m256_m191_20260928_062850,wssim_sbh8m256_m191_tau0.5_rdoq,wssim_sbh8m256_m191,ssim,hutchblock,block,0.5,256,0.0,1,m/16 if sigma>0 else 1,none,99.5,per_plane,1,24,"22,27,32,37",19.690168480629012,17.975932468653305,-29.521159781653314,-7.374323907147054,0.7179721064345967,6.646600724918007,15.360585237874666,2.4890818724937422,-1.9816400650268235,-4.584606828083129,-7.546394060435877
vvc_rdo_ssim_sbh8m256_m191_20260928_062850,wssim_sbh8m256_m191_tau1_rdoq,wssim_sbh8m256_m191,ssim,hutchblock,block,1,256,0.0,1,m/16 if sigma>0 else 1,none,99.5,per_plane,1,24,"22,27,32,37",10.764698230580096,9.865732812757166,-25.8563324429268,-8.47480048495141,-1.817021004286622,2.371093881837428,8.527570834701713,-0.5540187126833329,-3.4218179892138885,-5.24478660666147,-7.450525564604296
vvc_rdo_ssim_sbh8m256_m191_20260928_062850,wssim_sbh8m256_m191_tau2_rdoq,wssim_sbh8m256_m191,ssim,hutchblock,block,2,256,0.0,1,m/16 if sigma>0 else 1,none,99.5,per_plane,1,24,"22,27,32,37",5.404681208840848,4.976930866538953,-21.258338228965485,-8.13849152641593,-3.124442883802644,0.7201377290079817,4.380397130214534,-1.5887273469037357,-3.9399054965346227,-5.21345476377348,-6.9833854585682955
vvc_rdo_ssim_sbh8m256_m191_20260928_062850,wssim_sbh8m256_m191_tau4_rdoq,wssim_sbh8m256_m191,ssim,hutchblock,block,4,256,0.0,1,m/16 if sigma>0 else 1,none,99.5,per_plane,1,24,"22,27,32,37",2.3114916135741375,2.165587085271235,-16.0424172890522,-6.9422259506480515,-3.28032125406027,-1.116314244519999,1.981437368068293,-1.98981477061876,-3.5701967821403144,-4.4249025141781475,-5.728309699375823
vvc_rdo_ssim_sbh8m256_m127_20260928_073622,wssim_sbh8m256_m127_tau0.5_rdoq,wssim_sbh8m256_m127,ssim,hutchblock,block,0.5,256,0.0,1,m/16 if sigma>0 else 1,none,99.5,per_plane,1,24,"22,27,32,37",17.46122529737551,16.217030433608873,-27.094734023788163,-5.122705016970048,3.544373459598106,9.025783184118994,14.363548463680436,5.231434613316305,0.013822698401338504,-2.202553830871711,-4.63384320354031
vvc_rdo_ssim_sbh8m256_m127_20260928_073622,wssim_sbh8m256_m127_tau1_rdoq,wssim_sbh8m256_m127,ssim,hutchblock,block,1,256,0.0,1,m/16 if sigma>0 else 1,none,99.5,per_plane,1,24,"22,27,32,37",9.846365123036106,9.236024834043347,-24.20109042177043,-6.772965704902906,0.022244478715657195,3.4318898737398924,8.371507677955123,1.5995385920396388,-1.8846753670657417,-3.4829526744680663,-5.478153780886642
vvc_rdo_ssim_sbh8m256_m127_20260928_073622,wssim_sbh8m256_m127_tau2_rdoq,wssim_sbh8m256_m127,ssim,hutchblock,block,2,256,0.0,1,m/16 if sigma>0 else 1,none,99.5,per_plane,1,24,"22,27,32,37",5.056084571595961,4.792228324563756,-20.135048392995618,-7.121659402865416,-2.0172591098977453,0.3693390897514503,4.451691835332068,-0.2725547771664921,-2.9784046051553426,-4.127567210604391,-5.719937791206463
vvc_rdo_ssim_sbh8m256_m127_20260928_073622,wssim_sbh8m256_m127_tau4_rdoq,wssim_sbh8m256_m127,ssim,hutchblock,block,4,256,0.0,1,m/16 if sigma>0 else 1,none,99.5,per_plane,1,24,"22,27,32,37",2.2224299338531566,2.1305858764804655,-15.332635642864384,-6.238324778677556,-2.779219520301958,-0.48229400539058354,2.0593560750133677,-1.1916788924368735,-3.0238692091146055,-3.800012420607952,-4.955166049914367
vvc_rdo_ms_ssim_mbh8m256_m255_20260928_084536,wms_ssim_mbh8m256_m255_tau0.5_rdoq,wms_ssim_mbh8m256_m255,ms_ssim,hutchblock,block,0.5,256,0.0,1,m/16 if sigma>0 else 1,none,99.5,per_plane,1,24,"22,27,32,37",11.006426495353614,9.662795711377331,-16.025900807311945,-18.463343317005,-7.058422231687691,-2.321381954057651,7.590906957873872,-5.744416655339009,-8.078686611733128,-10.207986305916199,-12.652215619153983
vvc_rdo_ms_ssim_mbh8m256_m255_20260928_084536,wms_ssim_mbh8m256_m255_tau1_rdoq,wms_ssim_mbh8m256_m255,ms_ssim,hutchblock,block,1,256,0.0,1,m/16 if sigma>0 else 1,none,99.5,per_plane,1,24,"22,27,32,37",5.643927037943574,4.955430463117873,-13.87460885052077,-15.397847213839574,-6.792208226453501,-3.801120246712813,3.9112918394448006,-4.848519458611988,-7.009485609979586,-8.530723936667224,-10.474115904775413
vvc_rdo_ms_ssim_mbh8m256_m255_20260928_084536,wms_ssim_mbh8m256_m255_tau2_rdoq,wms_ssim_mbh8m256_m255,ms_ssim,hutchblock,block,2,256,0.0,1,m/16 if sigma>0 else 1,none,99.5,per_plane,1,24,"22,27,32,37",2.526989808229812,2.1726436231964907,-10.837959278729079,-11.835791553429829,-5.498952087953714,-3.289341275695181,1.670662617841712,-4.048984722848371,-5.78433963891865,-6.85103270107336,-8.411641039420337
vvc_rdo_ms_ssim_mbh8m256_m255_20260928_084536,wms_ssim_mbh8m256_m255_tau4_rdoq,wms_ssim_mbh8m256_m255,ms_ssim,hutchblock,block,4,256,0.0,1,m/16 if sigma>0 else 1,none,99.5,per_plane,1,24,"22,27,32,37",0.9817271630827852,0.8222270071236011,-7.760682831933804,-8.371931085368288,-3.972390017996004,-2.335013444901573,0.608857609804477,-3.038811371407426,-4.035135288515929,-4.708842706286663,-5.677686564395736
vvc_rdo_ms_ssim_mbh8m256_m1_20260928_100141,wms_ssim_mbh8m256_m1_tau0.5_rdoq,wms_ssim_mbh8m256_m1,ms_ssim,hutchblock,block,0.5,256,0.0,1,m/16 if sigma>0 else 1,none,99.5,per_plane,1,24,"22,27,32,37",4.110521730273313,3.807020716219222,-7.748965483286024,-8.768231482267511,-2.0542723883096414,-0.5891514715761534,3.3438510977532956,-0.865109251173218,-2.888642787460624,-3.7816416485638915,-4.954645596853087
vvc_rdo_ms_ssim_mbh8m256_m1_20260928_100141,wms_ssim_mbh8m256_m1_tau1_rdoq,wms_ssim_mbh8m256_m1,ms_ssim,hutchblock,block,1,256,0.0,1,m/16 if sigma>0 else 1,none,99.5,per_plane,1,24,"22,27,32,37",2.615862164898399,2.4294737864451066,-7.174736942853826,-8.01988844206202,-2.438774005024864,-1.5963642404138276,2.1728711173831923,-1.5402842681726472,-3.0204125770485457,-3.771831333810697,-4.750024743586301
vvc_rdo_ms_ssim_mbh8m256_m1_20260928_100141,wms_ssim_mbh8m256_m1_tau2_rdoq,wms_ssim_mbh8m256_m1,ms_ssim,hutchblock,block,2,256,0.0,1,m/16 if sigma>0 else 1,none,99.5,per_plane,1,24,"22,27,32,37",1.3507612063882493,1.2285473616867362,-6.183439694555087,-6.6964256318618,-2.5549238544497537,-1.6158018956453855,1.0684725911312347,-1.847993835399213,-2.7455133096551463,-3.3018421938056366,-4.0744832244642275
vvc_rdo_ms_ssim_mbh8m256_m1_20260928_100141,wms_ssim_mbh8m256_m1_tau4_rdoq,wms_ssim_mbh8m256_m1,ms_ssim,hutchblock,block,4,256,0.0,1,m/16 if sigma>0 else 1,none,99.5,per_plane,1,24,"22,27,32,37",0.6149743420932274,0.5635807135211567,-4.528406918521174,-4.842647788527085,-1.9810538758596525,-1.236882226737999,0.49146402313471665,-1.2688816156991296,-2.1431881877779984,-2.539860119919515,-3.15929255995415
vvc_rdo_ms_ssim_mbh8m256_m1_20260928_111603,wms_ssim_mbh8m256_m1_tau0.25_rdoq,wms_ssim_mbh8m256_m1,ms_ssim,hutchblock,block,0.25,256,0.0,1,m/16 if sigma>0 else 1,none,99.5,per_plane,1,24,"22,27,32,37",5.4208670375634185,5.063254200938006,-7.826292502622388,-9.070077761506374,-1.4007292959158393,0.14469144306843237,4.540419254905712,-0.7713473187719245,-2.42746084291791,-3.4199264510551437,-4.727434543552776
vvc_rdo_ms_ssim_mbh8m256_m1_20260928_111603,wms_ssim_mbh8m256_m1_tau0.125_rdoq,wms_ssim_mbh8m256_m1,ms_ssim,hutchblock,block,0.125,256,0.0,1,m/16 if sigma>0 else 1,none,99.5,per_plane,1,24,"22,27,32,37",6.440824324777995,6.044679109196617,-7.704751882273402,-9.153518905567354,-0.8037495824346065,0.8889205958292639,5.446748585436793,-0.17452966306712356,-2.0236856059555524,-3.0828196592616472,-4.392793397631189
vvc_rdo_ms_ssim_mbh8m256_m2_20260928_121335,wms_ssim_mbh8m256_m2_tau0.5_rdoq,wms_ssim_mbh8m256_m2,ms_ssim,hutchblock,block,0.5,256,0.0,1,m/16 if sigma>0 else 1,none,99.5,per_plane,1,24,"22,27,32,37",0.7179293650727615,0.6423065527448341,-1.1250335010412291,-1.1658392404044153,-0.39493756513654943,-0.6367352834423589,0.5463785782342337,0.26052750784793655,-0.4916395000857263,-0.6447526360426082,-0.8574384238678392
vvc_rdo_ms_ssim_mbh8m256_m2_20260928_121335,wms_ssim_mbh8m256_m2_tau1_rdoq,wms_ssim_mbh8m256_m2,ms_ssim,hutchblock,block,1,256,0.0,1,m/16 if sigma>0 else 1,none,99.5,per_plane,1,24,"22,27,32,37",0.3479297115690598,0.29239534506117587,-1.0700052758854093,-1.1233382135656056,-0.40875126803687206,-1.0277267840993056,0.20257777628916637,-0.17283089227589135,-0.7164288268551977,-0.8526747154550577,-1.0224230822545204
vvc_rdo_ms_ssim_mbh8m256_m2_20260928_121335,wms_ssim_mbh8m256_m2_tau2_rdoq,wms_ssim_mbh8m256_m2,ms_ssim,hutchblock,block,2,256,0.0,1,m/16 if sigma>0 else 1,none,99.5,per_plane,1,24,"22,27,32,37",0.21747201827451065,0.162434133151076,-0.877867487332459,-0.9284404945042924,-0.6192159570823618,-0.7785221986860796,0.08053607110438167,-0.06996634038375314,-0.5660335062661911,-0.6714900558643605,-0.7604774739122998
vvc_rdo_ms_ssim_mbh8m256_m2_20260928_121335,wms_ssim_mbh8m256_m2_tau4_rdoq,wms_ssim_mbh8m256_m2,ms_ssim,hutchblock,block,4,256,0.0,1,m/16 if sigma>0 else 1,none,99.5,per_plane,1,24,"22,27,32,37",0.08977230247702445,0.06831418374389081,-0.7289247607895529,-0.6861731387365747,-0.2849533810121036,-0.7295075332352869,0.044126346453568964,-0.06617924097364014,-0.4274385529458899,-0.5089245185333339,-0.662458937773518
vvc_rdo_ms_ssim_mbh8m256_m1_20260928_121700,wms_ssim_mbh8m256_m1_tau0.0625_rdoq,wms_ssim_mbh8m256_m1,ms_ssim,hutchblock,block,0.0625,256,0.0,1,m/16 if sigma>0 else 1,none,99.5,per_plane,1,24,"22,27,32,37",7.556681289890154,7.076833325847518,-7.788126249751753,-9.143446216841008,-0.7437918204009236,0.9516531880105207,6.354279150740152,0.3780194294894388,-1.8606067977205474,-3.018480756421228,-4.40474790883659
vvc_rdo_ms_ssim_mbh8m256_m1_20260928_121700,wms_ssim_mbh8m256_m1_tau0.03125_rdoq,wms_ssim_mbh8m256_m1,ms_ssim,hutchblock,block,0.03125,256,0.0,1,m/16 if sigma>0 else 1,none,99.5,per_plane,1,24,"22,27,32,37",8.469904455527919,7.929874427362829,-7.705985900141283,-9.012493861090112,-0.44257577251875885,1.3299330082188672,7.080182228696136,1.0289920673925201,-1.6413891391861355,-2.863061046265799,-4.322888072238215
vvc_rdo_ms_ssim_mbh8m256_m2_20260928_132544,wms_ssim_mbh8m256_m2_tau0.25_rdoq,wms_ssim_mbh8m256_m2,ms_ssim,hutchblock,block,0.25,256,0.0,1,m/16 if sigma>0 else 1,none,99.5,per_plane,1,24,"22,27,32,37",1.1682952146453391,1.0396474938985472,-0.9246835977193816,-1.0608244819077874,-0.435544230743673,-0.298733016988068,0.8166834251652692,0.3444088563715933,-0.4244940666262604,-0.6067995740162642,-0.8269881862770916
vvc_rdo_ms_ssim_mbh8m256_m2_20260928_132544,wms_ssim_mbh8m256_m2_tau0.125_rdoq,wms_ssim_mbh8m256_m2,ms_ssim,hutchblock,block,0.125,256,0.0,1,m/16 if sigma>0 else 1,none,99.5,per_plane,1,24,"22,27,32,37",1.6132528266790367,1.4911143522902979,-0.8540755757934338,-1.0064036513990404,-0.3525480615937919,-1.0090129371950978,1.3064630923339289,0.6853151927563389,-0.17260061405498794,-0.3792134862256907,-0.6480699746692548
vvc_rdo_ms_ssim_mbh8m256_m4_20260928_143302,wms_ssim_mbh8m256_m4_tau0.5_rdoq,wms_ssim_mbh8m256_m4,ms_ssim,hutchblock,block,0.5,256,0.0,1,m/16 if sigma>0 else 1,none,99.5,per_plane,1,24,"22,27,32,37",0.42173585907870165,0.3567447387337011,-1.0597081847245526,-1.285920638153482,-0.14131653589675766,-0.7883636829346262,0.24790701389379768,0.11851604878412718,-0.5362598746966952,-0.637244533603205,-0.7466369540472417
vvc_rdo_ms_ssim_mbh8m256_m4_20260928_143302,wms_ssim_mbh8m256_m4_tau1_rdoq,wms_ssim_mbh8m256_m4,ms_ssim,hutchblock,block,1,256,0.0,1,m/16 if sigma>0 else 1,none,99.5,per_plane,1,24,"22,27,32,37",0.2652377773185966,0.22947403535401545,-0.7779070803264944,-1.0376854685187828,-0.18847986457463892,-0.4701482787280682,0.1766171489255235,0.0602550580422162,-0.44517659474292054,-0.5325549780487928,-0.5846474653482278
vvc_rdo_ms_ssim_mbh8m256_m4_20260928_143302,wms_ssim_mbh8m256_m4_tau2_rdoq,wms_ssim_mbh8m256_m4,ms_ssim,hutchblock,block,2,256,0.0,1,m/16 if sigma>0 else 1,none,99.5,per_plane,1,24,"22,27,32,37",0.1986813767262489,0.1672226570509037,-0.6314574132506805,-0.8546226665775055,-0.11367750720602486,-0.3537638016267007,0.11952644850534387,-0.012654905717265907,-0.3032815869085617,-0.3637786995245154,-0.3798374251218794
vvc_rdo_ms_ssim_mbh8m256_m4_20260928_143302,wms_ssim_mbh8m256_m4_tau4_rdoq,wms_ssim_mbh8m256_m4,ms_ssim,hutchblock,block,4,256,0.0,1,m/16 if sigma>0 else 1,none,99.5,per_plane,1,24,"22,27,32,37",0.06866593433788408,0.027170182388575048,-0.49995202536279315,-0.700953630327597,-0.3145451020851277,-0.5582751059043743,-0.024347609965765887,-0.2005503216224428,-0.39233388854638446,-0.4583627389380067,-0.5629128621632215
vvc_rdo_ms_ssim_mbh8m256_m2_20260928_143616,wms_ssim_mbh8m256_m2_tau0.0625_rdoq,wms_ssim_mbh8m256_m2,ms_ssim,hutchblock,block,0.0625,256,0.0,1,m/16 if sigma>0 else 1,none,99.5,per_plane,1,24,"22,27,32,37",2.0715540211717296,1.9169758698881554,-0.7930091690234495,-0.8708368191627157,-0.43907642768257943,-0.7484830652812112,1.6766129257081708,0.5253636623190306,-0.10224078733648094,-0.34029169540977094,-0.6686079816219571
vvc_rdo_ms_ssim_mbh8m256_m2_20260928_143616,wms_ssim_mbh8m256_m2_tau0.03125_rdoq,wms_ssim_mbh8m256_m2,ms_ssim,hutchblock,block,0.03125,256,0.0,1,m/16 if sigma>0 else 1,none,99.5,per_plane,1,24,"22,27,32,37",2.3632985743498054,2.19858009625445,-0.5050063143850986,-0.6278547305527451,-0.012583857517989757,-0.28279710174333406,1.9399550587032077,1.101242442536514,0.19710760857569823,-0.037823400569660104,-0.33699025465207305
vvc_rdo_ms_ssim_mbh8m256_m4_20260928_155438,wms_ssim_mbh8m256_m4_tau0.25_rdoq,wms_ssim_mbh8m256_m4,ms_ssim,hutchblock,block,0.25,256,0.0,1,m/16 if sigma>0 else 1,none,99.5,per_plane,1,24,"22,27,32,37",0.5552174353360972,0.49442590455201496,-1.1831442124690135,-1.419838650169339,-0.28707496316221953,-0.7237966783231631,0.40424828801416585,0.20998907651425072,-0.47112862336086136,-0.5904254286160477,-0.6368846192602061
vvc_rdo_ms_ssim_mbh8m256_m4_20260928_155438,wms_ssim_mbh8m256_m4_tau0.125_rdoq,wms_ssim_mbh8m256_m4,ms_ssim,hutchblock,block,0.125,256,0.0,1,m/16 if sigma>0 else 1,none,99.5,per_plane,1,24,"22,27,32,37",0.6482464841088618,0.5531738427069897,-0.9819936760397923,-1.3489637738056184,-0.37114889789415195,-0.4735178375979721,0.4073425839822707,-0.015020508432371052,-0.5441356405960449,-0.6777710666593896,-0.7801321543633059
vvc_rdo_ms_ssim_mbh8m256_m8_20260928_164341,wms_ssim_mbh8m256_m8_tau0.5_rdoq,wms_ssim_mbh8m256_m8,ms_ssim,hutchblock,block,0.5,256,0.0,1,m/16 if sigma>0 else 1,none,99.5,per_plane,1,24,"22,27,32,37",0.7265737762937782,0.72066404463741,0.49346226620166816,0.3604849232766485,0.3619985897599561,-0.2169461874928853,0.7175249849009173,0.8377058222543029,0.46754488142042633,0.440474679286805,0.4429728951130099
vvc_rdo_ms_ssim_mbh8m256_m8_20260928_164341,wms_ssim_mbh8m256_m8_tau1_rdoq,wms_ssim_mbh8m256_m8,ms_ssim,hutchblock,block,1,256,0.0,1,m/16 if sigma>0 else 1,none,99.5,per_plane,1,24,"22,27,32,37",0.5819079768013066,0.5523463474411979,0.34611871037560266,0.2724610636948727,0.3012628136012297,0.1247634537330539,0.5282864413164908,0.9667331744567784,0.20233775435800164,0.1548219128489394,0.0896925668525191
vvc_rdo_ms_ssim_mbh8m256_m8_20260928_164341,wms_ssim_mbh8m256_m8_tau2_rdoq,wms_ssim_mbh8m256_m8,ms_ssim,hutchblock,block,2,256,0.0,1,m/16 if sigma>0 else 1,none,99.5,per_plane,1,24,"22,27,32,37",0.3365010205952775,0.3169032249074684,0.1986592075486381,0.11352304428096187,-0.07804931516273567,-0.7758867914878605,0.28324387416640007,0.26067681252612784,0.0017098681393050892,-0.051954782155243705,-0.18987185377624716
vvc_rdo_ms_ssim_mbh8m256_m8_20260928_164341,wms_ssim_mbh8m256_m8_tau4_rdoq,wms_ssim_mbh8m256_m8,ms_ssim,hutchblock,block,4,256,0.0,1,m/16 if sigma>0 else 1,none,99.5,per_plane,1,24,"22,27,32,37",0.17495938827635596,0.16407857323681627,0.07725398075657114,0.04105683431893566,-0.12379990128243469,-0.5633820646567927,0.15085320403031982,0.16104912188169793,-0.04672495302417331,-0.08057633497240192,-0.1563722471135722
vvc_rdo_ms_ssim_mbh8m256_m4_20260928_170031,wms_ssim_mbh8m256_m4_tau0.0625_rdoq,wms_ssim_mbh8m256_m4,ms_ssim,hutchblock,block,0.0625,256,0.0,1,m/16 if sigma>0 else 1,none,99.5,per_plane,1,24,"22,27,32,37",0.6675371457894532,0.6001363727763193,-1.1445786223037764,-1.5026561568056735,-0.15845740809085768,0.034251118002646574,0.5217642611054248,0.014437413379650432,-0.47180054166742247,-0.6032405012005291,-0.6716089192586464
vvc_rdo_ms_ssim_mbh8m256_m4_20260928_170031,wms_ssim_mbh8m256_m4_tau0.03125_rdoq,wms_ssim_mbh8m256_m4,ms_ssim,hutchblock,block,0.03125,256,0.0,1,m/16 if sigma>0 else 1,none,99.5,per_plane,1,24,"22,27,32,37",0.7109918227526434,0.6228678536733737,-1.0243170277811584,-1.4044449239198482,-0.17875591674304384,-0.6763114396545292,0.4966521271878484,0.08909045272790285,-0.4773867296701105,-0.6230499128187869,-0.6700105047556068
vvc_rdo_ms_ssim_mbh8m256_m8_20260928_180641,wms_ssim_mbh8m256_m8_tau0.25_rdoq,wms_ssim_mbh8m256_m8,ms_ssim,hutchblock,block,0.25,256,0.0,1,m/16 if sigma>0 else 1,none,99.5,per_plane,1,24,"22,27,32,37",0.8678074693479495,0.8278680351934454,0.5521510429346542,0.46627775441557,0.5435978657803556,-0.5222749971675512,0.7498713917392069,1.2230838617194206,0.42259729016318337,0.3673447181237308,0.2687335074359513
vvc_rdo_ms_ssim_mbh8m256_m8_20260928_180641,wms_ssim_mbh8m256_m8_tau0.125_rdoq,wms_ssim_mbh8m256_m8,ms_ssim,hutchblock,block,0.125,256,0.0,1,m/16 if sigma>0 else 1,none,99.5,per_plane,1,24,"22,27,32,37",0.9434934328124487,0.9030709801839657,0.6706295092711617,0.5496063433713172,0.5515862164112868,-0.21686548061275598,0.8264485555436112,0.9915738759295046,0.4153466744076651,0.34439722132433803,0.20613110346024377
